iHLD LoP ID,Nama Proyek,Port Plan,Port Real,Total BOQ,Capex per Port,Area TSEL,Regional TSEL,Branch TSEL,PT,Mitra,Prioritas per Branch,Cek WO,Flag,cek go live 1 sept,cek drop PT2,flag,Bracnh Fokus,Prioritas 20 Branch,Cek 115K,Status Kontruksi,Status Material,Plan K12,Plan K24,Plan ETA,Plan GL,Grouping Kendala,Keterangan,,Status GD TA,Status GL,Plan GL xl,Keterangan,PORT AANWIJZING,NILAI WO+IZIN/QE+REDESAIN,CPP
13195324,"BOO,PCM,FEEDERISASI PCM 10 LOP MD,2026",440,  -   ,829336424,1.884.855.509,AREA 2,EASTERN JABOTABEK,BEKASI,PT3,Telkom Akses,4,25. PT3/Batch 8 thp 2,Prio September,NY Go Live,0,Y,y,20 Branch,#N/A,01. Persiapan,Ready,,,,21/09/2026,,"14/09/26 : Proses perijinan
09/09/26 : Survey Jalur untuk desaign baru
07/09/26 : Survey ulang oleh mitra
- Planning rubah designator dari kt ke ku setelah survey terdapat banyak HH eksisting
07/09/26 : Ploting Mitra
04/09/26 : Ploting Mitra
31/08/26 : Planning koordinasi kembali dengan PM untuk mitra Eksisting
24/08/26 : Hasil planning survey di hari kamis sudah ada hasil
21/08/2026 : rilis NDE proses survei dan ploting mitra",,03. OGP Instalasi,00. Ny Golive,21/09/2026,,,,
13229308,"BKS,PKY,TRE RESIDENCE,2026B",48,  48 ,28589002,5.956.042.083,AREA 2,EASTERN JABOTABEK,BEKASI,PT3,Telkom Akses,3,25. PT3/Batch 8 thp 2,Prio September,NY Go Live,0,Y,y,20 Branch,#N/A,05. Go Live,Ready,,,,,,"13/09/26 : Golive
11/09/26 : Planning Jumper hari ini
09/09/26 : Done penyerahan prelim
07/09/26 : Penyerahan Prelim dan pickup material
- Planning instalasi besok
07/09/26 : Proses pencairan prelim di mitra dan Pickup material
02/09/26 : Bakp dan survai done ✅
- Nilai perijinan 1,5, dan pemasangan  8 cctv cover dari TA, wifi gratis  dari TseL
01/09/26 : BAKP Done
31/08/26 : Pihak lingkungan meminta pemasangan cctv untuk 9 titik
27/08/26 : Pihak develop belum bisa di temui
26/08/26 : Survey dan perijinan
26/08/26 : BKS,KLB,CLUSTER SELASAR MADINA,2026B7
26/08/26 : Survey dan perijinan
24/08/26 : ""24/08/2026 : Hari ini planing untuk penujukan mitra, dimaksimalkan hari kamis sudah ada hasil dari survey 
""
21/08/2026 : rilis NDE proses survei dan ploting mitra",,04. Finish Instalasi,01. Golive,18/09/2026,,,,
13287165,"BKS,KLB,CLUSTER SELASAR MADINA,2026B7",48,  48 ,27128108,5.651.689.167,AREA 2,EASTERN JABOTABEK,BEKASI,PT3,Telkom Akses,2,25. PT3/Batch 8 thp 2,Prio September,NY Go Live,0,Y,y,20 Branch,#N/A,05. Go Live,Ready,,,,,,"12/09/26 : Golive
11/09/26 : Planning jumper ODP dan proses kompulir valid 4
09/09/26 : Penarikan dan pemasangan tiang
07/09/26 : Penyerahan Prelim dan pickup material
- Planning instalasi besok
07/09/26 : Menunggu approve DID
31/08/26 : Jalur untuk ke arah ODC masih terdampak utilitas , karna untuk utilitasnya masih terkendala di berhentikan oleh pihak walikota
27/08/26 : Jalur untuk ke arah ODC masih terdampak utilitas , karna untuk utilitasnya masih terkendala di berhentikan oleh pihak walikota
24/08/26 : ""24/08/2026 : Hari ini planing untuk penujukan mitra, dimaksimalkan hari kamis sudah ada hasil dari survey 
""
21/08/2026 : rilis NDE proses survei dan ploting mitra",,04. Finish Instalasi,01. Golive,18/09/2026,,,,
13146741,"KWA,CKP,BATIK KARAWANG,2026B6",104,  -   ,130626880,1.256.027.692,AREA 2,EASTERN JABOTABEK,KARAWANG,PT3,Telkom Akses,1,25. PT3/Batch 8 thp 2,Prio September,NY Go Live,0,Y,y,20 Branch,#N/A,01. Persiapan,Ready,,,,21/09/2026,,"14/09/26 : Proses pencairan PP di mitra, target lusa sudah cair
07/09/26 : Done perijinan
- Proses pencairan prelim oleh mitra
- Tarikan 3300 M, Tiang 45 , ODP 14
07/09/26 : Followup ulang perijinan
04/09/26 : Followup ulang perijinan
01/09/26 : Planning bertemu untuk nesgosiasi perijinan
31/08/26 : Pihak lingkungan meminta pemasangan cctv untuk 9 titik
31/08/26 : Followup ulang perijinan
27/08/26 : Perijinan ulang kembali
26/08/26 : Perijinan ulang kembali
24/08/26 : 24/08/2026 : Planing survey , dimakasimalkan kamis sudah ada untuk hasil surveynya
21/08/2026 : rilis NDE proses survei dan ploting mitra",,01. Persiapan,01. Golive,21/09/2026,,,,
13312543,"BKS,BEK,Gr Surya Estate,2026",232,  -   ,435275589,1876188,AREA 2,EASTERN JABOTABEK,BEKASI,PT3,Telkom Akses,1,24. PT3/Batch 8 thp 1,Prio September,NY Go Live,0,Y,y,20 Branch,#N/A,04. Finish Instalasi,Ready,,,,18/09/2026,,"9/9/2026 : GOlive parsial 9 ODP 
16/09/26 : Pekerjaan HH belum selesai, ODP sudah terpasang semua.. done pararel golive 9 ODP
14/09/26 : ODP sudah terpasang 18
07/09/26 : Bon material kabel untuk penarikan  1.4 KM dan ODP
- HH akses sudah terinstal 100 dari 211
07/09/26 : pemasangan hh akses sudah 86 Batang dari 211
04/09/26 : pemasangan hh akses sudah 86 Batang dari 211
04/09/26 : pemasangan hh akses sudah 86 Batang dari 211
04/09/26 : pemasangan hh akses sudah 86 Batang dari 211
04/09/26 : pemasangan hh akses sudah 86 Batang dari 211
02/09/26 : Jalur distribusi done ✅
- Instalasi HH  74 dari 211
02/09/26 : Jalur distribusi done ✅
- Instalasi HH  74 dari 211
01/09/26 : Pemasangan jalur distribusi dan HH
31/08/26 : Pemasangan HH sudah 42 
- Jalur HDPE 980 M dari 1400 M
29/08/26 : Proses Instalasi jalur distribusi dan pembuantan HH akases
27/08/26 : Pembangunan jalur distribusi dan pembangunan HH sudah 28 dari 211 HH
26/08/26 : Pemasangan jalur distribusi dan HH akses
24/08/26 : 24/08/2026 : Progres untuk jalur akses  ada penambahan 400 M
21/08/26 : HDPE sudah terpasangan 750  M, dan hh sudah terpasang 16 Pcs
20/08/26 : Instalasi galian sudah 300 M dari 1400
12/08/26 : Proses pengambilan dan pengiriman material
10/08/26 : Creat PID, Planing instalasi 13 agustus plan FI 30 agustus plan GL31 agustus  ( Tarikan KU 600 M, Galian 1.400 M )
07/08/2026 : rilis NDE proses survei dan ploting mitra",,04. Finish Instalasi,00. Ny Golive,18/09/2026,,,,
12989449,"BOO,PCM,APC-SINAR MUTIARA RESD,2026B5",40,  -   ,25611454,"640286,35",AREA 2,EASTERN JABOTABEK,BEKASI,PT3,Telkom Akses,6,8. PT3/Batch 4b thp 2,Prio September,NY Go Live,0,Y,y,20 Branch,#N/A,0. Drop DBP,,,,,,,"04/06/2026 : Usulan untuk Desain Feeder sudah di buatkan untuk kendala Feeder
03/05/2026 : FEEDER PENUH
29/05/2026 : Proses survey ulang, untuk titk putus dan perijinannya
28/05/2026 : Redesign kendala Core Catuan Feeder Usulan Habis sehingga harus pindah Catuan Feeder
25/05/2026 : Hari ini proses survey untuk pengukuran titik sambung
2105/2026 : Perlu survey ulang karna terkendala feeder full
18/05/2026 : Perlu survey ulang karna terkendala feeder full
12/05/2026 : Proses creat pid dan imon
Batch baru Lanjur survei 
11/05/2026 : Proses creat pid dan imon
Batch baru Lanjur survei ",,00. DROP,00. Ny Golive,DROP,,,,
12417267,"BOO,SPL,APC-BALI RESORT EXTENTN,MD1TSEL",72,  72 ,160983607,2.235.883.431,AREA 2,EASTERN JABOTABEK,BOGOR,PT3,Telkom Akses,2,3. PT3/Batch 2,Prio September,NY Go Live,0,Y,y,20 Branch,#N/A,05. Go Live,Ready,,,,,,"01/09/26 : GOLIVE ALL ODP
01/09/26 : Proses kompulir valid 4
31/08/26 : proses penyambungan untuk odp dan closure untuk cluster uluwatu
- Untuk Clusture tabanan propos di next WO
27/08/26 : Galian sudah berjalan 200 M untuk HH akses
26/08/26 : Instalasi HH akses
24/08/26 : 24/08/2026 : Proses instalasi arah dalam untuk Klaim galian 2 KM
24/08/26 : 24/08/2026 : Proses instalasi arah dalam untuk Klaim galian 2 KM
21/08/26 : Penarikan KU 700 M dari 2.3 Km
20/08/26 : Planning hari ini untuk penarikan KU 2.3 Km
18/08/26 : pengambilan material
03/08/2026 : Proses BAKP progres ke paguyuban, proses pembayaran 
 Untuk kelengkapan Perinciaan Ba kurang Approval dari Tsel, Pararel proses pickup delivery
09/06/20226 : PERSIAPAN MATERIAL
06/08/26 : persiapan proses pencairan prelim  Senin Planning pickup material plan FI 15 agustus dan GL 16 agustus
03/08/2026 : Proses BAKP progres ke paguyuban, proses pembayaran 
 Untuk kelengkapan Perinciaan Ba kurang Approval dari Tsel, Pararel proses pickup delivery
09/06/20226 : PERSIAPAN MATERIAL
12/08/26 : Visit dengan Mitra , mennnggu prelim di bayarkan minggu ini
10/08/26 : Visit dengan Mitra , target prelim di bayarkan minggu ini  Rute galian 2000 M , KU 200 M, 9 ODP pedestal 5 ODP solid plan GL 31 agustus plan FI 30 agustus
06/08/26 : persiapan proses pencairan prelim  Senin Planning pickup material plan FI 15 agustus dan GL 16 agustus
03/08/2026 : Proses BAKP progres ke paguyuban, proses pembayaran 
 Untuk kelengkapan Perinciaan Ba kurang Approval dari Tsel, Pararel proses pickup delivery
30/07/2026 : Draft BA rinciang untuk did sudah selesai, proses permintaan tanda tangan ke RT dan RW sambil proses penyelesain BAKP
27/07/2026 : NPD meminta rincian dari nominal nilai peijinan 35 Juta , tapai belum dikirim perinciannya.. 
24/07/2026 : Sudah Review DID, persipan pembayaran prelim 
23/07/2026 :Menunggu Review DID untuk confrim penambahan prelim 35 Juta dan ada redesain
20/07/2026 : Menunggu review dengan did untuk approval penambahan prelim
17/07/2026 : REVIEW DID
16/07/2026 : sudah proses perijinan dengan pihak paguyuban , poin point yang diajukan paguyuban sudah disiapkan , menuggu feedback di hari rabu 22 Juli 2026 
13/07/2026 : adanya penjadwal ulang untuk pertemuan dengan lingkungan hari ini jam 7 malam
10/07/2026 : akan kunjungan tsel jam 7 malam terkait perizinan dengan deploper
09/07/2026 : Hari ini proses negosiasi ulang dengan Tsel dan paguyuban
08/07/2026 :   Akan di bahas kembali dengan tsel tgl 09
06/07/2026 :   Masih menunggu update dari Tsel untuk perijinan terkait pemenuhan keinginan dari lingkungan , untuk wifi gratis 3 tahun
02/07/2026 : Masih menunggu update dari Tsel untuk perijinan terkait pemenuhan keinginan dari lingkungan
30/06/2026 : MENUNGGU INFO PKS DARI TSEL
29/06/2026 : Masih menunggu update dari Tsel untuk perijinan terkait pemenuhan keinginan dari lingkungan
26/06/2026 : MENUNGGU INFO TSEL TERKAIT PERIZINAN
25/06/2026 : Masih di Followup oleh cam terkait keinginan dari lingkungan
25/06/2026 : Masih di Followup oleh cam terkait keinginan dari lingkungan
24/06/2026 : MENUNGGU INFO TSEL TERKAIT PERIZINAN
23/06/2026 :  FU TSEL UNTUK PENGAJUAN PERMINTAAN LINGKUNGAN
22/06/2026 : Belum ada Followup dari tsel teerkait permintaan dari paguyuban
19/06/2026 : Permintaan khsus dari lingkungan , perlu FU daru cam. dan akan dijadwalakn untuk konsolidasi Perlu
18/06/2026 : Permintaan khsus dari lingkungan , perlu FU daru cam. dan akan dijadwalakn untuk konsolidasi Perlu
Pembaharuan PKS
17/06/2026 : PERLU FU TSEL & CAM UNTUK PERMINTAAN LINGKUNGAN
16/06/2026 :  Miscom antar paguyuban dan develop, develop tidak menyampaikan informasi ke paguyuban..dan ada permintaan khusus suport Tenda untuk acara khusus di lingkungan
11/06/2026 :  Negosiasi dengan cam terkait Free wifi sudah deal tapi berubah menjadi nominal uang free wifi untuk 1 tahun kisaran nominal ( 5 sampai 7 Juta )
08/06/2026 : Proses pengajuan perijinan kerja ke develop dan , remaind kembali terkait free wifi ke camnya
04/06/2026 : Develop ingin ada pengajuan untuk Free wifi , dan masih proses diskusi dengan camnya
03/06/2026 : VALIDASI CORE EXISTING UNTUK PLAN CLUSTER TABANAN,DAN ADA PERMINTAAN FREE WIFI DARI DEPLOPER,DI FU CAM & TSEL BOGOR)
02/06/2026 : VALIDASI CORE EXISTING UNTUK PLAN CLUSTER TABANAN,DAN ADA PERMINTAAN FREE WIFI DARI DEPLOPER,DI FU CAM & TSEL BOGOR)
9/05/2026 :  Menunggu BA dari develop terkait agar pekerjaan bisa segera di lakukan di lapangan, disolusikan  untuk pembuatan draft BA di buatkan oleh TA dan dilanjutkan untuk APprovenya oleh Developer
25/05/2026 : Develop setuju untuk tidak membangun ODC, tapi masih menunggu keputusan dari Develop. ada diskui ulang terkait cluster tabanan tidak boleh melewati jalur bulevard
20/05/2026 : Janji temu dengan Develop terkait penambahn ODC
18/05/2026 : Permintaan develop yang baru untuk negosiasi dengan develop yg baru dengan cam, dan ada permintaan penambahan odc agar tarikan tidak dari luar
11/05/2026 : Pengajuan untuk prangkat telkom agar dipindah ke dalam cluster tersebut ( pembuatan ODC baru )
09/05/2026 : PROSES PENGHITUNGAN HHAKSES DENGAN TIF AREA (PAK ASETI) KARENA REQUEST HH DARI DEVELOPER
07/05/2026 : Perlu review ulang dengan Tif Ed ( pak asesti ) terkait Designator HH 20
06/05/2026 : PROSES PENGHITUNGAN HHAKSES DENGAN TIF AREA (PAK ASETI) KARENA REQUEST HH DARI DEVELOPER
04/05/2026 : Kendala untuk diskusi harga  HH sesuai dengan permintaa devloper
30/04/2026 : PErizinan ulang , ada permintaan tambahan dari lingkungan
27/04/2026 : Masih proses pengajuan nilai prelim 
24/04/2026 : Proses pengajuan pembayaran prelim ke pihak develop dan RT/Rw
07/04/2026 : PROSES TTD BA REDESIGN (POSISI DID)
12/03/2026 : APPROVAL ED,REDESAIN JALUT SPBT
03/03/2026 : REDESAIN,CATUAN FBD SPL,ROLLBACK,KENAIKAN NILAI BOQ
24/02/2026 : PENGUSUTAN FEEDER,REROUTE CATUAN ODC LAIN,PLAN FDB SPL
19/02/2026 : MASIH MENCARI ALTERNATIF FEEDER DAN PLAN TERLEBIH DAHULU
18/02/2026 : TERKENDALA CORE IDLE/FEEDER FULL
13/02/2026 : MENUNGGU DESIGN DARI ODCSPLFAF (DAN PENAMBAHAN JUMLAH ODP)
11/02/2026 : SURVEY TEKNIS,CORE FEEDER PENUH,NEED PELURUSAN,KORDINASI DENGAN HSA
04/;02/2025 : PROSSES ROLLBACK
28/01/2026 : REDESAIN,CEK CORE & CATUAN IDLE
08/01/2026 : PERLU PERSIAPAN MITRA & TERKAIT DESAIN DAN JASA MATERIAL HHA & ODP",,04. Finish Instalasi,01. Golive,18/09/2026,,,,
12205450,"BOO,CSE,TLGA KHRIPAN CL CNDRALKA,MD1TSEL",168,  168 ,116481582,"693342,75",AREA 2,EASTERN JABOTABEK,BOGOR,PT3,Telkom Akses,1,3. PT3/Batch 2,Prio September,NY Go Live,0,Y,y,20 Branch,#N/A,05. Go Live,Ready,-,-,,,,"24/08/2026 : Desaign Fix pakai yg baru , proses perijinan untuk penambahan tiang  untuk tanam 4 tiang
20/08/26 : Pelurursan core idle untuk distribusi
12/08/26 : Kendala belum tembus core Feeder sampai ke ODC FF karna tidak layak akibat gamas, (planning di usulkan untuk tambah tarikan baru KU 700 M sebagai feeder dengan bantuan CL dari FE ke FF)
6/08/26 : Progress Penarikan Kabel (Kenaikan Nilai Boq =10%)",,04. Finish Instalasi,01. Golive,Done,,,,
12736991,"SKB,SKB,FTTH,MD_CIJUREY,160HP",160,  -   ,157683860,985.524.125,AREA 2,EASTERN JABOTABEK,BOGOR,PT3,Telkom Akses,5,4. PT3/Batch 3,Prio Agustus,NY Go Live,0,Y,y,20 Branch,PT3,0. Drop DBP,,,,,,,28/01/2026 = drop info dari tsel itu dari AI,,00. DROP,00. Ny Golive,DROP,,,,
11667596,"BKS,STN,Griya Artha Sukamanah,MD1TSEL",160,  -   ,162808168,"1017551,05",AREA 2,EASTERN JABOTABEK,KARAWANG,PT3,Telkom Akses,6,3. PT3/Batch 2,Prio Agustus,NY Go Live,0,Y,y,20 Branch,PT3,0. Drop DBP,,,,,,,"21/05/2026 : Tsel confrim drop terkait kendala perijinan warga
12/05/2026 : Tidak dapat izin dari lingkungan
11/05/2026 : Pararel masih melakukan negosiasi terkait perijinan penanaman tiang dengan warga
07/05/2025 : Salah satu RT ( RT01) , tidak menyetujui untuk adanya penanaman tiang. dan estimasi persetujuan di hari senin
04/05/2026 : sirkulir Ba perijinan untuk penanaman tiang dengan warga untuk tarikan pekerjaan 3 KM
30/04/2026 : Masih menunggu proses pergatian pengurus jadi terkendala untuk pembayaran prelim, serta ada kendala terkait penanaman tiang oleh warga. maksimal kepastian pekerjaan bisa dilanjut atau tidak Tgl 15 Mai 2026
29/04/2026 : sekertaris rw mengundurkan diri, jadi izin ulang
27/04/2026 : Masis proses pembayaran prelim, kendala dikarekan pergantian pengurusan di area lingkungan tersebut menghambat proses pembayaran prelim
24/04/2026 : memastikan Perizinan di paguyupan , dan untuk pengajuan DRM ulang terkait redesain baru bisa di ajukan setelah memastikan perizinan di paguyuban selesai
23/04/2026 : Penambahan Prelim 18 Juta, dari paguyupan ada permintaan penambahan yg sebelumnya 17 Juta. Pencairan CC sudah di proses dan sudah di followup ke finance Ta bellum ada jawaban. dan ada kendala di lingkungan terkait perizinan ulang di lingkungan karna sekdes sebagai penghubung resain
07/04/2026 - pengurus rw  masih di kampung, minta hari selasa tgl 14 untuk konfirmasi ulang ke pengurus rw
01/04/2026 - pengurus rw  masih di kampung, minta hari selasa tgl 7 untuk konfirmasi ulang ke pengurus rw 31/03/2026 -  Progress Di Stop Lingkungan, Paguyuban meminta kompensasi tambahan 18Juta Rupiah, dan Lingkungan mengizinkan kita untuk membangun seluruh area cluster, (Redesign dengan jumlah ODP 27, dan Design ODC Less) , proses cek feeder done, Proses DRM Ulang ok. 
RW meminta pembangunan setelah lebaran, (Proses pencairan prelim oleh mitra). 
10/03/2026 - Konfirm utk pelaksaan instalasi, info RW meminta pekerjaan di lanjut setelah lebaran karena untuk menjaga kondusifitas keamanan di lingkungan.
09/03/2026 - Info PED Mba Vidya pada saat huddle silahkan di lanjut utk ordernya.
07/03/2026 - Proses DRM Ulang sedang di review oleh PED
05/03/2026 - Proses DRM Ulang sedang di review oleh PED
03/03/2026 - Redesign kembali ke ODC-STN-FG. Proses drm ulang
01/03/2026 - Lanjut proses pencekan core iddle di closure existing, closure tidak ketemu
29/02/2026 - Proses pengecekan core di closure existing
27/02/2026 - Design ulang penambahan odp baru dan pararel drm ulang 
25/02/2026 - Masih menunggu titik kordinat odp plan tambahan dari dari mas bagus 24/02/2026 - Team mas bagus ke lokasi untuk menentukan titik kordinat plan odp penambahan untuk redesign  20/02/2026 - Permintaan kompensasi tambahan 18jt Rupiah, perlu redesign ulang untuk tambahan tiang dan odp serta drm ulang.
16/02/2026 - Proses nego kompensasi tambahan ( permintaan awal 30jt )
14/02/2026 - Proses nego kompensasi tambahan ( permintaan awal 30jt ).
12/02/2026 - Kendala pekerjaan di stop warga, karena meminta tambahan kompensasi (proses nego dan fu kembali).
10/02/2026  - Kendala pekerjaan di stop warga, karena meminta tambahan kompensasi (proses nego dan fu kembali).
08/02/2026 - Kendala pekerjaan di stop warga, karena meminta tambahan kompensasi (proses nego dan fu kembali).
06/02/2026 - Kendala pekerjaan di stop warga, karena meminta tambahan kompensasi (proses nego dan fu kembali).
04/02/2026 - Kendala pekerjaan di stop warga, karena meminta tambahan kompensasi (proses nego dan fu kembali).
03/02/2026 - Proses pelubangan Tiang 
27/01/2026 - hari ini penyerahan prelim ke rw dan pararel list material 
20/01/2026  - pak rw masih belum respon 
13/01/2026 - masih koordinasi ke pak rw untuk perijinan  untuk pembangunan 
05/01/2026 - proses instalasi menunggu info dari lingkungan
28/10/2026 - pekerjaan di stop oleh paguyuban tunggu sampai pulang ketua paguyuban dari luar kota 24/10/2025 pelubangan tiang  dan pekerjaan di stop oleh paguyuban tunggu persetujuan dari mereka
21/10/2025 pengambilan material ke wh cibitung  
17/10/2025 penyerahan prelim 20/10/2025 
10/10/2025 penyerahan prelim di usahakan sebelum tgl 16  sudah diserahkan  
07/10/2025 - Penyerahan prelim berbarengan dengan progress, estimasi Tanggal 16 Oktober 2025
30/09/2025 - tunggu update penyerahan sitac tgl 06/10/2025 
29/09/2025 - approve IHLD, SUBMIT EPROPOSAL
04/09/2025 - Pending Order - Need re-polygon (INFO MBA ARDANESIA)
01/09/2025 - redisign belum diapproval PED
29/08/2025 - ihld Pending Order - Need re-polygon (PED)
19/08/2025 - cek IHLD status masih di approval PED
24/07/2025 - Permintaan kompensasi dari Lingkungan untuk lingkungan Total Rp 17juta",,00. DROP,00. Ny Golive,DROP,,,,
11529563,"BKS,BBL,PESONA BELLA CASA,MD1TSEL",152,  -   ,103945269,6.838.504.539,AREA 2,EASTERN JABOTABEK,KARAWANG,PT3,Telkom Akses,7,1. PT3/Batch 1,Prio Agustus,NY Go Live,0,Y,y,20 Branch,PT3,0. Drop DBP,,,,,,,"25/02/2026 : Done BA DROP
15/01/2026 :  kendala teknis (feedernya full)
15/01/2026 : Redaman Feeder Tinggi
14/07/2025  Redaman Feeder Tinggi",,00. DROP,00. Ny Golive,DROP,,,,
11529563,"BKS,BBL,PESONA BELLA CASA,MD1TSEL",152,  -   ,103945269,6.838.504.539,AREA 2,EASTERN JABOTABEK,KARAWANG,PT3,Telkom Akses,8,3. PT3/Batch 2,Prio Agustus,NY Go Live,0,Y,y,20 Branch,PT3,0. Drop DBP,,,,,,,"25/02/2026 : Done BA DROP
15/01/2026 :  kendala teknis (feedernya full)
15/01/2026 : Redaman Feeder Tinggi
14/07/2025  Redaman Feeder Tinggi",,00. DROP,00. Ny Golive,DROP,,,,
12505848,"SKB,SKB,FTTH,MD_CIREUNGHAS-GERBTNG,144HP",144,  -   ,248098038,1.722.903.042,AREA 2,EASTERN JABOTABEK,BOGOR,PT3,Telkom Akses,9,4. PT3/Batch 3,Prio Agustus,NY Go Live,0,Y,y,20 Branch,PT3,0. Drop DBP,,,,,,,28/01/2026 = drop info dari tsel itu dari AI,,00. DROP,00. Ny Golive,DROP,,,,
13001922,"BOO,LWL,PT2EXP,AOi42602280331246035489c0",8,  -   ,1471514,"183939,25",AREA 2,EASTERN JABOTABEK,BOGOR,PT2,Telkom Akses,126,12. PT2/Batch 4 UNTSEL,Prio September,NY Go Live,0,Y,y,20 Branch,#N/A,05. Go Live,Ready,,,,,,,,,,#N/A,,,,
13096568,"BKS,LMA,PT2Expand,ODP-LMA-FS-51",8,  -   ,1839037,229.879.625,AREA 2,EASTERN JABOTABEK,KARAWANG,PT2,Telkom Akses,62,13. PT2/Batch 5,Prio September,NY Go Live,0,Y,y,20 Branch,#N/A,00. Propose Drop,,,,,,QE Repair Core,,,,,#N/A,,,,
13095020,"BKS,SMH,PT2Expand,ODP-SMH-FZ-040",8,  -   ,1421271,177.658.875,AREA 2,EASTERN JABOTABEK,KARAWANG,PT2,Telkom Akses,71,13. PT2/Batch 5,Prio September,NY Go Live,0,Y,y,20 Branch,#N/A,00. Propose Drop,,,,,,Core Feeder Habis,,,,,#N/A,,,,
13093224,"BKS,BGG,PT2Expand,ODP-BGG-FJF-12,2026B5",8,  -   ,1421271,177.658.875,AREA 2,EASTERN JABOTABEK,KARAWANG,PT2,Telkom Akses,72,13. PT2/Batch 5,Prio September,NY Go Live,0,Y,y,20 Branch,#N/A,00. Propose Drop,,,,,,"Irisan Cleansing Port 2,3 Jt",,,,,#N/A,,,,
13081507,"BKS,BGG,CIKIWUL,2026B5",8,  -   ,2044222,"255527,75",AREA 2,EASTERN JABOTABEK,KARAWANG,PT2,Telkom Akses,75,13. PT2/Batch 5,Prio September,NY Go Live,0,Y,y,20 Branch,#N/A,00. Propose Drop,,,,,,QE Repair Core,,,,,#N/A,,,,
13097188,"BKS,LMA,PT2Expand,ODP-LMA-FS-21",8,  -   ,1033402,"129175,25",AREA 2,EASTERN JABOTABEK,KARAWANG,PT2,Telkom Akses,79,13. PT2/Batch 5,Prio September,NY Go Live,0,Y,y,20 Branch,#N/A,00. Propose Drop,,,,,,QE Repair Core,,,,,#N/A,,,,
13097155,"BKS,LMA,PT2Expand,ODP-LMA-FS-13",8,  -   ,1033402,"129175,25",AREA 2,EASTERN JABOTABEK,KARAWANG,PT2,Telkom Akses,80,13. PT2/Batch 5,Prio September,NY Go Live,0,Y,y,20 Branch,#N/A,00. Propose Drop,,,,,,QE Repair Core,,,,,#N/A,,,,
13095033,"BKS,CIB,PT2Expand,ODP-CIB-FBK-28",8,  -   ,1421271,177.658.875,AREA 2,EASTERN JABOTABEK,KARAWANG,PT2,Telkom Akses,81,13. PT2/Batch 5,Prio September,NY Go Live,0,Y,y,20 Branch,#N/A,00. Propose Drop,,,,,,"Irisan Cleansing Port 2,3 Jt",,,,,#N/A,,,,
13098057,"BKS,BGG,EXPAND,ODP-BGG-FFR-10",8,  -   ,941710,"117713,75",AREA 2,EASTERN JABOTABEK,KARAWANG,PT2,Telkom Akses,24,16. PT2/Batch 6 thp 1,Prio September,NY Go Live,0,Y,y,20 Branch,#N/A,00. Propose Drop,,,,,,Duplikasi Order,,,,,#N/A,,,,
13118854,"BKS,BGG,PT2S ODP-BGG-FJH,2026",8,  -   ,2042818,"255352,25",AREA 2,EASTERN JABOTABEK,KARAWANG,PT2,Telkom Akses,32,16. PT2/Batch 6 thp 1,Prio September,NY Go Live,0,Y,y,20 Branch,#N/A,00. Propose Drop,,,,,,QE Repair Core,,,,,#N/A,,,,
13100207,"BKS,BGG,PT2Expand,BGG-FFR-06",8,  -   ,941710,"117713,75",AREA 2,EASTERN JABOTABEK,KARAWANG,PT2,Telkom Akses,38,16. PT2/Batch 6 thp 1,Prio September,NY Go Live,0,Y,y,20 Branch,#N/A,00. Propose Drop,,,,,,QE Repair Core,,,,,#N/A,,,,
13098249,"BKS,JBB,PT2Expand,ODP-JBB-FDC-67",8,  -   ,941710,"117713,75",AREA 2,EASTERN JABOTABEK,KARAWANG,PT2,Telkom Akses,43,16. PT2/Batch 6 thp 1,Prio September,NY Go Live,0,Y,y,20 Branch,#N/A,00. Propose Drop,,,,,,Duplikasi Order,,,,,#N/A,,,,
13120488,"BKS,CIB,PT2Expand,ODP-CIB-FAD-80",8,  -   ,941710,"117713,75",AREA 2,EASTERN JABOTABEK,KARAWANG,PT2,Telkom Akses,47,16. PT2/Batch 6 thp 1,Prio September,NY Go Live,0,Y,y,20 Branch,#N/A,00. Propose Drop,,,,,,"Irisan Cleansing Port 2,3 Jt",,,,,#N/A,,,,
13097700,"BKS,JBB,PT2Expand,ODP-JBB-FAL-48",8,  -   ,941710,"117713,75",AREA 2,EASTERN JABOTABEK,KARAWANG,PT2,Telkom Akses,50,16. PT2/Batch 6 thp 1,Prio September,NY Go Live,0,Y,y,20 Branch,#N/A,01. Persiapan,,,,,,Aanwijzing,,,,,#N/A,,,,
13098275,"BKS,BGG,PT2Expand,ODP-BGG-FGA-33",8,  -   ,941710,"117713,75",AREA 2,EASTERN JABOTABEK,KARAWANG,PT2,Telkom Akses,51,16. PT2/Batch 6 thp 1,Prio September,NY Go Live,0,Y,y,20 Branch,#N/A,00. Propose Drop,,,,,,QE Repair Core,,,,,#N/A,,,,
13122869,"BKS,BGG,PT2EXPAND,ODP-BGG-FFR10",8,  -   ,941710,"117713,75",AREA 2,EASTERN JABOTABEK,KARAWANG,PT2,Telkom Akses,53,16. PT2/Batch 6 thp 1,Prio September,NY Go Live,0,Y,y,20 Branch,#N/A,00. Propose Drop,,,,,,Duplikasi Order,,,,,#N/A,,,,
13122857,"BKS,BGG,PT2EXPAND,ODP-BGG-FFQ-41",8,  -   ,941710,"117713,75",AREA 2,EASTERN JABOTABEK,KARAWANG,PT2,Telkom Akses,54,16. PT2/Batch 6 thp 1,Prio September,NY Go Live,0,Y,y,20 Branch,#N/A,00. Propose Drop,,,,,,"Irisan Cleansing Port 2,3 Jt",,,,,#N/A,,,,
13097562,"BKS,BGG,PT2Expand,ODP-BGG-FS-102",8,  -   ,941710,"117713,75",AREA 2,EASTERN JABOTABEK,KARAWANG,PT2,Telkom Akses,57,16. PT2/Batch 6 thp 1,Prio September,NY Go Live,0,Y,y,20 Branch,#N/A,00. Propose Drop,,,,,,"Irisan Cleansing Port 2,3 Jt",,,,,#N/A,,,,
13139547,"BKS,CBG,Tambelang,2026B5",8,  -   ,2042818,"255352,25",AREA 2,EASTERN JABOTABEK,KARAWANG,PT2,Telkom Akses,58,16. PT2/Batch 6 thp 1,Prio September,NY Go Live,0,Y,y,20 Branch,#N/A,00. Propose Drop,,,,,,Core Distribusi Habis,,,,,#N/A,,,,
13139516,"BKS,CBG,Jalan Raya Lenggahjaya,2026B5",8,  -   ,2042818,"255352,25",AREA 2,EASTERN JABOTABEK,KARAWANG,PT2,Telkom Akses,59,16. PT2/Batch 6 thp 1,Prio September,NY Go Live,0,Y,y,20 Branch,#N/A,00. Propose Drop,,,,,,Core Distribusi Habis,,,,,#N/A,,,,
13098130,"BKS,BGG,PT2Expand,ODP-BGG-FA-35",8,  -   ,941710,"117713,75",AREA 2,EASTERN JABOTABEK,KARAWANG,PT2,Telkom Akses,66,16. PT2/Batch 6 thp 1,Prio September,NY Go Live,0,Y,y,20 Branch,#N/A,00. Propose Drop,,,,,,QE Repair Core,,,,,#N/A,,,,
13100425,"BKS,CIB,PT2EXPAND,ODP-CIB-FH-53",8,  -   ,941710,"117713,75",AREA 2,EASTERN JABOTABEK,KARAWANG,PT2,Telkom Akses,68,16. PT2/Batch 6 thp 1,Prio September,NY Go Live,0,Y,y,20 Branch,#N/A,00. Propose Drop,,,,,,"Irisan Cleansing Port 2,3 Jt",,,,,#N/A,,,,
13139590,"BKS,PBY,Sumberurip,2026B5",16,  -   ,3599318,224.957.375,AREA 2,EASTERN JABOTABEK,KARAWANG,PT2,Telkom Akses,70,16. PT2/Batch 6 thp 1,Prio September,NY Go Live,0,Y,y,20 Branch,#N/A,00. Propose Drop,,,,,,QE Repair Core,,,,,#N/A,,,,
13098131,"BKS,BGG,Expand,ODP-BGG-FFY-36",8,  -   ,941710,"117713,75",AREA 2,EASTERN JABOTABEK,KARAWANG,PT2,Telkom Akses,73,16. PT2/Batch 6 thp 1,Prio September,NY Go Live,0,Y,y,20 Branch,#N/A,00. Propose Drop,,,,,,"Irisan Cleansing Port 2,3 Jt",,,,,#N/A,,,,
13097213,"BKS,LMA,PT2Expand,ODP-LMA-FS-69",8,  -   ,1033402,"129175,25",AREA 2,EASTERN JABOTABEK,KARAWANG,PT2,Telkom Akses,76,16. PT2/Batch 6 thp 1,Prio September,NY Go Live,0,Y,y,20 Branch,#N/A,00. Propose Drop,,,,,,"Irisan Cleansing Port 2,3 Jt",,,,,#N/A,,,,
13097199,"BKS,LMA,PT2Expand,ODP-LMA-FS-39",8,  -   ,1033402,"129175,25",AREA 2,EASTERN JABOTABEK,KARAWANG,PT2,Telkom Akses,77,16. PT2/Batch 6 thp 1,Prio September,NY Go Live,0,Y,y,20 Branch,#N/A,00. Propose Drop,,,,,,"Irisan Cleansing Port 2,3 Jt",,,,,#N/A,,,,
13097197,"BKS,LMA,PT2Expand,ODP-LMA-FS-24",8,  -   ,1033402,"129175,25",AREA 2,EASTERN JABOTABEK,KARAWANG,PT2,Telkom Akses,78,16. PT2/Batch 6 thp 1,Prio September,NY Go Live,0,Y,y,20 Branch,#N/A,00. Propose Drop,,,,,,"Irisan Cleansing Port 2,3 Jt",,,,,#N/A,,,,
12424528,"KRW,PWK,PT2Expand,ODP-PWK-FFB-025",8,  -   ,1373271,171.658.875,AREA 2,EASTERN JABOTABEK,KARAWANG,PT2,Telkom Akses,12,2. PT2/Batch 1,Prio September,NY Go Live,0,Y,y,20 Branch,#N/A,00. Propose Drop,,,,,,"Irisan Cleansing Port 2,3 Jt",,,,,#N/A,,,,
13277558,ODP-PLR-FAD/014,8,  -   ,631957,78.994.625,AREA 2,EASTERN JABOTABEK,BOGOR,PT2,Telkom Akses,22,21. PT2/Batch 7 thp 3,Prio September,NY Go Live,0,Y,y,20 Branch,#N/A,00. Propose Drop,Ready,,,,,"Irisan Cleansing Port 2,3 Jt",,,,,#N/A,,,,
13277577,ODP-PLR-FAF/002,8,  -   ,631957,78.994.625,AREA 2,EASTERN JABOTABEK,BOGOR,PT2,Telkom Akses,24,21. PT2/Batch 7 thp 3,Prio September,NY Go Live,0,Y,y,20 Branch,#N/A,00. Propose Drop,,,,,,Duplikasi Order,,,,,#N/A,,,,
13277586,ODP-PLR-FAD/101,8,  8 ,631957,78.994.625,AREA 2,EASTERN JABOTABEK,BOGOR,PT2,Telkom Akses,29,21. PT2/Batch 7 thp 3,Prio September,NY Go Live,0,Y,y,20 Branch,#N/A,05. Go Live,Ready,,,,,,,,,,#N/A,,,,
13287098,ODP-PCM-FAA/02,8,  -   ,833797,104.224.625,AREA 2,EASTERN JABOTABEK,BEKASI,PT2,Telkom Akses,30,21. PT2/Batch 7 thp 3,Prio September,NY Go Live,0,Y,y,20 Branch,#N/A,00. Propose Drop,,,,,,"Irisan Cleansing Port 2,3 Jt",,,,,#N/A,,,,
13277599,ODP-PLR-FAE/059,8,  -   ,631957,78.994.625,AREA 2,EASTERN JABOTABEK,BOGOR,PT2,Telkom Akses,31,21. PT2/Batch 7 thp 3,Prio September,NY Go Live,0,Y,y,20 Branch,#N/A,01. Persiapan,Ready,,,,,,,,,,#N/A,,,,
13277681,ODP-PLR-FAJ/014,8,  -   ,631957,78.994.625,AREA 2,EASTERN JABOTABEK,BOGOR,PT2,Telkom Akses,32,21. PT2/Batch 7 thp 3,Prio September,NY Go Live,0,Y,y,20 Branch,#N/A,00. Propose Drop,Ready,,,,,"Irisan Cleansing Port 2,3 Jt",,,,,#N/A,,,,
13277684,ODP-PLR-FAJ/017,8,  -   ,631957,78.994.625,AREA 2,EASTERN JABOTABEK,BOGOR,PT2,Telkom Akses,33,21. PT2/Batch 7 thp 3,Prio September,NY Go Live,0,Y,y,20 Branch,#N/A,00. Propose Drop,Ready,,,,,"Irisan Cleansing Port 2,3 Jt",,,,,#N/A,,,,
13277685,ODP-PLR-FAJ/020,8,  -   ,631957,78.994.625,AREA 2,EASTERN JABOTABEK,BOGOR,PT2,Telkom Akses,34,21. PT2/Batch 7 thp 3,Prio September,NY Go Live,0,Y,y,20 Branch,#N/A,01. Persiapan,Ready,,,,,,,,,,#N/A,,,,
13277692,ODP-PLR-FAK/027,8,  -   ,631957,78.994.625,AREA 2,EASTERN JABOTABEK,BOGOR,PT2,Telkom Akses,37,21. PT2/Batch 7 thp 3,Prio September,NY Go Live,0,Y,y,20 Branch,#N/A,00. Propose Drop,,,,,,"Irisan Cleansing Port 2,3 Jt",,,,,#N/A,,,,
13277693,ODP-PLR-FAK/066,8,  8 ,631957,78.994.625,AREA 2,EASTERN JABOTABEK,BOGOR,PT2,Telkom Akses,38,21. PT2/Batch 7 thp 3,Prio September,NY Go Live,0,Y,y,20 Branch,#N/A,05. Go Live,Ready,,,,,,,,,,#N/A,,,,
13277697,ODP-PLR-FAS/042,8,  8 ,631957,78.994.625,AREA 2,EASTERN JABOTABEK,BOGOR,PT2,Telkom Akses,40,21. PT2/Batch 7 thp 3,Prio September,NY Go Live,0,Y,y,20 Branch,#N/A,05. Go Live,Ready,,,,,,,,,,#N/A,,,,
13280603,ODP-JPK-FAB/011,8,  -   ,631957,78.994.625,AREA 2,EASTERN JABOTABEK,BOGOR,PT2,Telkom Akses,43,21. PT2/Batch 7 thp 3,Prio September,NY Go Live,0,Y,y,20 Branch,#N/A,00. Propose Drop,Ready,,,,,"Irisan Cleansing Port 2,3 Jt",,,,,#N/A,,,,
13280607,ODP-JPK-FAB/013,8,  -   ,631957,78.994.625,AREA 2,EASTERN JABOTABEK,BOGOR,PT2,Telkom Akses,44,21. PT2/Batch 7 thp 3,Prio September,NY Go Live,0,Y,y,20 Branch,#N/A,00. Propose Drop,Ready,,,,,"Irisan Cleansing Port 2,3 Jt",,,,,#N/A,,,,
13280609,ODP-JPK-FAB/027,8,  -   ,631957,78.994.625,AREA 2,EASTERN JABOTABEK,BOGOR,PT2,Telkom Akses,45,21. PT2/Batch 7 thp 3,Prio September,NY Go Live,0,Y,y,20 Branch,#N/A,00. Propose Drop,Ready,,,,,"Irisan Cleansing Port 2,3 Jt",,,,,#N/A,,,,
13280612,ODP-JPK-FAB/030,8,  -   ,631957,78.994.625,AREA 2,EASTERN JABOTABEK,BOGOR,PT2,Telkom Akses,46,21. PT2/Batch 7 thp 3,Prio September,NY Go Live,0,Y,y,20 Branch,#N/A,00. Propose Drop,Ready,,,,,"Irisan Cleansing Port 2,3 Jt",,,,,#N/A,,,,
13280613,ODP-JPK-FAB/035,8,  -   ,631957,78.994.625,AREA 2,EASTERN JABOTABEK,BOGOR,PT2,Telkom Akses,47,21. PT2/Batch 7 thp 3,Prio September,NY Go Live,0,Y,y,20 Branch,#N/A,00. Propose Drop,Ready,,,,,"Irisan Cleansing Port 2,3 Jt",,,,,#N/A,,,,
13280684,ODP-JPK-FAB/026,8,  -   ,631957,78.994.625,AREA 2,EASTERN JABOTABEK,BOGOR,PT2,Telkom Akses,51,21. PT2/Batch 7 thp 3,Prio September,NY Go Live,0,Y,y,20 Branch,#N/A,01. Persiapan,Ready,,,,,,,,,,#N/A,,,,
13280834,ODP-JPK-FAB/085,8,  -   ,631957,78.994.625,AREA 2,EASTERN JABOTABEK,BOGOR,PT2,Telkom Akses,52,21. PT2/Batch 7 thp 3,Prio September,NY Go Live,0,Y,y,20 Branch,#N/A,00. Propose Drop,Ready,,,,,"Irisan Cleansing Port 2,3 Jt",,,,,#N/A,,,,
13280835,ODP-JPK-FAB/090,8,  -   ,631957,78.994.625,AREA 2,EASTERN JABOTABEK,BOGOR,PT2,Telkom Akses,53,21. PT2/Batch 7 thp 3,Prio September,NY Go Live,0,Y,y,20 Branch,#N/A,01. Persiapan,Ready,,,,,,,,,,#N/A,,,,
13280836,ODP-JPK-FAC/009,8,  -   ,631957,78.994.625,AREA 2,EASTERN JABOTABEK,BOGOR,PT2,Telkom Akses,54,21. PT2/Batch 7 thp 3,Prio September,NY Go Live,0,Y,y,20 Branch,#N/A,01. Persiapan,Ready,,,,,,,,,,#N/A,,,,
13280838,ODP-JPK-FAC/011,8,  -   ,631957,78.994.625,AREA 2,EASTERN JABOTABEK,BOGOR,PT2,Telkom Akses,55,21. PT2/Batch 7 thp 3,Prio September,NY Go Live,0,Y,y,20 Branch,#N/A,01. Persiapan,Ready,,,,,,,,,,#N/A,,,,
13280839,ODP-JPK-FAC/012,8,  -   ,631957,78.994.625,AREA 2,EASTERN JABOTABEK,BOGOR,PT2,Telkom Akses,56,21. PT2/Batch 7 thp 3,Prio September,NY Go Live,0,Y,y,20 Branch,#N/A,00. Propose Drop,Ready,,,,,"Irisan Cleansing Port 2,3 Jt",,,,,#N/A,,,,
13280847,ODP-JPK-FAD/020,8,  -   ,631957,78.994.625,AREA 2,EASTERN JABOTABEK,BOGOR,PT2,Telkom Akses,58,21. PT2/Batch 7 thp 3,Prio September,NY Go Live,0,Y,y,20 Branch,#N/A,01. Persiapan,Ready,,,,,,,,,,#N/A,,,,
13280850,ODP-JPK-FAG/044,8,  -   ,631957,78.994.625,AREA 2,EASTERN JABOTABEK,BOGOR,PT2,Telkom Akses,59,21. PT2/Batch 7 thp 3,Prio September,NY Go Live,0,Y,y,20 Branch,#N/A,01. Persiapan,Ready,,,,,,,,,,#N/A,,,,
13280892,ODP-JPK-FAB/109,8,  -   ,631957,78.994.625,AREA 2,EASTERN JABOTABEK,BOGOR,PT2,Telkom Akses,61,21. PT2/Batch 7 thp 3,Prio September,NY Go Live,0,Y,y,20 Branch,#N/A,01. Persiapan,Ready,,,,,,,,,,#N/A,,,,
13281095,ODP-JPK-FAG/070,8,  -   ,631957,78.994.625,AREA 2,EASTERN JABOTABEK,BOGOR,PT2,Telkom Akses,63,21. PT2/Batch 7 thp 3,Prio September,NY Go Live,0,Y,y,20 Branch,#N/A,01. Persiapan,Ready,,,,,,,,,,#N/A,,,,
13281097,ODP-JPK-FAG/082,8,  -   ,631957,78.994.625,AREA 2,EASTERN JABOTABEK,BOGOR,PT2,Telkom Akses,64,21. PT2/Batch 7 thp 3,Prio September,NY Go Live,0,Y,y,20 Branch,#N/A,01. Persiapan,Ready,,,,,,,,,,#N/A,,,,
13281098,ODP-JPK-FAH/044,8,  -   ,631957,78.994.625,AREA 2,EASTERN JABOTABEK,BOGOR,PT2,Telkom Akses,65,21. PT2/Batch 7 thp 3,Prio September,NY Go Live,0,Y,y,20 Branch,#N/A,01. Persiapan,Ready,,,,,,,,,,#N/A,,,,
13281102,ODP-JPK-FAK/021,8,  -   ,631957,78.994.625,AREA 2,EASTERN JABOTABEK,BOGOR,PT2,Telkom Akses,67,21. PT2/Batch 7 thp 3,Prio September,NY Go Live,0,Y,y,20 Branch,#N/A,00. Propose Drop,,,,,,Duplikasi Order,,,,,#N/A,,,,
13281103,ODP-JPK-FAL/001,8,  -   ,631957,78.994.625,AREA 2,EASTERN JABOTABEK,BOGOR,PT2,Telkom Akses,68,21. PT2/Batch 7 thp 3,Prio September,NY Go Live,0,Y,y,20 Branch,#N/A,01. Persiapan,Ready,,,,,,,,,,#N/A,,,,
13281104,ODP-JPK-FAL/021,8,  -   ,631957,78.994.625,AREA 2,EASTERN JABOTABEK,BOGOR,PT2,Telkom Akses,69,21. PT2/Batch 7 thp 3,Prio September,NY Go Live,0,Y,y,20 Branch,#N/A,01. Persiapan,Ready,,,,,,,,,,#N/A,,,,
13281106,ODP-JPK-FAL/028,8,  -   ,631957,78.994.625,AREA 2,EASTERN JABOTABEK,BOGOR,PT2,Telkom Akses,70,21. PT2/Batch 7 thp 3,Prio September,NY Go Live,0,Y,y,20 Branch,#N/A,01. Persiapan,Ready,,,,,,,,,,#N/A,,,,
13281111,ODP-JPK-FAL/127,8,  -   ,631957,78.994.625,AREA 2,EASTERN JABOTABEK,BOGOR,PT2,Telkom Akses,72,21. PT2/Batch 7 thp 3,Prio September,NY Go Live,0,Y,y,20 Branch,#N/A,01. Persiapan,Ready,,,,,,,,,,#N/A,,,,
13281113,ODP-JPK-FAP/010,8,  -   ,631957,78.994.625,AREA 2,EASTERN JABOTABEK,BOGOR,PT2,Telkom Akses,73,21. PT2/Batch 7 thp 3,Prio September,NY Go Live,0,Y,y,20 Branch,#N/A,00. Propose Drop,Ready,,,,,"Irisan Cleansing Port 2,3 Jt",,,,,#N/A,,,,
13281119,ODP-JPK-FAP/011,8,  -   ,631957,78.994.625,AREA 2,EASTERN JABOTABEK,BOGOR,PT2,Telkom Akses,74,21. PT2/Batch 7 thp 3,Prio September,NY Go Live,0,Y,y,20 Branch,#N/A,01. Persiapan,Ready,,,,,,,,,,#N/A,,,,
13281120,ODP-JPK-FAP/013,8,  -   ,631957,78.994.625,AREA 2,EASTERN JABOTABEK,BOGOR,PT2,Telkom Akses,75,21. PT2/Batch 7 thp 3,Prio September,NY Go Live,0,Y,y,20 Branch,#N/A,01. Persiapan,Ready,,,,,,,,,,#N/A,,,,
13281218,ODP-JPK-FAP/031,8,  -   ,631957,78.994.625,AREA 2,EASTERN JABOTABEK,BOGOR,PT2,Telkom Akses,78,21. PT2/Batch 7 thp 3,Prio September,NY Go Live,0,Y,y,20 Branch,#N/A,01. Persiapan,Ready,,,,,,,,,,#N/A,,,,
13281220,ODP-JPK-FAQ/009,8,  -   ,631957,78.994.625,AREA 2,EASTERN JABOTABEK,BOGOR,PT2,Telkom Akses,80,21. PT2/Batch 7 thp 3,Prio September,NY Go Live,0,Y,y,20 Branch,#N/A,00. Propose Drop,Ready,,,,,"Irisan Cleansing Port 2,3 Jt",,,,,#N/A,,,,
13281223,ODP-JPK-FAR/032,8,  -   ,631957,78.994.625,AREA 2,EASTERN JABOTABEK,BOGOR,PT2,Telkom Akses,83,21. PT2/Batch 7 thp 3,Prio September,NY Go Live,0,Y,y,20 Branch,#N/A,01. Persiapan,Ready,,,,,,,,,,#N/A,,,,
13281230,ODP-JPK-FAS/013,8,  -   ,631957,78.994.625,AREA 2,EASTERN JABOTABEK,BOGOR,PT2,Telkom Akses,84,21. PT2/Batch 7 thp 3,Prio September,NY Go Live,0,Y,y,20 Branch,#N/A,01. Persiapan,Ready,,,,,,,,,,#N/A,,,,
13281231,ODP-JPK-FAV/010,8,  -   ,631957,78.994.625,AREA 2,EASTERN JABOTABEK,BOGOR,PT2,Telkom Akses,85,21. PT2/Batch 7 thp 3,Prio September,NY Go Live,0,Y,y,20 Branch,#N/A,01. Persiapan,Ready,,,,,,,,,,#N/A,,,,
13281232,ODP-JPK-FAV/011,8,  -   ,631957,78.994.625,AREA 2,EASTERN JABOTABEK,BOGOR,PT2,Telkom Akses,86,21. PT2/Batch 7 thp 3,Prio September,NY Go Live,0,Y,y,20 Branch,#N/A,01. Persiapan,Ready,,,,,,,,,,#N/A,,,,
13281234,ODP-JPK-FAV/015,8,  -   ,631957,78.994.625,AREA 2,EASTERN JABOTABEK,BOGOR,PT2,Telkom Akses,87,21. PT2/Batch 7 thp 3,Prio September,NY Go Live,0,Y,y,20 Branch,#N/A,01. Persiapan,Ready,,,,,,,,,,#N/A,,,,
13282891,ODP-SPL-FHL/104,8,  -   ,833797,104.224.625,AREA 2,EASTERN JABOTABEK,BOGOR,PT2,Telkom Akses,117,21. PT2/Batch 7 thp 3,Prio September,NY Go Live,0,Y,y,20 Branch,#N/A,05. Go Live,Ready,,,,,,,,,,#N/A,,,,
12732063,"SKB,JPK,PT2,AOi42512081940521640cdfc0",8,  -   ,2571952,321494,AREA 2,EASTERN JABOTABEK,BOGOR,PT2,Telkom Akses,61,2. PT2/Batch 1,Prio Agustus,NY Go Live,0,Y,y,20 Branch,PT2,00. Propose Drop,,,,,,QE Repair Core,,,,,#N/A,,,,
11901344,"BOO,KHL,PT2 EXPAND RED,ODP-KHL-FCW-64",8,  -   ,1839037,229.879.625,AREA 2,EASTERN JABOTABEK,BOGOR,PT2,Telkom Akses,63,2. PT2/Batch 1,Prio Agustus,NY Go Live,0,Y,y,20 Branch,PT2,00. Propose Drop,,,,,,Core Distribusi Habis,,,,,#N/A,,,,
13204286,"SKB,CBD,PT2,ODP-CBD-FAE-049",8,  -   ,1040664,130083,AREA 2,EASTERN JABOTABEK,BOGOR,PT2,Telkom Akses,67,19. PT2/Batch 7 UNTSEL,Prio Agustus,NY Go Live,0,Y,y,20 Branch,PT2,05. Go Live,Ready,,,,,,,,,,#N/A,,,,
13202602,"BOO,KLU,PTExpand,ODP-KLU-FAL-039",8,  -   ,697141,87.142.625,AREA 2,EASTERN JABOTABEK,BOGOR,PT2,Telkom Akses,68,19. PT2/Batch 7 UNTSEL,Prio Agustus,NY Go Live,0,Y,y,20 Branch,PT2,05. Go Live,Ready,,,,,,,,,,#N/A,,,,
11342735,"TAN,RMP,PT2 WO008631118,iHLD,TSEL",8,  -   ,582207,72.775.875,AREA 2,EASTERN JABOTABEK,BOGOR,PT2,Telkom Akses,70,19. PT2/Batch 7 UNTSEL,Prio Agustus,NY Go Live,0,Y,y,20 Branch,PT2,05. Go Live,Ready,,,,,,,,,,#N/A,,,,
13198503,ODP-SKB-FFL/041,8,  -   ,643221,80.402.625,AREA 2,EASTERN JABOTABEK,BOGOR,PT2,Telkom Akses,71,18. PT2/Batch 6,Prio Agustus,NY Go Live,0,Y,y,20 Branch,PT2,00. Propose Drop,,,,,,QE Repair Core,,,,,#N/A,,,,
13200412,ODP-PKY-FJS/44,8,  -   ,568089,71.011.125,AREA 2,EASTERN JABOTABEK,BEKASI,PT2,Telkom Akses,75,18. PT2/Batch 6,Prio Agustus,NY Go Live,0,Y,y,20 Branch,PT2,00. Propose Drop,,,,,,Pelanggan >250m dari ODP (tidak ada dist eksisting),,,,,#N/A,Perizinan PU Nasional,,,
13208824,ODP-PPG-FAV/02,8,  -   ,886000,110750,AREA 2,EASTERN JABOTABEK,BOGOR,PT2,Telkom Akses,81,18. PT2/Batch 6,Prio Agustus,NY Go Live,0,Y,y,20 Branch,PT2,01. Persiapan,Ready,,,,,,,,,,#N/A,,,,
13198911,ODP-CLS-FCV/06,8,  -   ,1040142,"130017,75",AREA 2,EASTERN JABOTABEK,BOGOR,PT2,Telkom Akses,86,18. PT2/Batch 6,Prio Agustus,NY Go Live,0,Y,y,20 Branch,PT2,01. Persiapan,Ready,,,,,,,,,,#N/A,,,,
13198880,ODP-LWL-FG/54,8,  -   ,1040142,"130017,75",AREA 2,EASTERN JABOTABEK,BOGOR,PT2,Telkom Akses,90,18. PT2/Batch 6,Prio Agustus,NY Go Live,0,Y,y,20 Branch,PT2,01. Persiapan,Ready,,,,,,,,,,#N/A,,,,
13206638,ODP-RMP-FAF/76,8,  -   ,871520,108940,AREA 2,EASTERN JABOTABEK,BOGOR,PT2,Telkom Akses,93,18. PT2/Batch 6,Prio Agustus,NY Go Live,0,Y,y,20 Branch,PT2,00. Propose Drop,,,,,,"Irisan Cleansing Port 2,3 Jt",,,,,#N/A,,,,
13198634,ODP-DMG-FBH/17,8,  -   ,1040142,"130017,75",AREA 2,EASTERN JABOTABEK,BOGOR,PT2,Telkom Akses,94,18. PT2/Batch 6,Prio Agustus,NY Go Live,0,Y,y,20 Branch,PT2,01. Persiapan,Ready,,,,,,,,,,#N/A,,,,
13198689,ODP-GPI-FA/37,8,  -   ,1040142,"130017,75",AREA 2,EASTERN JABOTABEK,BOGOR,PT2,Telkom Akses,103,18. PT2/Batch 6,Prio Agustus,NY Go Live,0,Y,y,20 Branch,PT2,00. Propose Drop,Ready,,,,,"Irisan Cleansing Port 2,3 Jt",,,,,#N/A,,,,
13198356,ODP-CLS-FCD/30,8,  8 ,1040142,"130017,75",AREA 2,EASTERN JABOTABEK,BOGOR,PT2,Telkom Akses,104,18. PT2/Batch 6,Prio Agustus,NY Go Live,0,Y,y,20 Branch,PT2,05. Go Live,Ready,,,,,,,,,,#N/A,,,,
13197658,ODP-BOO-FEC/33,8,  -   ,1040142,"130017,75",AREA 2,EASTERN JABOTABEK,BOGOR,PT2,Telkom Akses,107,18. PT2/Batch 6,Prio Agustus,NY Go Live,0,Y,y,20 Branch,PT2,01. Persiapan,Ready,,,,,,,,,,#N/A,,,,
13198743,ODP-JGL-FQ/19,8,  -   ,1040142,"130017,75",AREA 2,EASTERN JABOTABEK,BOGOR,PT2,Telkom Akses,113,18. PT2/Batch 6,Prio Agustus,NY Go Live,0,Y,y,20 Branch,PT2,00. Propose Drop,Ready,,,,,"Irisan Cleansing Port 2,3 Jt",,,,,#N/A,,,,
13197775,ODP-KHL-FCF/73,8,  -   ,1040142,"130017,75",AREA 2,EASTERN JABOTABEK,BOGOR,PT2,Telkom Akses,123,18. PT2/Batch 6,Prio Agustus,NY Go Live,0,Y,y,20 Branch,PT2,00. Propose Drop,Ready,,,,,"Irisan Cleansing Port 2,3 Jt",,,,,#N/A,,,,
13197771,ODP-CBI-FED/14,8,  -   ,1040142,"130017,75",AREA 2,EASTERN JABOTABEK,BOGOR,PT2,Telkom Akses,124,18. PT2/Batch 6,Prio Agustus,NY Go Live,0,Y,y,20 Branch,PT2,01. Persiapan,Ready,,,,,,,,,,#N/A,,,,
13197731,ODP-CBI-FJP/69,8,  -   ,1040142,"130017,75",AREA 2,EASTERN JABOTABEK,BOGOR,PT2,Telkom Akses,125,18. PT2/Batch 6,Prio Agustus,NY Go Live,0,Y,y,20 Branch,PT2,00. Propose Drop,Ready,,,,,"Irisan Cleansing Port 2,3 Jt",,,,,#N/A,,,,
13197726,ODP-CWI-FDB/66,8,  -   ,1040142,"130017,75",AREA 2,EASTERN JABOTABEK,BOGOR,PT2,Telkom Akses,127,18. PT2/Batch 6,Prio Agustus,NY Go Live,0,Y,y,20 Branch,PT2,00. Propose Drop,Ready,,,,,"Irisan Cleansing Port 2,3 Jt",,,,,#N/A,,,,
13197695,GCL-SPL-F09/04,8,  -   ,1040142,"130017,75",AREA 2,EASTERN JABOTABEK,BOGOR,PT2,Telkom Akses,128,18. PT2/Batch 6,Prio Agustus,NY Go Live,0,Y,y,20 Branch,PT2,05. Go Live,Ready,,,,,,,,,,#N/A,,,,
13197570,ODP-CBI-FKE/27,8,  -   ,1040142,"130017,75",AREA 2,EASTERN JABOTABEK,BOGOR,PT2,Telkom Akses,130,18. PT2/Batch 6,Prio Agustus,NY Go Live,0,Y,y,20 Branch,PT2,01. Persiapan,Ready,,,,,,,,,,#N/A,,,,
13206539,ODP-PPG-FAQ/10,8,  -   ,871520,108940,AREA 2,EASTERN JABOTABEK,BOGOR,PT2,Telkom Akses,142,18. PT2/Batch 6,Prio Agustus,NY Go Live,0,Y,y,20 Branch,PT2,01. Persiapan,Ready,,,,,,,,,,#N/A,,,,
13198443,ODP-SPL-FFH/65,8,  8 ,1040142,"130017,75",AREA 2,EASTERN JABOTABEK,BOGOR,PT2,Telkom Akses,143,18. PT2/Batch 6,Prio Agustus,NY Go Live,0,Y,y,20 Branch,PT2,05. Go Live,Ready,,,,,,,,,,#N/A,,,,
13197859,ODP-CSR-FAB/50,8,  -   ,1040142,"130017,75",AREA 2,EASTERN JABOTABEK,BOGOR,PT2,Telkom Akses,144,18. PT2/Batch 6,Prio Agustus,NY Go Live,0,Y,y,20 Branch,PT2,00. Propose Drop,Ready,,,,,"Irisan Cleansing Port 2,3 Jt",,,,,#N/A,,,,
13198148,ODP-CAU-FC/50,8,  -   ,1040142,"130017,75",AREA 2,EASTERN JABOTABEK,BOGOR,PT2,Telkom Akses,150,18. PT2/Batch 6,Prio Agustus,NY Go Live,0,Y,y,20 Branch,PT2,00. Propose Drop,Ready,,,,,"Irisan Cleansing Port 2,3 Jt",,,,,#N/A,,,,
13198131,ODP-CAU-FC/15,8,  -   ,1040142,"130017,75",AREA 2,EASTERN JABOTABEK,BOGOR,PT2,Telkom Akses,151,18. PT2/Batch 6,Prio Agustus,NY Go Live,0,Y,y,20 Branch,PT2,00. Propose Drop,Ready,,,,,"Irisan Cleansing Port 2,3 Jt",,,,,#N/A,,,,
13198061,ODP-BJD-FCJ/27,8,  -   ,1040142,"130017,75",AREA 2,EASTERN JABOTABEK,BOGOR,PT2,Telkom Akses,155,18. PT2/Batch 6,Prio Agustus,NY Go Live,0,Y,y,20 Branch,PT2,01. Persiapan,Ready,,,,,,,,,,#N/A,,,,
12018614,"SKB,CBD,PT2EXPAND,ODP-CBD-FAJ-077",8,  -   ,802222,"100277,75",AREA 2,EASTERN JABOTABEK,BOGOR,PT2,Telkom Akses,163,2. PT2/Batch 1,Prio Agustus,NY Go Live,0,Y,y,20 Branch,PT2,00. Propose Drop,,,,,,Core Distribusi Habis,,,,,#N/A,,,,
11995561,"SKB,PLR,PT2EXPAND,ODP-PLR-FAD-072",8,  -   ,802222,"100277,75",AREA 2,EASTERN JABOTABEK,BOGOR,PT2,Telkom Akses,164,2. PT2/Batch 1,Prio Agustus,NY Go Live,0,Y,y,20 Branch,PT2,00. Propose Drop,,,,,,"Irisan Cleansing Port 2,3 Jt",,,,,#N/A,,,,
11919205,"BOO,CSN,PT2 EXPAND RED,ODP-CSN-FU-73",8,  -   ,1839037,229.879.625,AREA 2,EASTERN JABOTABEK,BOGOR,PT2,Telkom Akses,171,2. PT2/Batch 1,Prio Agustus,NY Go Live,0,Y,y,20 Branch,PT2,00. Propose Drop,,,,,,"Irisan Cleansing Port 2,3 Jt",,,,,#N/A,,,,
12047425,"BOO,PAR,PT2 EXPAND RED,ODP-PAR-FAE-75",8,  -   ,1839037,229.879.625,AREA 2,EASTERN JABOTABEK,BOGOR,PT2,Telkom Akses,175,2. PT2/Batch 1,Prio Agustus,NY Go Live,0,Y,y,20 Branch,PT2,00. Propose Drop,,,,,,Core Distribusi Habis,,,,,#N/A,,,,
12111859,"SKB,CBD,PT2EXPAND,ODP-CBD-FAL-070",8,  -   ,802222,"100277,75",AREA 2,EASTERN JABOTABEK,BOGOR,PT2,Telkom Akses,177,2. PT2/Batch 1,Prio Agustus,NY Go Live,0,Y,y,20 Branch,PT2,00. Propose Drop,,,,,,Core Distribusi Habis,,,,,#N/A,,,,
11967092,"BOO,CSR,PT2 EXPAND RED,ODP-CSR-FP-69",8,  -   ,1839037,229.879.625,AREA 2,EASTERN JABOTABEK,BOGOR,PT2,Telkom Akses,178,2. PT2/Batch 1,Prio Agustus,NY Go Live,0,Y,y,20 Branch,PT2,00. Propose Drop,,,,,,"Irisan Cleansing Port 2,3 Jt",,,,,#N/A,,,,
11900203,"BOO,SPL,PT2 EXPAND RED,ODP-SPL-FHE-05",8,  -   ,1839037,229.879.625,AREA 2,EASTERN JABOTABEK,BOGOR,PT2,Telkom Akses,179,2. PT2/Batch 1,Prio Agustus,NY Go Live,0,Y,y,20 Branch,PT2,00. Propose Drop,,,,,,"Irisan Cleansing Port 2,3 Jt",,,,,#N/A,,,,
12047543,"BOO,PAR,PT2 EXPAND RED,ODP-PAR-FEG-94",8,  -   ,1839037,229.879.625,AREA 2,EASTERN JABOTABEK,BOGOR,PT2,Telkom Akses,180,2. PT2/Batch 1,Prio Agustus,NY Go Live,0,Y,y,20 Branch,PT2,00. Propose Drop,,,,,,"Irisan Cleansing Port 2,3 Jt",,,,,#N/A,,,,
12111824,"SKB,CBD,PT2EXPAND,ODP-CBD-FAP-055",8,  -   ,802222,"100277,75",AREA 2,EASTERN JABOTABEK,BOGOR,PT2,Telkom Akses,181,2. PT2/Batch 1,Prio Agustus,NY Go Live,0,Y,y,20 Branch,PT2,00. Propose Drop,,,,,,"Irisan Cleansing Port 2,3 Jt",,,,,#N/A,,,,
12078711,"SKB,CBD,PT2EXPAND,ODP-CBD-FAL-037",8,  -   ,802222,"100277,75",AREA 2,EASTERN JABOTABEK,BOGOR,PT2,Telkom Akses,182,2. PT2/Batch 1,Prio Agustus,NY Go Live,0,Y,y,20 Branch,PT2,00. Propose Drop,,,,,,"Irisan Cleansing Port 2,3 Jt",,,,,#N/A,,,,
11894757,"BOO,SPL,PT2 EXPAND RED,ODP-SPL-FCC-34",8,  -   ,1839037,229.879.625,AREA 2,EASTERN JABOTABEK,BOGOR,PT2,Telkom Akses,184,2. PT2/Batch 1,Prio Agustus,NY Go Live,0,Y,y,20 Branch,PT2,00. Propose Drop,,,,,,QE Repair Core,,,,,#N/A,,,,
12108627,"SKB,CKB,PT2EXPAND,ODP-CKB-FAF-004",8,  -   ,802222,"100277,75",AREA 2,EASTERN JABOTABEK,BOGOR,PT2,Telkom Akses,185,2. PT2/Batch 1,Prio Agustus,NY Go Live,0,Y,y,20 Branch,PT2,00. Propose Drop,,,,,,Core Distribusi Habis,,,,,#N/A,,,,
12026258,"SKB,JPK,PT2EXPAND,ODP-JPK-FAL-004",8,  -   ,802222,"100277,75",AREA 2,EASTERN JABOTABEK,BOGOR,PT2,Telkom Akses,190,2. PT2/Batch 1,Prio Agustus,NY Go Live,0,Y,y,20 Branch,PT2,00. Propose Drop,,,,,,Core Feeder Habis,,,,,#N/A,,,,
12018730,"SKB,JPK,PT2EXPAND,ODP-JPK-FAA-028",8,  -   ,802222,"100277,75",AREA 2,EASTERN JABOTABEK,BOGOR,PT2,Telkom Akses,191,2. PT2/Batch 1,Prio Agustus,NY Go Live,0,Y,y,20 Branch,PT2,00. Propose Drop,,,,,,Core Feeder Habis,,,,,#N/A,,,,
11997304,"SKB,PLR,PT2EXPAND,ODP-PLR-FAF-002",8,  -   ,802222,"100277,75",AREA 2,EASTERN JABOTABEK,BOGOR,PT2,Telkom Akses,193,2. PT2/Batch 1,Prio Agustus,NY Go Live,0,Y,y,20 Branch,PT2,00. Propose Drop,,,,,,Core Feeder Habis,,,,,#N/A,,,,
12114560,"SKB,CBD,PT2EXPAND,ODP-CBD-FAP-008",8,  -   ,802222,"100277,75",AREA 2,EASTERN JABOTABEK,BOGOR,PT2,Telkom Akses,195,2. PT2/Batch 1,Prio Agustus,NY Go Live,0,Y,y,20 Branch,PT2,00. Propose Drop,,,,,,Pelanggan >250m dari ODP (tidak ada dist eksisting),,,,,#N/A,Kendala Lingkungan,,,
12044174,"SKB,CBD,PT2EXPAND,ODP-CBD-FAL-069",8,  -   ,802222,"100277,75",AREA 2,EASTERN JABOTABEK,BOGOR,PT2,Telkom Akses,197,2. PT2/Batch 1,Prio Agustus,NY Go Live,0,Y,y,20 Branch,PT2,00. Propose Drop,,,,,,Core Distribusi Habis,,,,,#N/A,,,,
11960282,"BOO,CRI,PT2 EXPAND RED,ODP-CRI-FC-70",8,  -   ,1839037,229.879.625,AREA 2,EASTERN JABOTABEK,BOGOR,PT2,Telkom Akses,198,2. PT2/Batch 1,Prio Agustus,NY Go Live,0,Y,y,20 Branch,PT2,00. Propose Drop,,,,,,"Irisan Cleansing Port 2,3 Jt",,,,,#N/A,,,,
11383763,PT2EX-JPPTSEL-ODP-CSR-FG-25(BOGOR_7865),8,  -   ,2291676,"286459,5",AREA 2,EASTERN JABOTABEK,BOGOR,PT2,Telkom Akses,199,2. PT2/Batch 1,Prio Agustus,NY Go Live,0,Y,y,20 Branch,PT2,00. Propose Drop,,,,,,"Irisan Cleansing Port 2,3 Jt",,,,,#N/A,,,,
12016655,"SKB,PLR,PT2EXPAND,ODP-PLR-FAR-029",8,  -   ,802222,"100277,75",AREA 2,EASTERN JABOTABEK,BOGOR,PT2,Telkom Akses,200,2. PT2/Batch 1,Prio Agustus,NY Go Live,0,Y,y,20 Branch,PT2,0. Drop DBP,,,,,,,,,,,#N/A,,,,
12028283,"SKB,JPK,PT2EXPAND,ODP-JPK-FAL005",8,  -   ,802222,"100277,75",AREA 2,EASTERN JABOTABEK,BOGOR,PT2,Telkom Akses,201,2. PT2/Batch 1,Prio Agustus,NY Go Live,0,Y,y,20 Branch,PT2,00. Propose Drop,,,,,,Core Feeder Habis,,,,,#N/A,,,,
12964714,"SKB,CKB,PT2EXPAND,ODP-CKB-FAH-022",8,  -   ,535207,66.900.875,AREA 2,EASTERN JABOTABEK,BOGOR,PT2,Telkom Akses,202,19. PT2/Batch 7 UNTSEL,Prio Agustus,NY Go Live,0,Y,y,20 Branch,PT2,05. Go Live,Ready,,,,,,,,,,#N/A,,,,
12015935,"SKB,PLR,PT2EXPAND,ODP-PLR-FAJ-003",8,  -   ,802222,"100277,75",AREA 2,EASTERN JABOTABEK,BOGOR,PT2,Telkom Akses,205,2. PT2/Batch 1,Prio Agustus,NY Go Live,0,Y,y,20 Branch,PT2,00. Propose Drop,,,,,,Core Feeder Habis,,,,,#N/A,,,,
12331292,"SKB,CBD,PT2EXPAND,ODP-CBD-FAJ-081",8,  -   ,802222,"100277,75",AREA 2,EASTERN JABOTABEK,BOGOR,PT2,Telkom Akses,209,2. PT2/Batch 1,Prio Agustus,NY Go Live,0,Y,y,20 Branch,PT2,00. Propose Drop,,,,,,"Irisan Cleansing Port 2,3 Jt",,,,,#N/A,,,,
12062520,"SKB,JPK,PT2EXPAND,ODP-JPK-FAL-023",8,  -   ,802222,"100277,75",AREA 2,EASTERN JABOTABEK,BOGOR,PT2,Telkom Akses,210,2. PT2/Batch 1,Prio Agustus,NY Go Live,0,Y,y,20 Branch,PT2,00. Propose Drop,,,,,,Core Feeder Habis,,,,,#N/A,,,,
12046324,"SKB,JPK,PT2EXPAND,ODP-JPK-FAL-023",8,  -   ,802222,"100277,75",AREA 2,EASTERN JABOTABEK,BOGOR,PT2,Telkom Akses,211,2. PT2/Batch 1,Prio Agustus,NY Go Live,0,Y,y,20 Branch,PT2,00. Propose Drop,,,,,,Core Feeder Habis,,,,,#N/A,,,,
12045084,"SKB,JPK,PT2EXPAND,ODP-JPK-FAA-016",8,  -   ,802222,"100277,75",AREA 2,EASTERN JABOTABEK,BOGOR,PT2,Telkom Akses,212,2. PT2/Batch 1,Prio Agustus,NY Go Live,0,Y,y,20 Branch,PT2,00. Propose Drop,,,,,,"Irisan Cleansing Port 2,3 Jt",,,,,#N/A,,,,
12035709,"SKB,JPK,PT2EXPAND,ODP-JPK-FAB-062",8,  -   ,802222,"100277,75",AREA 2,EASTERN JABOTABEK,BOGOR,PT2,Telkom Akses,213,2. PT2/Batch 1,Prio Agustus,NY Go Live,0,Y,y,20 Branch,PT2,00. Propose Drop,,,,,,"Irisan Cleansing Port 2,3 Jt",,,,,#N/A,,,,
12079084,"SKB,CBD,PT2EXPAND,ODP-CBD-FAG-041",8,  -   ,802222,"100277,75",AREA 2,EASTERN JABOTABEK,BOGOR,PT2,Telkom Akses,216,2. PT2/Batch 1,Prio Agustus,NY Go Live,0,Y,y,20 Branch,PT2,00. Propose Drop,,,,,,"Irisan Cleansing Port 2,3 Jt",,,,,#N/A,,,,
12113370,"SKB,CBD,PT2EXPAND,ODP-CBD-FAG-054",8,  -   ,802222,"100277,75",AREA 2,EASTERN JABOTABEK,BOGOR,PT2,Telkom Akses,217,2. PT2/Batch 1,Prio Agustus,NY Go Live,0,Y,y,20 Branch,PT2,00. Propose Drop,,,,,,"Irisan Cleansing Port 2,3 Jt",,,,,#N/A,,,,
12111316,"SKB,CBD,PT2EXPAND,ODP-CBD-FAN-008",8,  -   ,802222,"100277,75",AREA 2,EASTERN JABOTABEK,BOGOR,PT2,Telkom Akses,219,2. PT2/Batch 1,Prio Agustus,NY Go Live,0,Y,y,20 Branch,PT2,00. Propose Drop,,,,,,Core Distribusi Habis,,,,,#N/A,,,,
12061408,"SKB,JPK,PT2EXPAND,ODP-JPK-FAB-048",8,  -   ,802222,"100277,75",AREA 2,EASTERN JABOTABEK,BOGOR,PT2,Telkom Akses,221,2. PT2/Batch 1,Prio Agustus,NY Go Live,0,Y,y,20 Branch,PT2,00. Propose Drop,,,,,,"Irisan Cleansing Port 2,3 Jt",,,,,#N/A,,,,
12044592,"SKB,JPK,PT2EXPAND,ODP-JPK-FAB-048",8,  -   ,802222,"100277,75",AREA 2,EASTERN JABOTABEK,BOGOR,PT2,Telkom Akses,222,2. PT2/Batch 1,Prio Agustus,NY Go Live,0,Y,y,20 Branch,PT2,00. Propose Drop,,,,,,"Irisan Cleansing Port 2,3 Jt",,,,,#N/A,,,,
11997053,"SKB,PLR,PT2EXPAND,ODP-PLR-FAR-040",8,  -   ,802222,"100277,75",AREA 2,EASTERN JABOTABEK,BOGOR,PT2,Telkom Akses,226,2. PT2/Batch 1,Prio Agustus,NY Go Live,0,Y,y,20 Branch,PT2,00. Propose Drop,,,,,,"Irisan Cleansing Port 2,3 Jt",,,,,#N/A,,,,
12109337,"SKB,JPK,PT2EXPAND,ODP-JPK-FAH-037",8,  -   ,802222,"100277,75",AREA 2,EASTERN JABOTABEK,BOGOR,PT2,Telkom Akses,229,2. PT2/Batch 1,Prio Agustus,NY Go Live,0,Y,y,20 Branch,PT2,00. Propose Drop,,,,,,"Irisan Cleansing Port 2,3 Jt",,,,,#N/A,,,,
12045624,"SKB,CBD,PT2EXPAND,ODP-CBD-FAQ-032",8,  -   ,802222,"100277,75",AREA 2,EASTERN JABOTABEK,BOGOR,PT2,Telkom Akses,232,2. PT2/Batch 1,Prio Agustus,NY Go Live,0,Y,y,20 Branch,PT2,00. Propose Drop,,,,,,"Irisan Cleansing Port 2,3 Jt",,,,,#N/A,,,,
12047507,"BOO,PAR,PT2 EXPAND RED,ODP-PAR-FEF-55",8,  -   ,1839037,229.879.625,AREA 2,EASTERN JABOTABEK,BOGOR,PT2,Telkom Akses,233,2. PT2/Batch 1,Prio Agustus,NY Go Live,0,Y,y,20 Branch,PT2,00. Propose Drop,,,,,,"Irisan Cleansing Port 2,3 Jt",,,,,#N/A,,,,
12015907,"SKB,PLR,PT2EXPAND,ODP-PLR-FAH-009",8,  -   ,802222,"100277,75",AREA 2,EASTERN JABOTABEK,BOGOR,PT2,Telkom Akses,234,2. PT2/Batch 1,Prio Agustus,NY Go Live,0,Y,y,20 Branch,PT2,00. Propose Drop,,,,,,"Irisan Cleansing Port 2,3 Jt",,,,,#N/A,,,,
12083067,"SKB,CBD,PT2EXPAND,ODP-CBD-FAK-049",8,  -   ,802222,"100277,75",AREA 2,EASTERN JABOTABEK,BOGOR,PT2,Telkom Akses,236,2. PT2/Batch 1,Prio Agustus,NY Go Live,0,Y,y,20 Branch,PT2,00. Propose Drop,,,,,,Core Distribusi Habis,,,,,#N/A,,,,
12016997,"SKB,JPK,PT2EXPAND,ODP-JPK-FAK-021",8,  16 ,802222,"100277,75",AREA 2,EASTERN JABOTABEK,BOGOR,PT2,Telkom Akses,241,2. PT2/Batch 1,Prio Agustus,NY Go Live,0,Y,y,20 Branch,PT2,05. Go Live,Ready,,,,,,,,,,#N/A,,,,
11383977,PT2EX-JPPTSEL-ODP-CSR-FK-17(BOGOR_8682),8,  -   ,2291676,"286459,5",AREA 2,EASTERN JABOTABEK,BOGOR,PT2,Telkom Akses,244,2. PT2/Batch 1,Prio Agustus,NY Go Live,0,Y,y,20 Branch,PT2,00. Propose Drop,,,,,,"Irisan Cleansing Port 2,3 Jt",,,,,#N/A,,,,
11899786,"BOO,SPL,PT2 EXPAND RED,ODP-SPL-FHK-20",8,  -   ,1839037,229.879.625,AREA 2,EASTERN JABOTABEK,BOGOR,PT2,Telkom Akses,245,2. PT2/Batch 1,Prio Agustus,NY Go Live,0,Y,y,20 Branch,PT2,00. Propose Drop,,,,,,"Irisan Cleansing Port 2,3 Jt",,,,,#N/A,,,,
11912339,"BOO,BOO,PT2 EXPAND RED,ODP-BOO-FJE-17",8,  -   ,1839037,229.879.625,AREA 2,EASTERN JABOTABEK,BOGOR,PT2,Telkom Akses,248,2. PT2/Batch 1,Prio Agustus,NY Go Live,0,Y,y,20 Branch,PT2,0. Drop DBP,,,,,,,,,,,#N/A,,,,
11987385,"BOO,CAU,PT2 EXPAND RED,ODP-CAU-FC-31",8,  -   ,1839037,229.879.625,AREA 2,EASTERN JABOTABEK,BOGOR,PT2,Telkom Akses,249,2. PT2/Batch 1,Prio Agustus,NY Go Live,0,Y,y,20 Branch,PT2,00. Propose Drop,,,,,,Core Distribusi Habis,,,,,#N/A,,,,
12046598,"BOO,CRI,PT2 EXPAND RED,ODP-CRI-FF-15",8,  -   ,1839037,229.879.625,AREA 2,EASTERN JABOTABEK,BOGOR,PT2,Telkom Akses,255,2. PT2/Batch 1,Prio Agustus,NY Go Live,0,Y,y,20 Branch,PT2,00. Propose Drop,,,,,,Core Distribusi Habis,,,,,#N/A,,,,
12313676,"BOO,CSR,PT2 EXPAND RED,ODP-CSR-FH-16",8,  -   ,1839037,229.879.625,AREA 2,EASTERN JABOTABEK,BOGOR,PT2,Telkom Akses,256,2. PT2/Batch 1,Prio Agustus,NY Go Live,0,Y,y,20 Branch,PT2,00. Propose Drop,,,,,,"Irisan Cleansing Port 2,3 Jt",,,,,#N/A,,,,
12017916,"BOO,CSR,PT2 EXPAND RED,ODP-CSR-FA-72",8,  -   ,1839037,229.879.625,AREA 2,EASTERN JABOTABEK,BOGOR,PT2,Telkom Akses,258,2. PT2/Batch 1,Prio Agustus,NY Go Live,0,Y,y,20 Branch,PT2,00. Propose Drop,,,,,,Core Distribusi Habis,,,,,#N/A,,,,
11960669,"BOO,CWI,PT2 EXPAND RED,ODP-CWI-FH-65.kml",8,  -   ,1839037,229.879.625,AREA 2,EASTERN JABOTABEK,BOGOR,PT2,Telkom Akses,263,2. PT2/Batch 1,Prio Agustus,NY Go Live,0,Y,y,20 Branch,PT2,00. Propose Drop,,,,,,Core Feeder Habis,,,,,#N/A,,,,
12110303,"SKB,JPK,PT2 EXPAND,ODP-JPK-FAA-016",8,  -   ,802222,"100277,75",AREA 2,EASTERN JABOTABEK,BOGOR,PT2,Telkom Akses,264,2. PT2/Batch 1,Prio Agustus,NY Go Live,0,Y,y,20 Branch,PT2,00. Propose Drop,,,,,,"Irisan Cleansing Port 2,3 Jt",,,,,#N/A,,,,
11894228,"BOO,PAR,PT2 EXPAND RED,ODP-PAR-FAD-61",8,  -   ,1839037,229.879.625,AREA 2,EASTERN JABOTABEK,BOGOR,PT2,Telkom Akses,267,2. PT2/Batch 1,Prio Agustus,NY Go Live,0,Y,y,20 Branch,PT2,00. Propose Drop,,,,,,Core Feeder Habis,,,,,#N/A,,,,
11900000,"BOO,PAR,PT2 EXPAND RED,ODP-PAR-FAW-16",8,  -   ,1839037,229.879.625,AREA 2,EASTERN JABOTABEK,BOGOR,PT2,Telkom Akses,268,2. PT2/Batch 1,Prio Agustus,NY Go Live,0,Y,y,20 Branch,PT2,00. Propose Drop,,,,,,"Irisan Cleansing Port 2,3 Jt",,,,,#N/A,,,,
11989350,"BOO,PAR,PT2 EXPAND RED,ODP-PAR-FZX-65",8,  -   ,1839037,229.879.625,AREA 2,EASTERN JABOTABEK,BOGOR,PT2,Telkom Akses,269,2. PT2/Batch 1,Prio Agustus,NY Go Live,0,Y,y,20 Branch,PT2,00. Propose Drop,,,,,,"Irisan Cleansing Port 2,3 Jt",,,,,#N/A,,,,
11977887,"BOO,PMU,PT2 EXPAND RED,ODP-PMU-FH-01",8,  -   ,1839037,229.879.625,AREA 2,EASTERN JABOTABEK,BOGOR,PT2,Telkom Akses,271,2. PT2/Batch 1,Prio Agustus,NY Go Live,0,Y,y,20 Branch,PT2,00. Propose Drop,,,,,,"Irisan Cleansing Port 2,3 Jt",,,,,#N/A,,,,
12029111,"BOO,PMU,PT2 EXPAND RED.ODP-PMU-FAL-32",8,  -   ,1839037,229.879.625,AREA 2,EASTERN JABOTABEK,BOGOR,PT2,Telkom Akses,273,2. PT2/Batch 1,Prio Agustus,NY Go Live,0,Y,y,20 Branch,PT2,05. Go Live,Ready,,,,,,,,,,#N/A,,,,
11903001,"TAN,PPG,PT2 EXPAND,ODP-PPG-FAS-38",8,  -   ,3106870,"388358,75",AREA 2,EASTERN JABOTABEK,BOGOR,PT2,Telkom Akses,280,2. PT2/Batch 1,Prio Agustus,NY Go Live,0,Y,y,20 Branch,PT2,00. Propose Drop,,,,,,"Irisan Cleansing Port 2,3 Jt",,,,,#N/A,,,,
12030501,"TAN,PPG,PT2 EXPAND,ODP-PPG-FAX-35",8,  -   ,2069246,"258655,75",AREA 2,EASTERN JABOTABEK,BOGOR,PT2,Telkom Akses,281,2. PT2/Batch 1,Prio Agustus,NY Go Live,0,Y,y,20 Branch,PT2,0. Drop DBP,,,,,,,,,,,#N/A,,,,
11913119,"SKB,SKB,PT2,ODP-SKB-FGH-019",8,  -   ,2909023,363.627.875,AREA 2,EASTERN JABOTABEK,BOGOR,PT2,Telkom Akses,286,2. PT2/Batch 1,Prio Agustus,NY Go Live,0,Y,y,20 Branch,PT2,05. Go Live,Ready,,,,,,,,,,#N/A,,,,
11968674,"BOO,SPL,PT2 EXPAND RED,ODP-SPL-FCB-59",8,  -   ,1839037,229.879.625,AREA 2,EASTERN JABOTABEK,BOGOR,PT2,Telkom Akses,297,2. PT2/Batch 1,Prio Agustus,NY Go Live,0,Y,y,20 Branch,PT2,00. Propose Drop,,,,,,"Irisan Cleansing Port 2,3 Jt",,,,,#N/A,,,,
11988781,"BOO,SPL,PT2 EXPAND RED,ODP-SPL-FHN-46",8,  -   ,1839037,229.879.625,AREA 2,EASTERN JABOTABEK,BOGOR,PT2,Telkom Akses,299,2. PT2/Batch 1,Prio Agustus,NY Go Live,0,Y,y,20 Branch,PT2,00. Propose Drop,,,,,,"Irisan Cleansing Port 2,3 Jt",,,,,#N/A,,,,
12045920,"BOO,CSR,PT2 EXPAND RED,ODP-CSR-FE-84",8,  -   ,1839037,229.879.625,AREA 2,EASTERN JABOTABEK,BOGOR,PT2,Telkom Akses,302,2. PT2/Batch 1,Prio Agustus,NY Go Live,0,Y,y,20 Branch,PT2,00. Propose Drop,,,,,,"Irisan Cleansing Port 2,3 Jt",,,,,#N/A,,,,
12020061,"BOO,CSR,PT2 EXPAND RED,ODP-CSR-FAB-125",8,  -   ,1839037,229.879.625,AREA 2,EASTERN JABOTABEK,BOGOR,PT2,Telkom Akses,303,2. PT2/Batch 1,Prio Agustus,NY Go Live,0,Y,y,20 Branch,PT2,00. Propose Drop,,,,,,"Irisan Cleansing Port 2,3 Jt",,,,,#N/A,,,,
11959165,"TAN,RMP,PT2 EXPAND,ODP-RMP-FAC-20",8,  -   ,3106870,"388358,75",AREA 2,EASTERN JABOTABEK,BOGOR,PT2,Telkom Akses,306,2. PT2/Batch 1,Prio Agustus,NY Go Live,0,Y,y,20 Branch,PT2,00. Propose Drop,,,,,,QE Repair Core,,,,,#N/A,,,,
11932390,"BOO,CSE,PT2 EXPAND RED,ODP-CSE-FA-01",8,  -   ,1839037,229.879.625,AREA 2,EASTERN JABOTABEK,BOGOR,PT2,Telkom Akses,307,2. PT2/Batch 1,Prio Agustus,NY Go Live,0,Y,y,20 Branch,PT2,00. Propose Drop,,,,,,Core Distribusi Habis,,,,,#N/A,,,,
11989213,"BOO,CSR,PT2 EXPAND RED,ODP-CSR-FL-37",8,  -   ,1839037,229.879.625,AREA 2,EASTERN JABOTABEK,BOGOR,PT2,Telkom Akses,308,2. PT2/Batch 1,Prio Agustus,NY Go Live,0,Y,y,20 Branch,PT2,00. Propose Drop,,,,,,"Irisan Cleansing Port 2,3 Jt",,,,,#N/A,,,,
12047326,"BOO,PAR,PT2 EXPAND RED,ODP-PAR-FED-49",8,  -   ,1839037,229.879.625,AREA 2,EASTERN JABOTABEK,BOGOR,PT2,Telkom Akses,309,2. PT2/Batch 1,Prio Agustus,NY Go Live,0,Y,y,20 Branch,PT2,00. Propose Drop,,,,,,"Irisan Cleansing Port 2,3 Jt",,,,,#N/A,,,,
11986875,"BOO,SPL,PT2 EXPAND RED,ODP-SPL-FU-22",8,  -   ,1839037,229.879.625,AREA 2,EASTERN JABOTABEK,BOGOR,PT2,Telkom Akses,310,2. PT2/Batch 1,Prio Agustus,NY Go Live,0,Y,y,20 Branch,PT2,00. Propose Drop,,,,,,QE Repair Core,,,,,#N/A,,,,
11933709,"BOO,PMU,PT2 EXPAND RED,ODP-PMU-FAE-51",8,  -   ,1839037,229.879.625,AREA 2,EASTERN JABOTABEK,BOGOR,PT2,Telkom Akses,312,2. PT2/Batch 1,Prio Agustus,NY Go Live,0,Y,y,20 Branch,PT2,05. Go Live,Ready,,,,,,,,,,#N/A,,,,
12112260,"TAN,PPG,PT2 EXPAND,ODP-PPG-FAV-105",8,  -   ,2069246,"258655,75",AREA 2,EASTERN JABOTABEK,BOGOR,PT2,Telkom Akses,314,2. PT2/Batch 1,Prio Agustus,NY Go Live,0,Y,y,20 Branch,PT2,00. Propose Drop,,,,,,QE Repair Core,,,,,#N/A,,,,
11902782,"TAN,PPG,PT2 EXPAND,ODP-PPG-FAV-97",8,  -   ,3106870,"388358,75",AREA 2,EASTERN JABOTABEK,BOGOR,PT2,Telkom Akses,315,2. PT2/Batch 1,Prio Agustus,NY Go Live,0,Y,y,20 Branch,PT2,0. Drop DBP,,,,,,,,,,,#N/A,,,,
12033725,"SKB,CBD,PT2EXPAND,ODP-CBD-FAP-028",8,  -   ,802222,"100277,75",AREA 2,EASTERN JABOTABEK,BOGOR,PT2,Telkom Akses,318,2. PT2/Batch 1,Prio Agustus,NY Go Live,0,Y,y,20 Branch,PT2,00. Propose Drop,,,,,,"Irisan Cleansing Port 2,3 Jt",,,,,#N/A,,,,
12098463,"SKB,CBD,PT2EXPAND,ODP-CBD-FAM-022",8,  -   ,802222,"100277,75",AREA 2,EASTERN JABOTABEK,BOGOR,PT2,Telkom Akses,319,2. PT2/Batch 1,Prio Agustus,NY Go Live,0,Y,y,20 Branch,PT2,00. Propose Drop,,,,,,Core Distribusi Habis,,,,,#N/A,,,,
11894637,"BOO,CSE,PT2 EXPAND RED,ODP-CSE-FG-54",8,  -   ,1839037,229.879.625,AREA 2,EASTERN JABOTABEK,BOGOR,PT2,Telkom Akses,320,2. PT2/Batch 1,Prio Agustus,NY Go Live,0,Y,y,20 Branch,PT2,05. Go Live,Ready,,,,,,,,,,#N/A,,,,
12017897,"BOO,PAR,PT2 EXPAND RED,ODP-PAR-FEJ-33",8,  -   ,1839037,229.879.625,AREA 2,EASTERN JABOTABEK,BOGOR,PT2,Telkom Akses,326,2. PT2/Batch 1,Prio Agustus,NY Go Live,0,Y,y,20 Branch,PT2,00. Propose Drop,,,,,,"Irisan Cleansing Port 2,3 Jt",,,,,#N/A,,,,
11972960,"BOO,PAR,PT2 EXPAND RED,ODP-PAR-FEJ-34",8,  -   ,1839037,229.879.625,AREA 2,EASTERN JABOTABEK,BOGOR,PT2,Telkom Akses,327,2. PT2/Batch 1,Prio Agustus,NY Go Live,0,Y,y,20 Branch,PT2,00. Propose Drop,,,,,,"Irisan Cleansing Port 2,3 Jt",,,,,#N/A,,,,
12027642,"BOO,SPL,PT2 EXPAND RED,ODP-SPL-FDC-03",8,  -   ,1839037,229.879.625,AREA 2,EASTERN JABOTABEK,BOGOR,PT2,Telkom Akses,330,2. PT2/Batch 1,Prio Agustus,NY Go Live,0,Y,y,20 Branch,PT2,00. Propose Drop,,,,,,"Irisan Cleansing Port 2,3 Jt",,,,,#N/A,,,,
11972792,"BOO,SPL,PT2 EXPAND RED,ODP-SPL-FU-63",8,  -   ,1839037,229.879.625,AREA 2,EASTERN JABOTABEK,BOGOR,PT2,Telkom Akses,331,2. PT2/Batch 1,Prio Agustus,NY Go Live,0,Y,y,20 Branch,PT2,00. Propose Drop,,,,,,"Irisan Cleansing Port 2,3 Jt",,,,,#N/A,,,,
11900518,"BOO,SPL,PT2 EXPAND RED,ODP-SPL-FEA-25",8,  -   ,1839037,229.879.625,AREA 2,EASTERN JABOTABEK,BOGOR,PT2,Telkom Akses,332,2. PT2/Batch 1,Prio Agustus,NY Go Live,0,Y,y,20 Branch,PT2,00. Propose Drop,,,,,,"Irisan Cleansing Port 2,3 Jt",,,,,#N/A,,,,
12017708,"BOO,SPL,PT2 EXPAND RED,ODP-SPL-FU-35",8,  -   ,1839037,229.879.625,AREA 2,EASTERN JABOTABEK,BOGOR,PT2,Telkom Akses,333,2. PT2/Batch 1,Prio Agustus,NY Go Live,0,Y,y,20 Branch,PT2,00. Propose Drop,,,,,,"Irisan Cleansing Port 2,3 Jt",,,,,#N/A,,,,
11980758,"TAN,RMP,PT2,ODP-RMP-FAJ-56",8,  -   ,2352033,294.004.125,AREA 2,EASTERN JABOTABEK,BOGOR,PT2,Telkom Akses,334,19. PT2/Batch 7 UNTSEL,Prio Agustus,NY Go Live,0,Y,y,20 Branch,PT2,05. Go Live,Ready,,,,,,,,,,#N/A,,,,
12016955,"BOO,CSR,PT2 EXPAND RED,ODP-CSR-FH-18",8,  -   ,1839037,229.879.625,AREA 2,EASTERN JABOTABEK,BOGOR,PT2,Telkom Akses,336,2. PT2/Batch 1,Prio Agustus,NY Go Live,0,Y,y,20 Branch,PT2,00. Propose Drop,,,,,,Core Distribusi Habis,,,,,#N/A,,,,
11968200,"BOO,PMU,PT2 EXPAND RED,ODP-PMU-FAV-19",8,  -   ,1839037,229.879.625,AREA 2,EASTERN JABOTABEK,BOGOR,PT2,Telkom Akses,339,2. PT2/Batch 1,Prio Agustus,NY Go Live,0,Y,y,20 Branch,PT2,0. Drop DBP,,,,,,,,,,,#N/A,,,,
11930329,"BOO,SPL,PT2 EXPAND RED,ODP-SPL-FDC-91",8,  -   ,1839037,229.879.625,AREA 2,EASTERN JABOTABEK,BOGOR,PT2,Telkom Akses,340,2. PT2/Batch 1,Prio Agustus,NY Go Live,0,Y,y,20 Branch,PT2,05. Go Live,Ready,,,,,,,,,,#N/A,,,,
11970222,"TAN,RMP,PT2 EXPAND,ODP-RMP-FAE-20",0,  -   ,1409956,#DIV/0!,AREA 2,EASTERN JABOTABEK,BOGOR,PT2,Telkom Akses,343,2. PT2/Batch 1,Prio Agustus,NY Go Live,0,Y,y,20 Branch,PT2,00. Propose Drop,,,,,,QE Repair Core,,,,,#N/A,,,,
11970297,"TAN,RMP,PT2 EXPAND,ODP-RMP-FAB-87",0,  -   ,1409956,#DIV/0!,AREA 2,EASTERN JABOTABEK,BOGOR,PT2,Telkom Akses,346,2. PT2/Batch 1,Prio Agustus,NY Go Live,0,Y,y,20 Branch,PT2,00. Propose Drop,,,,,,QE Repair Core,,,,,#N/A,,,,
13020199,"TSM,SPA,FTTH,MD_TASIKMALAY_121660,200HP",200,  -   ,606706629,3.033.533.145,AREA 2,JABAR,TASIKMALAYA,PT3,Telkom Akses,4,10. PT3/Batch 5 thp 1,Prio September,NY Go Live,0,Y,y,20 Branch,#N/A,03. OGP Instalasi,Ready,5200,13.400,,27/09/2026,,"24/08/26 : kendala menunggu pembyaran comecase plan pembayaran di W2 september FI tanggal 25 september plan golive 27
20/08/26 : Preparing Pembayaran CC dan Kesiapan Tim Tripola, est 21 Agustus 2026
12/08/26 : Preparing Pembayaran CC dan Kesiapan Tim Tripola, est 20 Agustus 202610/08/26 : mennunggu rilis budged untuk Proses Pembayaran Comcase dr mitra Konet
6/08/26 : Proses Pembayaran Comcase dr mitra Konet
03/08/26 : Konfirmasi mitra konet untuk mulai pekerjaan
22/07/26 : KENDALA MATERIAL BLM READY DI LOKASI",,03. OGP Instalasi,00. Ny Golive,27/09/2026,,,,
13187091,"TSM,TSM,FTTH,MD_PRM Parahyangan_2,112HP",128,  -   ,163946967,"1280835,68",AREA 2,JABAR,TASIKMALAYA,PT3,Telkom Akses,8,17. PT3/Batch 6 thp 2,Prio September,NY Go Live,0,Y,y,20 Branch,#N/A,03. OGP Instalasi,Ready,800,-,,14/09/2026,,"24/08/26 : menunggu pembayran cc mitra tripola
20/08/26 : Preparing Pembayaran CC max 22 Agu 2026 info DID sudah bisa di kerjakan dulu karna prioritas Tsel 
12/08/26 : Menunggu jadwal review design dengan NPD (hasil design ED approve)
6/08/26 : Proses Review NPD Untuk Keperluan BA Redesign (<1.13%) Pengurangan Panjang Kbel & Jml Tiang
03/08/26 : Proses pembuatan BA REDESIGN
22/07/26 : MATERIAL BLM READY",,03. OGP Instalasi,00. Ny Golive,14/09/2026,,,,
13116846,"TSM,MLB,FTTH,MD_MALANGBONG,8HP",8,  -   ,17872747,2234094,AREA 2,JABAR,TASIKMALAYA,PT3,Telkom Akses,10,28. PT3/Batch 8 thp 3,Prio September,NY Go Live,0,Y,y,20 Branch,#N/A,01. Persiapan,Ready,723,0,,18/09/2026,,"16/09/26 : Permit reject dari pihak desa, progress permit ulang dengan pihak Tsel
14/09/26 : Permit reject dari pihak desa
10/09/26 : Done survei onsite proses negosiasi perizinan, dari pihak RW masih menolak dan tidak memberikan izin dikarenakan sedang ada case dengan provider lain
08/09/26 : Done survei, proses permit lingkungan
07/09/26 : Done survei, proses permit lingkungan
02/09/26 : Plan survei onsite 3 Sep 2026
02/09/26 : Plan survei onsite 3 Sep 2026
31/08/26 : plan survei survei tanggal 7 di karnakan team suveri sedang onprogress lokasi lain
31/08/2026 : rilis NDE proses survei dan ploting mitra",,03. OGP Instalasi,00. Ny Golive,18/09/2026,,,,
13114587,"TSM,MLB,FTTH,MD_JATINUNGGAL,56HP",56,  -   ,92433314,1650595,AREA 2,JABAR,TASIKMALAYA,PT3,Telkom Akses,9,28. PT3/Batch 8 thp 3,Prio September,NY Go Live,0,Y,y,20 Branch,#N/A,02. Matdel,Ready,3386,0,,18/09/2026,,"16/09/26 : Survei onsite done dan terdapat redesign pindah catuan dan kenaikan nilai boq, nilai perizinan masih belum keluar dari pihak desa
14/09/26 : Survei onsite done dan terdapat redesign nilai BOQ 187 jt, nilai perizinan masih dibicarakan dahulu oleh pihak desa
14/09/26 : Survei onsite done dan terdapat redesign, nilai perizinan masih dibicarakan dahulu oleh pihak desa
10/09/26 : Survei onsite done dan terdapat redesign, nilai perizinan masih dibicarakan dahulu oleh pihak desa
08/09/26 : Done survei onsite dan ada redesign penambahan ODP pindah catuan, update CC
07/09/26 : Done survei onsite dan ada redesign penambahan ODP pindah catuan, update CC
02/09/26 : Plan survei onsite 3 Sep 2026
02/09/26 : Plan survei onsite 3 Sep 2026
31/08/26 : plan survei survei tanggal 7 di karnakan team suveri sedang onprogress lokasi lain
31/08/2026 : rilis NDE proses survei dan ploting mitra",,03. OGP Instalasi,00. Ny Golive,18/09/2026,,,,
13075777,"BDB,CMI,FTTH,MD_TEMAN 044_ALAM_ASRI,64HP",64,  -   ,123513664,1929901,AREA 2,JABAR,BANDUNG,PT3,Telkom Akses,9,28. PT3/Batch 8 thp 3,Prio September,NY Go Live,0,Y,y,20 Branch,#N/A,0. Drop DBP,,122,998,,,,"04/09/26 : duplikasi order dengan ID IHDL 12016534
31/08/26 : di lakukan survei dan pengecekan data di karnakan lokasi tersebut sama dengan lokasi di batch 4A
31/08/2026 : rilis NDE proses survei dan ploting mitra",,00. DROP,00. Ny Golive,DROP,,,,
12987058,"SKB,CKK,FTTH,MD_PesantrenMiftahul,32HP",32,  -   ,58648281,1832759,AREA 2,JABAR,BANDUNG,PT3,Telkom Akses,8,28. PT3/Batch 8 thp 3,Prio September,NY Go Live,0,Y,y,20 Branch,#N/A,01. Persiapan,Ready,2154,0,,28/09/2026,,"14/09/26 : 14/09/2026 : Menunggu Kesediaan TIM HSA / Maintenance Area terkait titik repair feeder dan distribusi
10/09/26 : 10/09/2026 : Terkendala Feeder dan Distribusi tidak tembus sampai FTM/STO, perlu pengecekan bersama tim HSA / Maintenace Area
07/09/26 : 02/08/2026 : Hasil Pelurusan Feeder, sisa feeder idle tidak tembus ke FTM
31/08/26 : proses survei dan ploting mitra
14/09/26 : 14/09/2026 : Menunggu Kesediaan TIM HSA / Maintenance Area terkait titik repair feeder dan distribusi
31/08/2026 : rilis NDE proses survei dan ploting mitra",,01. Persiapan,00. Ny Golive,28/09/2026,,,,
13166427,"BDG,CJA,FTTH,MD_GRAND SHARON CLARA,24HP",24,  -   ,46371547,1.932.147.792,AREA 2,JABAR,BANDUNG,PT3,Telkom Akses,4,25. PT3/Batch 8 thp 2,Prio September,NY Go Live,0,Y,y,20 Branch,#N/A,01. Persiapan,Ready,,,,21/09/2026,,"14/09/26 : 14/09/2026 : Pengajuan Dokumen PP Swakelola
10/09/26 : 10/09/26 : Info Developer BAKP bisa diambil hari ini , kamis 10-09-2026
07/09/26 : 03/08/2026 : Proses Perijinan disampaikan ke Pusat Developer
31/08/26 : dari AM baru memberikan kontak PIC untuk bisa di hubungi
28/08/26 : proses negosiasi pendampingann perijinan dengan AM, karna ada 2 lokasi yang sedang di kerjakan juga dengan FH dan progress pembuatan PID dan SAP.
27/08/26 : proses negosiasi pendampingann perijinan dengan AM, karna ada 2 lokasi yang sedang di kerjakan juga dengan FH dan progress pembuatan PID dan SAP.
26/08/26 : pendampingann perijinan dengan AM, karna ada 2 lokasi yang sedang di kerjakan juga dengan FH dan progress pembuatan PID dan SAP.
24/08/26 : proses negosiasi perlu koordinasi dengan team cam
21/08/2026 : rilis NDE proses survei dan ploting mitra",,03. OGP Instalasi,00. Ny Golive,21/09/2026,,,,
13061765,"TSM,PAX,FTTH,MD_PAX_ARTHA_CIBENDA2,32HP",32,  -   ,15023576,"469486,75",AREA 2,JABAR,TASIKMALAYA,PT3,Telkom Akses,6,8. PT3/Batch 4b thp 2,Prio September,NY Go Live,0,Y,y,20 Branch,#N/A,03. OGP Instalasi,Ready,393,296,,30/09/2026,,"24/08/26 : Preparing Pembayaran CC 31 Sep 2026 (Target FI 6 Sep 2026 dan Target Go Live 8 Sep 2026)
20/08/26 : Preparing Pembayaran CC 26 Agu 2026 (Target FI 6 Sep 2026 dan Target Go Live 8 Sep 2026)
12/08/26 : Preparing Pembayaran CC dan Kesiapan Tim YOFC6/08/26 : Peralihan Permit dr Mitra Fh to YOFC (Pembayaran comcase di tgl 10/08/26)
03/08/26 : KENDALA MATERIAL BLM READY DI LOKASI
22/07/26 : KENDALA MATERIAL BLM READY DI LOKASI",,03. OGP Instalasi,00. Ny Golive,30/09/2026,,,,
13020378,"TSM,CMS,FTTH,MD_CIKAMURANG,160HP",160,  -   ,266953064,"1668456,65",AREA 2,JABAR,TASIKMALAYA,PT3,Telkom Akses,5,8. PT3/Batch 4b thp 2,Prio September,NY Go Live,0,Y,y,20 Branch,#N/A,02. Matdel,Ready,6916,6.006,,30/09/2026,,"24/08/26 : Preparing Pembayaran CC dan Kesiapan Tim Tripola, estimasi 31 Agutus 2026 finish instalasi di tanggal 14 september
20/08/26 : Preparing Pembayaran CC dan Kesiapan Tim Tripola, estimasi 21 Agutus 2026
12/08/26 : Preparing Pembayaran CC dan Kesiapan Tim Tripola, estimasi 20 Agutus 2026
6/08/26 : Proses Pembayaran Comcase dr mitra Konet
03/08/26 : Konfirmasi mitra konet untuk mulai pekerjaan
22/07/26 : KENDALA MATERIAL BLM READY DI LOKASI",,02. Material Delivery,00. Ny Golive,30/09/2026,,,,
13007783,"TSM,PAX,FTTH,MD_PRM_SCANDINAVIA,56HP",56,  -   ,39864627,7.118.683.393,AREA 2,JABAR,TASIKMALAYA,PT3,Telkom Akses,3,8. PT3/Batch 4b thp 2,Prio September,NY Go Live,0,Y,y,20 Branch,#N/A,03. OGP Instalasi,Ready,3673,-,,02/10/2026,,"24/08/26 : Preparing Pembayaran CC 31 Sep 2026 (Target FI 11 Sep 2026 dan Target Go Live 12 Sep 2026)
20/08/26 : Preparing Pembayaran CC 26 Agu 2026 (Target FI 6 Sep 2026 dan Target Go Live 8 Sep 2026)
12/08/26 : Preparing Pembayaran CC dan Kesiapan Tim YOFC
6/08/26 : Peralihan Permit dr Mitra Fh to YOFC (Pembayaran comcase di tgl 10/08/26)
03/08/26 : KENDALA MATERIAL BLM READY DI LOKASI
22/07/26 : KENDALA MATERIAL BLM READY DI LOKASI",,03. OGP Instalasi,00. Ny Golive,02/10/2026,,,,
12995956,"TSM,KAW,FTTH,MD_COVER_FCB_ODC_LES,504HP",504,  -   ,632901358,1.255.756.663,AREA 2,JABAR,TASIKMALAYA,PT3,Telkom Akses,2,6. PT3/Batch 4a,Prio September,NY Go Live,0,Y,y,20 Branch,#N/A,04. Finish Instalasi,Ready,17850,6.455,,12/09/2026,,"24/08/26 : INSTALASI TIANG DONE, KU 12 DONE, KU 24 DONE, KU 48 DONE, DC 10700/10700 progress pemasang odp 64 plan FI 29
20/08/26 : INSTALASI TIANG DONE, KU 12 DONE, KU 24 DONE, KU 48 DONE, DC 11045, PROGRESS INSTALL ODP, GO LIVE 26 AGUSTUS
12/08/26 : INSTALASI TIANG DONE, KU 12 DONE, KU 24 DONE, KU 48 DONE, DC 4500/10700, GO LIVE 26 AGUSTUS
10/08/26 : mulai penarikan DC, Kurang Penarikan DC (11 km) & Pemasangan ODP
6/08/26 : Kurang Penarikan DC (11km) & Pemasangan ODP
03/08/26 : INSTALASI TIANG 157/157, KABEL 12 3200/17850, KABEL 24 875/6455
22/07/26 :  INSTALASI, TIANG 636/724, KABEL 12 8000/25405, KABEL 24 10760/11000, KABEL 48 9500/14300",,04. Finish Instalasi,00. Ny Golive,12/09/2026,,,,
12999205,"TSM,MNJ,FTTH,MD_LANGKAPLANCAR_88,1072HP",1072,  472 ,1796493237,1.675.833.243,AREA 2,JABAR,TASIKMALAYA,PT3,Telkom Akses,1,6. PT3/Batch 4a,Prio Agustus,NY Go Live,0,Y,y,20 Branch,PT3,05. Go Live,Ready,25350,12.800,,,,"03/09/26 : GoLive Parsial D01 56 ODP proses Drawing Plan GL 6 ODP
24/08/26 : INSTALASI TIANG 699/724, KU-12 18340/25405, KU-24 10760/11000, KU-48 11400/14300, KU-96 12000/14600
20/08/26 : INSTALASI TIANG 699/724, KU-12 20850/25405, KU-24 10760/11000, KU-48 11400/14300, KU-96 12000/14600, ODP 32/135
12/08/26 : INSTALASI TIANG 699/724, KU-12 18340/25405, KU-24 10760/11000, KU-48 11400/14300, KU-96 12000/14600
10/08/26 : material sudah di lokasi lanjut penarikan tiang dan tanam tiang
6/08/26 : Kurang Penarikan Kabel 96 (TAG dr Cirebon KU 96 Mos Agustus ZTT)
03/08/26 : INSTALASI TIANG 678/724, KABEL 12 14300/25405, KABEL 24 10760/11000, KABEL 48 11400/14300
22/07/26 : KURANG KABEL 96 KU (16000) 1100044488",,04. Finish Instalasi,01. Golive,Done,,,,
13159752,"TSM,TSM,FTTH,MD_Fortuna Regency,104HP",104,  -   ,59511731,5.722.281.827,AREA 2,JABAR,TASIKMALAYA,PT3,Telkom Akses,1,17. PT3/Batch 6,Prio Agustus,NY Go Live,0,Y,y,20 Branch,PT3,03. OGP Instalasi,Ready,700,1.350,,28/09/2026,,"24/08/26 : Nilai kenaikan boq 480+%
20/08/26 : Menunggu jadwal review design dengan ED dan NPD
12/08/26 : Kendala Perijinan Terkait Nilai Comcase (Wait Approval TSel)
6/08/26 : Kendala Perijinan Terkait Nilai Comcase (Wait Approval TSel)
03/08/26 : Proses Perijinan
22/07/26 : MATERIAL BLM READY",,03. OGP Instalasi,00. Ny Golive,28/09/2026,,,,
13020221,"TSM,PAX,FTTH,MD_Pgrgnng_Purbahayu,640HP",640,  -   ,850941805,"1329596,57",AREA 2,JABAR,TASIKMALAYA,PT3,Telkom Akses,2,8. PT3/Batch 4b,Prio Agustus,NY Go Live,0,Y,y,20 Branch,PT3,03. OGP Instalasi,Ready,15345,7.350,,27/09/2026,,"24/08/26 : perlu rilis budged, Preparing Pembayaran CC 27 Agu 2026, issue PO kabel 48 (TAG dengan Bandung) belum di acc karna material di gunakan untuk pekerjaan IPT plan instalasi 31 FI 18 september 2026
20/08/26 : Preparing Pembayaran CC 21 Agu 2026, issue PO kabel 48 (TAG dengan Bandung)
12/08/26 : Preparing Pembayaran CC dan Kesiapan Tim YOFC
6/08/26 : Peralihan Permit dr Mitra Fh to YOFC (Pembayaran comcase di tgl 10/08/26) P1
03/08/26 : KENDALA MATERIAL BLM READY DI LOKASI
22/07/26 : KENDALA MATERIAL BLM READY DI LOKASI",,03. OGP Instalasi,00. Ny Golive,27/09/2026,,,,
11986963,"TSM,GRU,PT2,GARUT_32167_H2_2025",8,  -   ,2856095,357.011.875,AREA 2,JABAR,TASIKMALAYA,PT2,Telkom Akses,117,11. PT2/Batch 3,Prio September,NY Go Live,0,Y,y,20 Branch,#N/A,00. Propose Drop,,,,,,QE Repair Core,,,,,#N/A,,,,
11986976,"TSM,GRU,PT2,GARUT_103862_H2_2025",8,  -   ,2856095,357.011.875,AREA 2,JABAR,TASIKMALAYA,PT2,Telkom Akses,119,11. PT2/Batch 3,Prio September,NY Go Live,0,Y,y,20 Branch,#N/A,00. Propose Drop,,,,,,QE Repair Core,,,,,#N/A,,,,
11987056,"TSM,GRU,PT2,GARUT_138175_H2_2025",8,  -   ,2856095,357.011.875,AREA 2,JABAR,TASIKMALAYA,PT2,Telkom Akses,123,11. PT2/Batch 3,Prio September,NY Go Live,0,Y,y,20 Branch,#N/A,00. Propose Drop,,,,,,QE Repair Core,,,,,#N/A,,,,
11987467,"TSM,GRU,PT2,GARUT_138198_H2_2025",8,  -   ,2856095,357.011.875,AREA 2,JABAR,TASIKMALAYA,PT2,Telkom Akses,130,11. PT2/Batch 3,Prio September,NY Go Live,0,Y,y,20 Branch,#N/A,00. Propose Drop,,,,,,QE Repair Core,,,,,#N/A,,,,
11987506,"TSM,GRU,PT2,GARUT_138202_H2_2025",8,  -   ,2856095,357.011.875,AREA 2,JABAR,TASIKMALAYA,PT2,Telkom Akses,131,11. PT2/Batch 3,Prio September,NY Go Live,0,Y,y,20 Branch,#N/A,00. Propose Drop,,,,,,QE Repair Core,,,,,#N/A,,,,
11989716,"TSM,GRU,PT2,GARUT_32157_H2_2025",8,  -   ,2856095,357.011.875,AREA 2,JABAR,TASIKMALAYA,PT2,Telkom Akses,159,11. PT2/Batch 3,Prio September,NY Go Live,0,Y,y,20 Branch,#N/A,00. Propose Drop,,,,,,QE Repair Core,,,,,#N/A,,,,
11990427,"TSM,GRU,PT2,GARUT_95013_H2_2025",8,  -   ,2856095,357.011.875,AREA 2,JABAR,TASIKMALAYA,PT2,Telkom Akses,174,11. PT2/Batch 3,Prio September,NY Go Live,0,Y,y,20 Branch,#N/A,01. Persiapan,Ready,,,,,,,,,,#N/A,,,,
11990453,"TSM,GRU,PT2,GARUT_138107_H2_2025",8,  -   ,2856095,357.011.875,AREA 2,JABAR,TASIKMALAYA,PT2,Telkom Akses,175,11. PT2/Batch 3,Prio September,NY Go Live,0,Y,y,20 Branch,#N/A,00. Propose Drop,,,,,,Core Distribusi Habis,,,,,#N/A,,,,
12042844,"TSM,GRU,PT2,GARUT_146799_H2_2025",8,  -   ,2207915,275.989.375,AREA 2,JABAR,TASIKMALAYA,PT2,Telkom Akses,212,11. PT2/Batch 3,Prio September,NY Go Live,0,Y,y,20 Branch,#N/A,00. Propose Drop,,,,,,QE Repair Core,,,,,#N/A,,,,
12043164,"TSM,CKJ,PT2,GARUT_155555_H2_2025",8,  -   ,2207915,275.989.375,AREA 2,JABAR,TASIKMALAYA,PT2,Telkom Akses,214,11. PT2/Batch 3,Prio September,NY Go Live,0,Y,y,20 Branch,#N/A,00. Propose Drop,,,,,,QE Repair Core,,,,,#N/A,,,,
12043174,"TSM,GRU,PT2,GARUT_23046_H2_2025",8,  -   ,2207915,275.989.375,AREA 2,JABAR,TASIKMALAYA,PT2,Telkom Akses,215,11. PT2/Batch 3,Prio September,NY Go Live,0,Y,y,20 Branch,#N/A,00. Propose Drop,,,,,,QE Repair Core,,,,,#N/A,,,,
12043245,"TSM,GRU,PT2,GARUT_138237_H2_2025",8,  -   ,2207915,275.989.375,AREA 2,JABAR,TASIKMALAYA,PT2,Telkom Akses,217,11. PT2/Batch 3,Prio September,NY Go Live,0,Y,y,20 Branch,#N/A,00. Propose Drop,,,,,,QE Repair Core,,,,,#N/A,,,,
12043246,"TSM,CKJ,PT2,GARUT_112961_H2_2025",8,  -   ,2207915,275.989.375,AREA 2,JABAR,TASIKMALAYA,PT2,Telkom Akses,218,11. PT2/Batch 3,Prio September,NY Go Live,0,Y,y,20 Branch,#N/A,00. Propose Drop,,,,,,QE Repair Core,,,,,#N/A,,,,
12043272,"TSM,GRU,PT2,GARUT_59671_H2_2025",8,  -   ,2207915,275.989.375,AREA 2,JABAR,TASIKMALAYA,PT2,Telkom Akses,219,11. PT2/Batch 3,Prio September,NY Go Live,0,Y,y,20 Branch,#N/A,00. Propose Drop,,,,,,QE Repair Core,,,,,#N/A,,,,
12043296,"TSM,GRU,PT2,GARUT_23054_H2_2025",8,  -   ,2207915,275.989.375,AREA 2,JABAR,TASIKMALAYA,PT2,Telkom Akses,220,11. PT2/Batch 3,Prio September,NY Go Live,0,Y,y,20 Branch,#N/A,00. Propose Drop,,,,,,QE Repair Core,,,,,#N/A,,,,
12043346,"TSM,CKJ,PT2,GARUT_121731_H2_2025",8,  -   ,2207915,275.989.375,AREA 2,JABAR,TASIKMALAYA,PT2,Telkom Akses,221,11. PT2/Batch 3,Prio September,NY Go Live,0,Y,y,20 Branch,#N/A,00. Propose Drop,,,,,,QE Repair Core,,,,,#N/A,,,,
12054775,"TSM,GRU,PT2,GARUT_59538_H2_2025",8,  -   ,2207915,275.989.375,AREA 2,JABAR,TASIKMALAYA,PT2,Telkom Akses,313,11. PT2/Batch 3,Prio September,NY Go Live,0,Y,y,20 Branch,#N/A,00. Propose Drop,,,,,,QE Repair Core,,,,,#N/A,,,,
12054796,"TSM,GRU,PT2,GARUT_86199_H2_2025",8,  -   ,2207915,275.989.375,AREA 2,JABAR,TASIKMALAYA,PT2,Telkom Akses,314,11. PT2/Batch 3,Prio September,NY Go Live,0,Y,y,20 Branch,#N/A,00. Propose Drop,,,,,,QE Repair Core,,,,,#N/A,,,,
12054837,"TSM,GRU,PT2,GARUT_146624_H2_2025",8,  -   ,2207915,275.989.375,AREA 2,JABAR,TASIKMALAYA,PT2,Telkom Akses,315,11. PT2/Batch 3,Prio September,NY Go Live,0,Y,y,20 Branch,#N/A,00. Propose Drop,,,,,,QE Repair Core,,,,,#N/A,,,,
12054875,"TSM,PMP,PT2,GARUT_33437_H2_2025",8,  -   ,2207915,275.989.375,AREA 2,JABAR,TASIKMALAYA,PT2,Telkom Akses,316,11. PT2/Batch 3,Prio September,NY Go Live,0,Y,y,20 Branch,#N/A,01. Persiapan,Ready,,,,,,,,,,#N/A,,,,
12054882,"TSM,GRU,PT2,GARUT_68523_H2_2025",8,  -   ,2207915,275.989.375,AREA 2,JABAR,TASIKMALAYA,PT2,Telkom Akses,317,11. PT2/Batch 3,Prio September,NY Go Live,0,Y,y,20 Branch,#N/A,00. Propose Drop,,,,,,QE Repair Core,,,,,#N/A,,,,
12054893,"TSM,CKJ,PT2,GARUT_129828_H2_2025",8,  -   ,2207915,275.989.375,AREA 2,JABAR,TASIKMALAYA,PT2,Telkom Akses,318,11. PT2/Batch 3,Prio September,NY Go Live,0,Y,y,20 Branch,#N/A,00. Propose Drop,,,,,,PT1 - Disolusikan Dengan Alpro Lain,,,,,#N/A,,,,
12054910,"TSM,GRU,PT2,GARUT_103817_H2_2025",8,  -   ,2207915,275.989.375,AREA 2,JABAR,TASIKMALAYA,PT2,Telkom Akses,319,11. PT2/Batch 3,Prio September,NY Go Live,0,Y,y,20 Branch,#N/A,00. Propose Drop,,,,,,QE Repair Core,,,,,#N/A,,,,
12054930,"TSM,PMP,PT2,GARUT_121821_H2_2025",8,  -   ,2207915,275.989.375,AREA 2,JABAR,TASIKMALAYA,PT2,Telkom Akses,321,11. PT2/Batch 3,Prio September,NY Go Live,0,Y,y,20 Branch,#N/A,00. Propose Drop,,,,,,QE Repair Core,,,,,#N/A,,,,
12054936,"TSM,GRU,PT2,GARUT_112573_H2_2025",8,  -   ,2207915,275.989.375,AREA 2,JABAR,TASIKMALAYA,PT2,Telkom Akses,322,11. PT2/Batch 3,Prio September,NY Go Live,0,Y,y,20 Branch,#N/A,00. Propose Drop,,,,,,QE Repair Core,,,,,#N/A,,,,
12054967,"TSM,GRU,PT2,GARUT_121347_H2_2025",8,  -   ,2207915,275.989.375,AREA 2,JABAR,TASIKMALAYA,PT2,Telkom Akses,323,11. PT2/Batch 3,Prio September,NY Go Live,0,Y,y,20 Branch,#N/A,00. Propose Drop,,,,,,QE Repair Core,,,,,#N/A,,,,
12054991,"TSM,GRU,PT2,GARUT_103692_H2_2025",8,  -   ,2207915,275.989.375,AREA 2,JABAR,TASIKMALAYA,PT2,Telkom Akses,324,11. PT2/Batch 3,Prio September,NY Go Live,0,Y,y,20 Branch,#N/A,00. Propose Drop,,,,,,QE Repair Core,,,,,#N/A,,,,
12055009,"TSM,GRU,PT2,GARUT_4099_H2_2025",8,  -   ,2207915,275.989.375,AREA 2,JABAR,TASIKMALAYA,PT2,Telkom Akses,326,11. PT2/Batch 3,Prio September,NY Go Live,0,Y,y,20 Branch,#N/A,00. Propose Drop,,,,,,QE Repair Core,,,,,#N/A,,,,
12055022,"TSM,GRU,PT2,GARUT_59481_H2_2025",8,  -   ,2207915,275.989.375,AREA 2,JABAR,TASIKMALAYA,PT2,Telkom Akses,327,11. PT2/Batch 3,Prio September,NY Go Live,0,Y,y,20 Branch,#N/A,00. Propose Drop,,,,,,QE Repair Core,,,,,#N/A,,,,
12055039,"TSM,GRU,PT2,GARUT_77423_H2_2025",8,  -   ,2207915,275.989.375,AREA 2,JABAR,TASIKMALAYA,PT2,Telkom Akses,329,11. PT2/Batch 3,Prio September,NY Go Live,0,Y,y,20 Branch,#N/A,00. Propose Drop,,,,,,QE Repair Core,,,,,#N/A,,,,
12055052,"TSM,GRU,PT2,GARUT_112549_H2_2025",8,  -   ,2207915,275.989.375,AREA 2,JABAR,TASIKMALAYA,PT2,Telkom Akses,330,11. PT2/Batch 3,Prio September,NY Go Live,0,Y,y,20 Branch,#N/A,00. Propose Drop,,,,,,QE Repair Core,,,,,#N/A,,,,
12055067,"TSM,GRU,PT2,GARUT_129651_H2_2025",8,  -   ,2207915,275.989.375,AREA 2,JABAR,TASIKMALAYA,PT2,Telkom Akses,331,11. PT2/Batch 3,Prio September,NY Go Live,0,Y,y,20 Branch,#N/A,00. Propose Drop,,,,,,QE Repair Core,,,,,#N/A,,,,
12055197,"TSM,PMP,PT2,GARUT_51177_H2_2025",8,  -   ,2207915,275.989.375,AREA 2,JABAR,TASIKMALAYA,PT2,Telkom Akses,333,11. PT2/Batch 3,Prio September,NY Go Live,0,Y,y,20 Branch,#N/A,01. Persiapan,Ready,,,,,,,,,,#N/A,,,,
12055210,"TSM,PMP,PT2,GARUT_69090_H2_2025",8,  -   ,2207915,275.989.375,AREA 2,JABAR,TASIKMALAYA,PT2,Telkom Akses,334,11. PT2/Batch 3,Prio September,NY Go Live,0,Y,y,20 Branch,#N/A,01. Persiapan,Ready,,,,,,,,,,#N/A,,,,
12055298,"TSM,PMP,PT2,GARUT_138718_H2_2025",8,  -   ,2207915,275.989.375,AREA 2,JABAR,TASIKMALAYA,PT2,Telkom Akses,335,11. PT2/Batch 3,Prio September,NY Go Live,0,Y,y,20 Branch,#N/A,01. Persiapan,Ready,,,,,,,,,,#N/A,,,,
12055470,"TSM,PMP,PT2,GARUT_95677_H2_2025",8,  -   ,2207915,275.989.375,AREA 2,JABAR,TASIKMALAYA,PT2,Telkom Akses,337,11. PT2/Batch 3,Prio September,NY Go Live,0,Y,y,20 Branch,#N/A,01. Persiapan,Ready,,,,,,,,,,#N/A,,,,
12055489,"TSM,PMP,PT2,GARUT_69176_H2_2025",8,  -   ,2207915,275.989.375,AREA 2,JABAR,TASIKMALAYA,PT2,Telkom Akses,338,11. PT2/Batch 3,Prio September,NY Go Live,0,Y,y,20 Branch,#N/A,01. Persiapan,Ready,,,,,,,,,,#N/A,,,,
12055555,"TSM,PMP,PT2,GARUT_60178_H2_2025",8,  -   ,2207915,275.989.375,AREA 2,JABAR,TASIKMALAYA,PT2,Telkom Akses,339,11. PT2/Batch 3,Prio September,NY Go Live,0,Y,y,20 Branch,#N/A,01. Persiapan,Ready,,,,,,,,,,#N/A,,,,
12055583,"TSM,CKJ,PT2,GARUT_77689_H2_2025",8,  -   ,2207915,275.989.375,AREA 2,JABAR,TASIKMALAYA,PT2,Telkom Akses,340,11. PT2/Batch 3,Prio September,NY Go Live,0,Y,y,20 Branch,#N/A,00. Propose Drop,,,,,,PT1 - Disolusikan Dengan Alpro Lain,,,,,#N/A,,,,
12075821,"TSM,GRU,PT2,GARUT_68427_H2_2025",8,  -   ,2207915,275.989.375,AREA 2,JABAR,TASIKMALAYA,PT2,Telkom Akses,348,11. PT2/Batch 3,Prio September,NY Go Live,0,Y,y,20 Branch,#N/A,00. Propose Drop,,,,,,QE Repair Core,,,,,#N/A,,,,
12076048,"TSM,GRU,PT2,GARUT_122583_H2_2025",8,  -   ,2207915,275.989.375,AREA 2,JABAR,TASIKMALAYA,PT2,Telkom Akses,349,11. PT2/Batch 3,Prio September,NY Go Live,0,Y,y,20 Branch,#N/A,01. Persiapan,Ready,,,,,,,,,,#N/A,,,,
12076104,"TSM,CKJ,PT2,GARUT_155273_H2_2025",8,  -   ,2207915,275.989.375,AREA 2,JABAR,TASIKMALAYA,PT2,Telkom Akses,350,11. PT2/Batch 3,Prio September,NY Go Live,0,Y,y,20 Branch,#N/A,00. Propose Drop,,,,,,QE Repair Core,,,,,#N/A,,,,
12076139,"TSM,CKJ,PT2,GARUT_121823_H2_2025",8,  -   ,2207915,275.989.375,AREA 2,JABAR,TASIKMALAYA,PT2,Telkom Akses,351,11. PT2/Batch 3,Prio September,NY Go Live,0,Y,y,20 Branch,#N/A,00. Propose Drop,,,,,,QE Repair Core,,,,,#N/A,,,,
12076156,"TSM,PMP,PT2,GARUT_33104_H2_2025",8,  -   ,2207915,275.989.375,AREA 2,JABAR,TASIKMALAYA,PT2,Telkom Akses,352,11. PT2/Batch 3,Prio September,NY Go Live,0,Y,y,20 Branch,#N/A,01. Persiapan,Ready,,,,,,,,,,#N/A,,,,
12076171,"TSM,CKJ,PT2,GARUT_13840_H2_2025",8,  -   ,2207915,275.989.375,AREA 2,JABAR,TASIKMALAYA,PT2,Telkom Akses,353,11. PT2/Batch 3,Prio September,NY Go Live,0,Y,y,20 Branch,#N/A,05. Go Live,Ready,,,,,,,,,,#N/A,,,,
12078415,"TSM,KDN,PT2,GARUT_31775_H2_2025",8,  -   ,2207915,275.989.375,AREA 2,JABAR,TASIKMALAYA,PT2,Telkom Akses,360,11. PT2/Batch 3,Prio September,NY Go Live,0,Y,y,20 Branch,#N/A,00. Propose Drop,,,,,,Core Distribusi Habis,,,,,#N/A,,,,
12078435,"TSM,KDN,PT2,GARUT_137679_H2_2025",8,  -   ,2207915,275.989.375,AREA 2,JABAR,TASIKMALAYA,PT2,Telkom Akses,362,11. PT2/Batch 3,Prio September,NY Go Live,0,Y,y,20 Branch,#N/A,01. Persiapan,Ready,,,,,,,,,,#N/A,,,,
12078461,"TSM,KDN,PT2,GARUT_94590_H2_2025",8,  -   ,2207915,275.989.375,AREA 2,JABAR,TASIKMALAYA,PT2,Telkom Akses,363,11. PT2/Batch 3,Prio September,NY Go Live,0,Y,y,20 Branch,#N/A,01. Persiapan,Ready,,,,,,,,,,#N/A,,,,
12078488,"TSM,KDN,PT2,GARUT_120826_H2_2025",8,  -   ,2207915,275.989.375,AREA 2,JABAR,TASIKMALAYA,PT2,Telkom Akses,364,13. PT2/Batch 5,Prio September,NY Go Live,0,Y,y,20 Branch,#N/A,01. Persiapan,Ready,,,,,,,,,,#N/A,,,,
12078519,"TSM,KDN,PT2,GARUT_41007_H2_2025",8,  -   ,2207915,275.989.375,AREA 2,JABAR,TASIKMALAYA,PT2,Telkom Akses,365,13. PT2/Batch 5,Prio September,NY Go Live,0,Y,y,20 Branch,#N/A,01. Persiapan,Ready,,,,,,,,,,#N/A,,,,
12081993,"TSM,GRU,PT2,GARUT_95094_H2_2025",8,  -   ,2207915,275.989.375,AREA 2,JABAR,TASIKMALAYA,PT2,Telkom Akses,370,13. PT2/Batch 5,Prio September,NY Go Live,0,Y,y,20 Branch,#N/A,01. Persiapan,Ready,,,,,,,,,,#N/A,,,,
12082030,"TSM,GRU,PT2,GARUT_50435_H2_2025",8,  -   ,2207915,275.989.375,AREA 2,JABAR,TASIKMALAYA,PT2,Telkom Akses,371,13. PT2/Batch 5,Prio September,NY Go Live,0,Y,y,20 Branch,#N/A,01. Persiapan,Ready,,,,,,,,,,#N/A,,,,
12082155,"TSM,CBT,PT2,GARUT_40928_H2_2025",8,  -   ,2207915,275.989.375,AREA 2,JABAR,TASIKMALAYA,PT2,Telkom Akses,372,13. PT2/Batch 5,Prio September,NY Go Live,0,Y,y,20 Branch,#N/A,00. Propose Drop,,,,,,PT1 - Disolusikan Dengan Alpro Lain,,,,,#N/A,,,,
12082174,"TSM,CBT,PT2,GARUT_3571_H2_2025",8,  -   ,2207915,275.989.375,AREA 2,JABAR,TASIKMALAYA,PT2,Telkom Akses,373,13. PT2/Batch 5,Prio September,NY Go Live,0,Y,y,20 Branch,#N/A,01. Persiapan,Ready,,,,,,,,,,#N/A,,,,
12082189,GARUT_13216_H2_2025,8,  -   ,2207915,275.989.375,AREA 2,JABAR,TASIKMALAYA,PT2,Telkom Akses,374,13. PT2/Batch 5,Prio September,NY Go Live,0,Y,y,20 Branch,#N/A,01. Persiapan,Ready,,,,,,,,,,#N/A,,,,
12082200,"TSM,KDN,PT2GARUT_112200_H2_2025",8,  -   ,2207915,275.989.375,AREA 2,JABAR,TASIKMALAYA,PT2,Telkom Akses,375,13. PT2/Batch 5,Prio September,NY Go Live,0,Y,y,20 Branch,#N/A,01. Persiapan,Ready,,,,,,,,,,#N/A,,,,
12082236,"TSM,LAG,PT2,GARUT_162599_H2_2025",8,  -   ,2207915,275.989.375,AREA 2,JABAR,TASIKMALAYA,PT2,Telkom Akses,376,13. PT2/Batch 5,Prio September,NY Go Live,0,Y,y,20 Branch,#N/A,00. Propose Drop,,,,,,QE Repair Core,,,,,#N/A,,,,
12082248,"TSM,LAG,PT2,GARUT_128922_H2_2025",8,  -   ,2207915,275.989.375,AREA 2,JABAR,TASIKMALAYA,PT2,Telkom Akses,377,13. PT2/Batch 5,Prio September,NY Go Live,0,Y,y,20 Branch,#N/A,00. Propose Drop,,,,,,QE Repair Core,,,,,#N/A,,,,
12082263,"TSM,MLB,PT2,GARUT_3596_H2_2025",8,  -   ,2207915,275.989.375,AREA 2,JABAR,TASIKMALAYA,PT2,Telkom Akses,378,13. PT2/Batch 5,Prio September,NY Go Live,0,Y,y,20 Branch,#N/A,01. Persiapan,Ready,,,,,,,,,,#N/A,,,,
12082325,"TSM,MLB,PT2,GARUT_76955_H2_2025",8,  -   ,2207915,275.989.375,AREA 2,JABAR,TASIKMALAYA,PT2,Telkom Akses,382,13. PT2/Batch 5,Prio September,NY Go Live,0,Y,y,20 Branch,#N/A,01. Persiapan,Ready,,,,,,,,,,#N/A,,,,
12082356,"TSM,MLB,PT2,GARUT_40888_H2_2025",8,  -   ,2207915,275.989.375,AREA 2,JABAR,TASIKMALAYA,PT2,Telkom Akses,383,13. PT2/Batch 5,Prio September,NY Go Live,0,Y,y,20 Branch,#N/A,01. Persiapan,Ready,,,,,,,,,,#N/A,,,,
12082456,"TSM,MLB,PT2,GARUT_3503_H2_2025",8,  -   ,2207915,275.989.375,AREA 2,JABAR,TASIKMALAYA,PT2,Telkom Akses,384,13. PT2/Batch 5,Prio September,NY Go Live,0,Y,y,20 Branch,#N/A,01. Persiapan,Ready,,,,,,,,,,#N/A,,,,
12043357,"TSM,GRU,PT2,GARUT_41483_H2_2025",8,  -   ,2207915,275.989.375,AREA 2,JABAR,TASIKMALAYA,PT2,Telkom Akses,222,16. PT2/Batch 6 thp 1,Prio September,NY Go Live,0,Y,y,20 Branch,#N/A,01. Persiapan,Ready,,,,,,,,,,#N/A,,,,
12043374,"TSM,CKJ,PT2,GARUT_42083_H2_2025",8,  -   ,2207915,275.989.375,AREA 2,JABAR,TASIKMALAYA,PT2,Telkom Akses,223,16. PT2/Batch 6 thp 1,Prio September,NY Go Live,0,Y,y,20 Branch,#N/A,01. Persiapan,Ready,,,,,,,,,,#N/A,,,,
12043386,"TSM,GRU,PT2,GARUT_22997_H2_2025",8,  -   ,2207915,275.989.375,AREA 2,JABAR,TASIKMALAYA,PT2,Telkom Akses,224,16. PT2/Batch 6 thp 1,Prio September,NY Go Live,0,Y,y,20 Branch,#N/A,01. Persiapan,Ready,,,,,,,,,,#N/A,,,,
12043413,"TSM,CKJ,PT2,GARUT_69121_H2_2025",8,  -   ,2207915,275.989.375,AREA 2,JABAR,TASIKMALAYA,PT2,Telkom Akses,225,16. PT2/Batch 6 thp 1,Prio September,NY Go Live,0,Y,y,20 Branch,#N/A,01. Persiapan,Ready,,,,,,,,,,#N/A,,,,
12043431,"TSM,GRU,PT2,GARUT_77669_H2_2025",8,  -   ,2207915,275.989.375,AREA 2,JABAR,TASIKMALAYA,PT2,Telkom Akses,226,16. PT2/Batch 6 thp 1,Prio September,NY Go Live,0,Y,y,20 Branch,#N/A,01. Persiapan,Ready,,,,,,,,,,#N/A,,,,
12043461,"TSM,CKJ,PT2,GARUT_51075_H2_2025",8,  -   ,2207915,275.989.375,AREA 2,JABAR,TASIKMALAYA,PT2,Telkom Akses,227,16. PT2/Batch 6 thp 1,Prio September,NY Go Live,0,Y,y,20 Branch,#N/A,01. Persiapan,Ready,,,,,,,,,,#N/A,,,,
12043462,"TSM,GRU,PT2,GARUT_171773_H2_2025",8,  -   ,2207915,275.989.375,AREA 2,JABAR,TASIKMALAYA,PT2,Telkom Akses,228,16. PT2/Batch 6 thp 1,Prio September,NY Go Live,0,Y,y,20 Branch,#N/A,01. Persiapan,Ready,,,,,,,,,,#N/A,,,,
12043494,"TSM,GRU,PT2,GARUT_77636_H2_2025",8,  -   ,2207915,275.989.375,AREA 2,JABAR,TASIKMALAYA,PT2,Telkom Akses,229,16. PT2/Batch 6 thp 1,Prio September,NY Go Live,0,Y,y,20 Branch,#N/A,01. Persiapan,Ready,,,,,,,,,,#N/A,,,,
12043526,"TSM,GRU,PT2,GARUT_112782_H2_2025",8,  -   ,2207915,275.989.375,AREA 2,JABAR,TASIKMALAYA,PT2,Telkom Akses,230,16. PT2/Batch 6 thp 1,Prio September,NY Go Live,0,Y,y,20 Branch,#N/A,01. Persiapan,Ready,,,,,,,,,,#N/A,,,,
12043556,"TSM,CKJ,PT2,GARUT_112850_H2_2025",8,  -   ,2207915,275.989.375,AREA 2,JABAR,TASIKMALAYA,PT2,Telkom Akses,231,16. PT2/Batch 6 thp 1,Prio September,NY Go Live,0,Y,y,20 Branch,#N/A,01. Persiapan,Ready,,,,,,,,,,#N/A,,,,
12043572,"TSM,GRU,PT2,GARUT_104016_H2_2025",8,  -   ,2207915,275.989.375,AREA 2,JABAR,TASIKMALAYA,PT2,Telkom Akses,232,16. PT2/Batch 6 thp 1,Prio September,NY Go Live,0,Y,y,20 Branch,#N/A,01. Persiapan,Ready,,,,,,,,,,#N/A,,,,
12043583,"TSM,CKJ,PT2,GARUT_104062_H2_2025",8,  -   ,2207915,275.989.375,AREA 2,JABAR,TASIKMALAYA,PT2,Telkom Akses,233,16. PT2/Batch 6 thp 1,Prio September,NY Go Live,0,Y,y,20 Branch,#N/A,01. Persiapan,Ready,,,,,,,,,,#N/A,,,,
12043609,"TSM,CKJ,PT2,GARUT_86491_H2_2025",8,  -   ,2207915,275.989.375,AREA 2,JABAR,TASIKMALAYA,PT2,Telkom Akses,234,16. PT2/Batch 6 thp 1,Prio September,NY Go Live,0,Y,y,20 Branch,#N/A,01. Persiapan,Ready,,,,,,,,,,#N/A,,,,
12043613,"TSM,GRU,PT2,GARUT_146694_H2_2025",8,  -   ,2207915,275.989.375,AREA 2,JABAR,TASIKMALAYA,PT2,Telkom Akses,235,16. PT2/Batch 6 thp 1,Prio September,NY Go Live,0,Y,y,20 Branch,#N/A,01. Persiapan,Ready,,,,,,,,,,#N/A,,,,
12043644,"TSM,CKJ,PT2,GARUT_77922_H2_2025",8,  -   ,2207915,275.989.375,AREA 2,JABAR,TASIKMALAYA,PT2,Telkom Akses,236,16. PT2/Batch 6 thp 1,Prio September,NY Go Live,0,Y,y,20 Branch,#N/A,01. Persiapan,Ready,,,,,,,,,,#N/A,,,,
12043665,"TSM,CKJ,PT2,GARUT_68968_H2_2025",8,  -   ,2207915,275.989.375,AREA 2,JABAR,TASIKMALAYA,PT2,Telkom Akses,237,16. PT2/Batch 6 thp 1,Prio September,NY Go Live,0,Y,y,20 Branch,#N/A,01. Persiapan,Ready,,,,,,,,,,#N/A,,,,
12043672,"TSM,GRU,PT2,GARUT_155007_H2_2025",8,  -   ,2207915,275.989.375,AREA 2,JABAR,TASIKMALAYA,PT2,Telkom Akses,238,16. PT2/Batch 6 thp 1,Prio September,NY Go Live,0,Y,y,20 Branch,#N/A,01. Persiapan,Ready,,,,,,,,,,#N/A,,,,
12043693,"TSM,CKJ,PT2,GARUT_113056_H2_2025",8,  -   ,2207915,275.989.375,AREA 2,JABAR,TASIKMALAYA,PT2,Telkom Akses,239,16. PT2/Batch 6 thp 1,Prio September,NY Go Live,0,Y,y,20 Branch,#N/A,01. Persiapan,Ready,,,,,,,,,,#N/A,,,,
12043701,"TSM,GRU,PT2,GARUT_138225_H2_2025",8,  -   ,2207915,275.989.375,AREA 2,JABAR,TASIKMALAYA,PT2,Telkom Akses,240,16. PT2/Batch 6 thp 1,Prio September,NY Go Live,0,Y,y,20 Branch,#N/A,01. Persiapan,Ready,,,,,,,,,,#N/A,,,,
12043726,"TSM,GRU,PT2,GARUT_155060_H2_2025",8,  -   ,2207915,275.989.375,AREA 2,JABAR,TASIKMALAYA,PT2,Telkom Akses,241,16. PT2/Batch 6 thp 1,Prio September,NY Go Live,0,Y,y,20 Branch,#N/A,01. Persiapan,Ready,,,,,,,,,,#N/A,,,,
12043749,"TSM,CKJ,PT2,GARUT_78051_H2_2025",8,  -   ,2207915,275.989.375,AREA 2,JABAR,TASIKMALAYA,PT2,Telkom Akses,242,16. PT2/Batch 6 thp 1,Prio September,NY Go Live,0,Y,y,20 Branch,#N/A,01. Persiapan,Ready,,,,,,,,,,#N/A,,,,
12043750,"TSM,GRU,PT2,GARUT_23005_H2_2025",8,  -   ,2207915,275.989.375,AREA 2,JABAR,TASIKMALAYA,PT2,Telkom Akses,243,16. PT2/Batch 6 thp 1,Prio September,NY Go Live,0,Y,y,20 Branch,#N/A,01. Persiapan,Ready,,,,,,,,,,#N/A,,,,
12043786,"TSM,GRU,PT2,GARUT_68550_H2_2025",8,  -   ,2207915,275.989.375,AREA 2,JABAR,TASIKMALAYA,PT2,Telkom Akses,245,16. PT2/Batch 6 thp 1,Prio September,NY Go Live,0,Y,y,20 Branch,#N/A,01. Persiapan,Ready,,,,,,,,,,#N/A,,,,
12043800,"TSM,CKJ,PT2,GARUT_130166_H2_2025",8,  -   ,2207915,275.989.375,AREA 2,JABAR,TASIKMALAYA,PT2,Telkom Akses,246,16. PT2/Batch 6 thp 1,Prio September,NY Go Live,0,Y,y,20 Branch,#N/A,01. Persiapan,Ready,,,,,,,,,,#N/A,,,,
12043820,"TSM,GRU,PT2,GARUT_68557_H2_2025",8,  -   ,2207915,275.989.375,AREA 2,JABAR,TASIKMALAYA,PT2,Telkom Akses,247,16. PT2/Batch 6 thp 1,Prio September,NY Go Live,0,Y,y,20 Branch,#N/A,01. Persiapan,Ready,,,,,,,,,,#N/A,,,,
12043839,"TSM,CKJ,PT2,GARUT_130418_H2_2025",8,  -   ,2207915,275.989.375,AREA 2,JABAR,TASIKMALAYA,PT2,Telkom Akses,248,16. PT2/Batch 6 thp 1,Prio September,NY Go Live,0,Y,y,20 Branch,#N/A,01. Persiapan,Ready,,,,,,,,,,#N/A,,,,
12043849,"TSM,GRU,PT2,GARUT_86242_H2_2025",8,  -   ,2207915,275.989.375,AREA 2,JABAR,TASIKMALAYA,PT2,Telkom Akses,249,16. PT2/Batch 6 thp 1,Prio September,NY Go Live,0,Y,y,20 Branch,#N/A,01. Persiapan,Ready,,,,,,,,,,#N/A,,,,
12043876,"TSM,GRU,PT2,GARUT_171596_H2_2025",8,  -   ,2207915,275.989.375,AREA 2,JABAR,TASIKMALAYA,PT2,Telkom Akses,250,16. PT2/Batch 6 thp 1,Prio September,NY Go Live,0,Y,y,20 Branch,#N/A,01. Persiapan,Ready,,,,,,,,,,#N/A,,,,
12043879,"TSM,CKJ,PT2,GARUT_69279_H2_2025",8,  -   ,2207915,275.989.375,AREA 2,JABAR,TASIKMALAYA,PT2,Telkom Akses,251,16. PT2/Batch 6 thp 1,Prio September,NY Go Live,0,Y,y,20 Branch,#N/A,01. Persiapan,Ready,,,,,,,,,,#N/A,,,,
12043954,"TSM,GRU,PT2,GARUT_103849_H2_2025",8,  -   ,2207915,275.989.375,AREA 2,JABAR,TASIKMALAYA,PT2,Telkom Akses,252,16. PT2/Batch 6 thp 1,Prio September,NY Go Live,0,Y,y,20 Branch,#N/A,01. Persiapan,Ready,,,,,,,,,,#N/A,,,,
12043992,"TSM,GRU,PT2,GARUT_77434_H2_2025",8,  -   ,2207915,275.989.375,AREA 2,JABAR,TASIKMALAYA,PT2,Telkom Akses,254,16. PT2/Batch 6 thp 1,Prio September,NY Go Live,0,Y,y,20 Branch,#N/A,01. Persiapan,Ready,,,,,,,,,,#N/A,,,,
12044000,"TSM,CKJ,PT2,GARUT_155123_H2_2025",8,  -   ,2207915,275.989.375,AREA 2,JABAR,TASIKMALAYA,PT2,Telkom Akses,255,16. PT2/Batch 6 thp 1,Prio September,NY Go Live,0,Y,y,20 Branch,#N/A,01. Persiapan,Ready,,,,,,,,,,#N/A,,,,
12044027,"TSM,GRU,PT2,GARUT_146657_H2_2025",8,  -   ,2207915,275.989.375,AREA 2,JABAR,TASIKMALAYA,PT2,Telkom Akses,256,16. PT2/Batch 6 thp 1,Prio September,NY Go Live,0,Y,y,20 Branch,#N/A,01. Persiapan,Ready,,,,,,,,,,#N/A,,,,
12044063,"TSM,GRU,PT2,GARUT_59509_H2_2025",8,  -   ,2207915,275.989.375,AREA 2,JABAR,TASIKMALAYA,PT2,Telkom Akses,257,16. PT2/Batch 6 thp 1,Prio September,NY Go Live,0,Y,y,20 Branch,#N/A,01. Persiapan,Ready,,,,,,,,,,#N/A,,,,
12044087,"TSM,GRU,PT2,GARUT_68426_H2_2025",8,  -   ,2207915,275.989.375,AREA 2,JABAR,TASIKMALAYA,PT2,Telkom Akses,258,16. PT2/Batch 6 thp 1,Prio September,NY Go Live,0,Y,y,20 Branch,#N/A,01. Persiapan,Ready,,,,,,,,,,#N/A,,,,
12044108,"TSM,GRU,PT2,GARUT_121158_H2_2025",8,  -   ,2207915,275.989.375,AREA 2,JABAR,TASIKMALAYA,PT2,Telkom Akses,259,16. PT2/Batch 6 thp 1,Prio September,NY Go Live,0,Y,y,20 Branch,#N/A,01. Persiapan,Ready,,,,,,,,,,#N/A,,,,
12044195,"TSM,GRU,PT2,GARUT_77270_H2_2025",8,  -   ,2207915,275.989.375,AREA 2,JABAR,TASIKMALAYA,PT2,Telkom Akses,260,16. PT2/Batch 6 thp 1,Prio September,NY Go Live,0,Y,y,20 Branch,#N/A,00. Propose Drop,,,,,,QE Repair Core,,,,,#N/A,,,,
12044209,"TSM,GRU,PT2,GARUT_41259_H2_2025",8,  -   ,2207915,275.989.375,AREA 2,JABAR,TASIKMALAYA,PT2,Telkom Akses,261,16. PT2/Batch 6 thp 1,Prio September,NY Go Live,0,Y,y,20 Branch,#N/A,01. Persiapan,Ready,,,,,,,,,,#N/A,,,,
12045260,"TSM,KDN,PT2,GARUT_137750_H2_2025",8,  -   ,2207915,275.989.375,AREA 2,JABAR,TASIKMALAYA,PT2,Telkom Akses,263,16. PT2/Batch 6 thp 1,Prio September,NY Go Live,0,Y,y,20 Branch,#N/A,01. Persiapan,Ready,,,,,,,,,,#N/A,,,,
12045434,"TSM,KDN,PT2,GARUT_59242_H2_2025",8,  -   ,2207915,275.989.375,AREA 2,JABAR,TASIKMALAYA,PT2,Telkom Akses,269,16. PT2/Batch 6 thp 1,Prio September,NY Go Live,0,Y,y,20 Branch,#N/A,01. Persiapan,Ready,,,,,,,,,,#N/A,,,,
12045497,"TSM,KDN,PT2,GARUT_59155_H2_2025",8,  -   ,2207915,275.989.375,AREA 2,JABAR,TASIKMALAYA,PT2,Telkom Akses,270,16. PT2/Batch 6 thp 1,Prio September,NY Go Live,0,Y,y,20 Branch,#N/A,01. Persiapan,Ready,,,,,,,,,,#N/A,,,,
12045525,"TSM,KDN,PT2,GARUT_94666_H2_2025",8,  -   ,2207915,275.989.375,AREA 2,JABAR,TASIKMALAYA,PT2,Telkom Akses,271,16. PT2/Batch 6 thp 1,Prio September,NY Go Live,0,Y,y,20 Branch,#N/A,01. Persiapan,Ready,,,,,,,,,,#N/A,,,,
12045565,"TSM,KDN,PT2,GARUT_94665_H2_2025",8,  -   ,2207915,275.989.375,AREA 2,JABAR,TASIKMALAYA,PT2,Telkom Akses,272,16. PT2/Batch 6 thp 1,Prio September,NY Go Live,0,Y,y,20 Branch,#N/A,01. Persiapan,Ready,,,,,,,,,,#N/A,,,,
12045594,"TSM,KDN,PT2,GARUT_154489_H2_2025",8,  -   ,2207915,275.989.375,AREA 2,JABAR,TASIKMALAYA,PT2,Telkom Akses,273,16. PT2/Batch 6 thp 1,Prio September,NY Go Live,0,Y,y,20 Branch,#N/A,01. Persiapan,Ready,,,,,,,,,,#N/A,,,,
12045616,"TSM,PMP,PT2,GARUT_122568_H2_2025",8,  -   ,2207915,275.989.375,AREA 2,JABAR,TASIKMALAYA,PT2,Telkom Akses,274,16. PT2/Batch 6 thp 1,Prio September,NY Go Live,0,Y,y,20 Branch,#N/A,01. Persiapan,Ready,,,,,,,,,,#N/A,,,,
12045619,"TSM,LAG,PT2,GARUT_40837_H2_2025",8,  -   ,2207915,275.989.375,AREA 2,JABAR,TASIKMALAYA,PT2,Telkom Akses,275,16. PT2/Batch 6 thp 1,Prio September,NY Go Live,0,Y,y,20 Branch,#N/A,01. Persiapan,Ready,,,,,,,,,,#N/A,,,,
12045640,"TSM,PMP,PT2,GARUT_139502_H2_2025",8,  -   ,2207915,275.989.375,AREA 2,JABAR,TASIKMALAYA,PT2,Telkom Akses,276,16. PT2/Batch 6 thp 1,Prio September,NY Go Live,0,Y,y,20 Branch,#N/A,01. Persiapan,Ready,,,,,,,,,,#N/A,,,,
12045641,"TSM,LAG,PT2,GARUT_94346_H2_2025",8,  -   ,2207915,275.989.375,AREA 2,JABAR,TASIKMALAYA,PT2,Telkom Akses,277,16. PT2/Batch 6 thp 1,Prio September,NY Go Live,0,Y,y,20 Branch,#N/A,01. Persiapan,Ready,,,,,,,,,,#N/A,,,,
12045695,"TSM,LAG,PT2,GARUT_22126_H2_2025",8,  -   ,2207915,275.989.375,AREA 2,JABAR,TASIKMALAYA,PT2,Telkom Akses,278,16. PT2/Batch 6 thp 1,Prio September,NY Go Live,0,Y,y,20 Branch,#N/A,01. Persiapan,Ready,,,,,,,,,,#N/A,,,,
12045714,"TSM,PMP,PT2,GARUT_78972_H2_2025",8,  -   ,2207915,275.989.375,AREA 2,JABAR,TASIKMALAYA,PT2,Telkom Akses,279,16. PT2/Batch 6 thp 1,Prio September,NY Go Live,0,Y,y,20 Branch,#N/A,01. Persiapan,Ready,,,,,,,,,,#N/A,,,,
12045723,"TSM,LAG,PT2,GARUT_162642_H2_2025",8,  -   ,2207915,275.989.375,AREA 2,JABAR,TASIKMALAYA,PT2,Telkom Akses,280,16. PT2/Batch 6 thp 1,Prio September,NY Go Live,0,Y,y,20 Branch,#N/A,01. Persiapan,Ready,,,,,,,,,,#N/A,,,,
12045767,"TSM,MLB,PT2,GARUT_22342_H2_2025",8,  -   ,2207915,275.989.375,AREA 2,JABAR,TASIKMALAYA,PT2,Telkom Akses,281,16. PT2/Batch 6 thp 1,Prio September,NY Go Live,0,Y,y,20 Branch,#N/A,01. Persiapan,Ready,,,,,,,,,,#N/A,,,,
12045808,"SM,WNR,PT2,GARUT_41236_H2_2025",8,  -   ,2207915,275.989.375,AREA 2,JABAR,TASIKMALAYA,PT2,Telkom Akses,282,16. PT2/Batch 6 thp 1,Prio September,NY Go Live,0,Y,y,20 Branch,#N/A,01. Persiapan,Ready,,,,,,,,,,#N/A,,,,
12045809,"TSM,PMP,PT2,GARUT_148011_H2_2025",8,  -   ,2207915,275.989.375,AREA 2,JABAR,TASIKMALAYA,PT2,Telkom Akses,283,16. PT2/Batch 6 thp 1,Prio September,NY Go Live,0,Y,y,20 Branch,#N/A,01. Persiapan,Ready,,,,,,,,,,#N/A,,,,
12045833,"TSM,PMP,PT2,GARUT_61095_H2_2025",8,  -   ,2207915,275.989.375,AREA 2,JABAR,TASIKMALAYA,PT2,Telkom Akses,284,16. PT2/Batch 6 thp 1,Prio September,NY Go Live,0,Y,y,20 Branch,#N/A,01. Persiapan,Ready,,,,,,,,,,#N/A,,,,
12045844,"TSM,WNR,PT2,GARUT_41221_H2_2025",8,  -   ,2207915,275.989.375,AREA 2,JABAR,TASIKMALAYA,PT2,Telkom Akses,285,16. PT2/Batch 6 thp 1,Prio September,NY Go Live,0,Y,y,20 Branch,#N/A,01. Persiapan,Ready,,,,,,,,,,#N/A,,,,
12045853,"TSM,PMP,PT2,GARUT_122626_H2_2025",8,  -   ,2207915,275.989.375,AREA 2,JABAR,TASIKMALAYA,PT2,Telkom Akses,286,16. PT2/Batch 6 thp 1,Prio September,NY Go Live,0,Y,y,20 Branch,#N/A,01. Persiapan,Ready,,,,,,,,,,#N/A,,,,
12045877,"TSM,PMP,PT2,GARUT_33665_H2_2025",8,  -   ,2207915,275.989.375,AREA 2,JABAR,TASIKMALAYA,PT2,Telkom Akses,287,16. PT2/Batch 6 thp 1,Prio September,NY Go Live,0,Y,y,20 Branch,#N/A,01. Persiapan,Ready,,,,,,,,,,#N/A,,,,
12045884,"TSM,WNR,PT2,GARUT_22751_H2_2025",8,  -   ,2207915,275.989.375,AREA 2,JABAR,TASIKMALAYA,PT2,Telkom Akses,288,16. PT2/Batch 6 thp 1,Prio September,NY Go Live,0,Y,y,20 Branch,#N/A,01. Persiapan,Ready,,,,,,,,,,#N/A,,,,
12045913,"TSM,WNR,PT2,GARUT_13421_H2_2025",8,  -   ,2207915,275.989.375,AREA 2,JABAR,TASIKMALAYA,PT2,Telkom Akses,289,16. PT2/Batch 6 thp 1,Prio September,NY Go Live,0,Y,y,20 Branch,#N/A,01. Persiapan,Ready,,,,,,,,,,#N/A,,,,
12045930,"TSM,PMP,PT2,GARUT_87686_H2_2025",8,  -   ,2207915,275.989.375,AREA 2,JABAR,TASIKMALAYA,PT2,Telkom Akses,290,16. PT2/Batch 6 thp 1,Prio September,NY Go Live,0,Y,y,20 Branch,#N/A,01. Persiapan,Ready,,,,,,,,,,#N/A,,,,
12045972,"TSM,PMP,PT2,GARUT_122559_H2_2025",8,  -   ,2207915,275.989.375,AREA 2,JABAR,TASIKMALAYA,PT2,Telkom Akses,291,16. PT2/Batch 6 thp 1,Prio September,NY Go Live,0,Y,y,20 Branch,#N/A,01. Persiapan,Ready,,,,,,,,,,#N/A,,,,
12045989,"TSM,PMP,PT2,GARUT_131064_H2_2025",8,  -   ,2207915,275.989.375,AREA 2,JABAR,TASIKMALAYA,PT2,Telkom Akses,292,16. PT2/Batch 6 thp 1,Prio September,NY Go Live,0,Y,y,20 Branch,#N/A,01. Persiapan,Ready,,,,,,,,,,#N/A,,,,
12046045,"TSM,PMP,PT2,GARUT_33628_H2_2025",8,  -   ,2207915,275.989.375,AREA 2,JABAR,TASIKMALAYA,PT2,Telkom Akses,293,16. PT2/Batch 6 thp 1,Prio September,NY Go Live,0,Y,y,20 Branch,#N/A,01. Persiapan,Ready,,,,,,,,,,#N/A,,,,
12046086,"TSM,PMP,PT2,GARUT_156332_H2_2025",8,  -   ,2207915,275.989.375,AREA 2,JABAR,TASIKMALAYA,PT2,Telkom Akses,294,16. PT2/Batch 6 thp 1,Prio September,NY Go Live,0,Y,y,20 Branch,#N/A,01. Persiapan,Ready,,,,,,,,,,#N/A,,,,
12046106,"TSM,PMP,PT2,GARUT_15056_H2_2025",8,  -   ,2207915,275.989.375,AREA 2,JABAR,TASIKMALAYA,PT2,Telkom Akses,295,16. PT2/Batch 6 thp 1,Prio September,NY Go Live,0,Y,y,20 Branch,#N/A,01. Persiapan,Ready,,,,,,,,,,#N/A,,,,
12046165,"TSM,PMP,PT2,GARUT_69430_H2_2025",8,  -   ,2207915,275.989.375,AREA 2,JABAR,TASIKMALAYA,PT2,Telkom Akses,296,16. PT2/Batch 6 thp 1,Prio September,NY Go Live,0,Y,y,20 Branch,#N/A,01. Persiapan,Ready,,,,,,,,,,#N/A,,,,
12053806,"TSM,LAG,PT2,GARUT_111925_H2_2025",8,  -   ,2207915,275.989.375,AREA 2,JABAR,TASIKMALAYA,PT2,Telkom Akses,299,16. PT2/Batch 6 thp 1,Prio September,NY Go Live,0,Y,y,20 Branch,#N/A,01. Persiapan,Ready,,,,,,,,,,#N/A,,,,
12054210,"TSM,GRU,PT2,GARUT_103789_H2_2025",8,  -   ,2207915,275.989.375,AREA 2,JABAR,TASIKMALAYA,PT2,Telkom Akses,303,16. PT2/Batch 6 thp 1,Prio September,NY Go Live,0,Y,y,20 Branch,#N/A,01. Persiapan,Ready,,,,,,,,,,#N/A,,,,
12054310,"TSM,GRU,PT2,GARUT_4061_H2_2025",8,  -   ,2207915,275.989.375,AREA 2,JABAR,TASIKMALAYA,PT2,Telkom Akses,304,16. PT2/Batch 6 thp 1,Prio September,NY Go Live,0,Y,y,20 Branch,#N/A,01. Persiapan,Ready,,,,,,,,,,#N/A,,,,
12054353,"TSM,GRU,PT2,GARUT_129759_H2_2025",8,  -   ,2207915,275.989.375,AREA 2,JABAR,TASIKMALAYA,PT2,Telkom Akses,305,16. PT2/Batch 6 thp 1,Prio September,NY Go Live,0,Y,y,20 Branch,#N/A,01. Persiapan,Ready,,,,,,,,,,#N/A,,,,
12054379,"TSM,GRU,PT2,GARUT_146683_H2_2025",8,  -   ,2207915,275.989.375,AREA 2,JABAR,TASIKMALAYA,PT2,Telkom Akses,306,16. PT2/Batch 6 thp 1,Prio September,NY Go Live,0,Y,y,20 Branch,#N/A,01. Persiapan,Ready,,,,,,,,,,#N/A,,,,
12054416,"TSM,GRU,PT2,GARUT_112531_H2_2025",8,  -   ,2207915,275.989.375,AREA 2,JABAR,TASIKMALAYA,PT2,Telkom Akses,307,16. PT2/Batch 6 thp 1,Prio September,NY Go Live,0,Y,y,20 Branch,#N/A,01. Persiapan,Ready,,,,,,,,,,#N/A,,,,
12054672,"TSM,GRU,PT2,GARUT_112510_H2_2025",8,  -   ,2207915,275.989.375,AREA 2,JABAR,TASIKMALAYA,PT2,Telkom Akses,309,16. PT2/Batch 6 thp 1,Prio September,NY Go Live,0,Y,y,20 Branch,#N/A,01. Persiapan,Ready,,,,,,,,,,#N/A,,,,
12054695,"TSM,GRU,PT2,GARUT_32073_H2_2025",8,  -   ,2207915,275.989.375,AREA 2,JABAR,TASIKMALAYA,PT2,Telkom Akses,310,16. PT2/Batch 6 thp 1,Prio September,NY Go Live,0,Y,y,20 Branch,#N/A,01. Persiapan,Ready,,,,,,,,,,#N/A,,,,
12054724,"TSM,GRU,PT2,GARUT_171430_H2_2025",8,  -   ,2207915,275.989.375,AREA 2,JABAR,TASIKMALAYA,PT2,Telkom Akses,311,16. PT2/Batch 6 thp 1,Prio September,NY Go Live,0,Y,y,20 Branch,#N/A,00. Propose Drop,,,,,,QE Repair Core,,,,,#N/A,,,,
12054751,"TSM,GRU,PT2,GARUT_129549_H2_2025",8,  -   ,2207915,275.989.375,AREA 2,JABAR,TASIKMALAYA,PT2,Telkom Akses,312,16. PT2/Batch 6 thp 1,Prio September,NY Go Live,0,Y,y,20 Branch,#N/A,00. Propose Drop,,,,,,QE Repair Core,,,,,#N/A,,,,
12082274,"TSM,MLB,PT2,GARUT_40782_H2_2025",8,  -   ,2207915,275.989.375,AREA 2,JABAR,TASIKMALAYA,PT2,Telkom Akses,379,16. PT2/Batch 6 thp 1,Prio September,NY Go Live,0,Y,y,20 Branch,#N/A,01. Persiapan,Ready,,,,,,,,,,#N/A,,,,
12082285,"TSM,MLB,PT2,GARUT_94537_H2_2025",8,  -   ,2207915,275.989.375,AREA 2,JABAR,TASIKMALAYA,PT2,Telkom Akses,380,16. PT2/Batch 6 thp 1,Prio September,NY Go Live,0,Y,y,20 Branch,#N/A,01. Persiapan,Ready,,,,,,,,,,#N/A,,,,
12082309,"TSM,MLB,PT2,GARUT_12944_H2_2025",8,  -   ,2207915,275.989.375,AREA 2,JABAR,TASIKMALAYA,PT2,Telkom Akses,381,16. PT2/Batch 6 thp 1,Prio September,NY Go Live,0,Y,y,20 Branch,#N/A,01. Persiapan,Ready,,,,,,,,,,#N/A,,,,
12082480,"TSM,MLB,PT2,GARUT_58965_H2_2025",8,  -   ,2207915,275.989.375,AREA 2,JABAR,TASIKMALAYA,PT2,Telkom Akses,385,16. PT2/Batch 6 thp 1,Prio September,NY Go Live,0,Y,y,20 Branch,#N/A,01. Persiapan,Ready,,,,,,,,,,#N/A,,,,
12083726,"TSM,MLB,PT2,GARUT_22357_H2_2025",8,  -   ,2207915,275.989.375,AREA 2,JABAR,TASIKMALAYA,PT2,Telkom Akses,386,16. PT2/Batch 6 thp 1,Prio September,NY Go Live,0,Y,y,20 Branch,#N/A,01. Persiapan,Ready,,,,,,,,,,#N/A,,,,
12083742,"TSM,MLB,PT2,GARUT_129090_H2_2025",8,  -   ,2207915,275.989.375,AREA 2,JABAR,TASIKMALAYA,PT2,Telkom Akses,387,16. PT2/Batch 6 thp 1,Prio September,NY Go Live,0,Y,y,20 Branch,#N/A,01. Persiapan,Ready,,,,,,,,,,#N/A,,,,
12083755,"TSM,MLB,PT2,GARUT_67998_H2_2025",8,  -   ,2207915,275.989.375,AREA 2,JABAR,TASIKMALAYA,PT2,Telkom Akses,388,16. PT2/Batch 6 thp 1,Prio September,NY Go Live,0,Y,y,20 Branch,#N/A,01. Persiapan,Ready,,,,,,,,,,#N/A,,,,
12085579,"TSM,WNR,PT2,GARUT_163241_H2_2025",8,  -   ,2207915,275.989.375,AREA 2,JABAR,TASIKMALAYA,PT2,Telkom Akses,389,16. PT2/Batch 6 thp 1,Prio September,NY Go Live,0,Y,y,20 Branch,#N/A,01. Persiapan,Ready,,,,,,,,,,#N/A,,,,
12085612,"TSM,WNR,PT2,GARUT_59456_H2_2025",8,  -   ,2207915,275.989.375,AREA 2,JABAR,TASIKMALAYA,PT2,Telkom Akses,390,16. PT2/Batch 6 thp 1,Prio September,NY Go Live,0,Y,y,20 Branch,#N/A,01. Persiapan,Ready,,,,,,,,,,#N/A,,,,
12085626,"TSM,WNR,PT2,GARUT_138065_H2_2025",8,  -   ,2207915,275.989.375,AREA 2,JABAR,TASIKMALAYA,PT2,Telkom Akses,391,16. PT2/Batch 6 thp 1,Prio September,NY Go Live,0,Y,y,20 Branch,#N/A,01. Persiapan,Ready,,,,,,,,,,#N/A,,,,
12085647,"TSM,WNR,PT2,GARUT_4043_H2_2025",8,  -   ,2207915,275.989.375,AREA 2,JABAR,TASIKMALAYA,PT2,Telkom Akses,392,16. PT2/Batch 6 thp 1,Prio September,NY Go Live,0,Y,y,20 Branch,#N/A,01. Persiapan,Ready,,,,,,,,,,#N/A,,,,
12085660,"TSM,WNR,PT2,GARUT_138016_H2_2025",8,  -   ,2207915,275.989.375,AREA 2,JABAR,TASIKMALAYA,PT2,Telkom Akses,393,16. PT2/Batch 6 thp 1,Prio September,NY Go Live,0,Y,y,20 Branch,#N/A,01. Persiapan,Ready,,,,,,,,,,#N/A,,,,
12085686,"TSM,WNR,PT2,GARUT_22836_H2_2025",8,  -   ,2207915,275.989.375,AREA 2,JABAR,TASIKMALAYA,PT2,Telkom Akses,394,16. PT2/Batch 6 thp 1,Prio September,NY Go Live,0,Y,y,20 Branch,#N/A,01. Persiapan,Ready,,,,,,,,,,#N/A,,,,
12085700,"TSM,WNR,PT2,GARUT_129632_H2_2025",8,  -   ,2207915,275.989.375,AREA 2,JABAR,TASIKMALAYA,PT2,Telkom Akses,395,16. PT2/Batch 6 thp 1,Prio September,NY Go Live,0,Y,y,20 Branch,#N/A,01. Persiapan,Ready,,,,,,,,,,#N/A,,,,
12085711,"TSM,WNR,PT2,GARUT_22701_H2_2025",8,  -   ,2207915,275.989.375,AREA 2,JABAR,TASIKMALAYA,PT2,Telkom Akses,396,16. PT2/Batch 6 thp 1,Prio September,NY Go Live,0,Y,y,20 Branch,#N/A,01. Persiapan,Ready,,,,,,,,,,#N/A,,,,
12085736,"TSM,WNR,PT2,GARUT_146388_H2_2025",8,  -   ,2207915,275.989.375,AREA 2,JABAR,TASIKMALAYA,PT2,Telkom Akses,397,16. PT2/Batch 6 thp 1,Prio September,NY Go Live,0,Y,y,20 Branch,#N/A,01. Persiapan,Ready,,,,,,,,,,#N/A,,,,
12085747,"TSM,WNR,PT2,GARUT_103710_H2_2025",8,  -   ,2207915,275.989.375,AREA 2,JABAR,TASIKMALAYA,PT2,Telkom Akses,398,16. PT2/Batch 6 thp 1,Prio September,NY Go Live,0,Y,y,20 Branch,#N/A,01. Persiapan,Ready,,,,,,,,,,#N/A,,,,
12085778,"TSM,WNR,PT2,GARUT_85994_H2_2025",8,  -   ,2207915,275.989.375,AREA 2,JABAR,TASIKMALAYA,PT2,Telkom Akses,399,16. PT2/Batch 6 thp 1,Prio September,NY Go Live,0,Y,y,20 Branch,#N/A,00. Propose Drop,,,,,,QE Repair Core,,,,,#N/A,,,,
12085787,"TSM,WNR,PT2,GARUT_41252_H2_2025",8,  -   ,2207915,275.989.375,AREA 2,JABAR,TASIKMALAYA,PT2,Telkom Akses,400,16. PT2/Batch 6 thp 1,Prio September,NY Go Live,0,Y,y,20 Branch,#N/A,00. Propose Drop,,,,,,QE Repair Core,,,,,#N/A,,,,
12085803,"TSM,WNR,PT2,GARUT_22861_H2_2025",8,  -   ,2207915,275.989.375,AREA 2,JABAR,TASIKMALAYA,PT2,Telkom Akses,401,16. PT2/Batch 6 thp 1,Prio September,NY Go Live,0,Y,y,20 Branch,#N/A,01. Persiapan,Ready,,,,,,,,,,#N/A,,,,
13200701,ODP-LEM-FAS/128,8,  -   ,791141,98.892.625,AREA 2,JABAR,BANDUNG,PT2,Telkom Akses,47,18. PT2/Batch 6 thp 2,Prio September,NY Go Live,0,Y,y,20 Branch,#N/A,00. Propose Drop,,,,,,"Irisan Cleansing Port 2,3 Jt",,,,,#N/A,,,,
13200758,ODP-LEM-FAH/075,8,  -   ,791141,98.892.625,AREA 2,JABAR,BANDUNG,PT2,Telkom Akses,48,18. PT2/Batch 6 thp 2,Prio September,NY Go Live,0,Y,y,20 Branch,#N/A,00. Propose Drop,,,,,,"Irisan Cleansing Port 2,3 Jt",,,,,#N/A,,,,
13200788,ODP-LEM-FBA/028,8,  -   ,791141,98.892.625,AREA 2,JABAR,BANDUNG,PT2,Telkom Akses,49,18. PT2/Batch 6 thp 2,Prio September,NY Go Live,0,Y,y,20 Branch,#N/A,00. Propose Drop,,,,,,QE Repair Core,,,,,#N/A,,,,
13200822,ODP-CLL-FAG/019,8,  -   ,791141,98.892.625,AREA 2,JABAR,BANDUNG,PT2,Telkom Akses,50,18. PT2/Batch 6 thp 2,Prio September,NY Go Live,0,Y,y,20 Branch,#N/A,00. Propose Drop,Ready,,,,,"Irisan Cleansing Port 2,3 Jt",,,,,#N/A,,,,
13200942,ODP-BTJ-FBA/055,8,  -   ,791141,98.892.625,AREA 2,JABAR,BANDUNG,PT2,Telkom Akses,59,18. PT2/Batch 6 thp 2,Prio September,NY Go Live,0,Y,y,20 Branch,#N/A,01. Persiapan,Ready,,,,,,,,,,#N/A,,,,
13200956,ODP-PCH-FBC/009,8,  -   ,791141,98.892.625,AREA 2,JABAR,BANDUNG,PT2,Telkom Akses,60,18. PT2/Batch 6 thp 2,Prio September,NY Go Live,0,Y,y,20 Branch,#N/A,01. Persiapan,Ready,,,,,,,,,,#N/A,,,,
13200987,ODP-LEM-FAF/020,8,  -   ,791141,98.892.625,AREA 2,JABAR,BANDUNG,PT2,Telkom Akses,63,18. PT2/Batch 6 thp 2,Prio September,NY Go Live,0,Y,y,20 Branch,#N/A,00. Propose Drop,,,,,,QE Repair Core,,,,,#N/A,,,,
13201007,ODP-BTJ-FDD/043,8,  -   ,791141,98.892.625,AREA 2,JABAR,BANDUNG,PT2,Telkom Akses,64,18. PT2/Batch 6 thp 2,Prio September,NY Go Live,0,Y,y,20 Branch,#N/A,01. Persiapan,Ready,,,,,,,,,,#N/A,,,,
13201044,ODP-BTJ-FDP/061,8,  -   ,791141,98.892.625,AREA 2,JABAR,BANDUNG,PT2,Telkom Akses,65,18. PT2/Batch 6 thp 2,Prio September,NY Go Live,0,Y,y,20 Branch,#N/A,00. Propose Drop,,,,,,QE Repair Core,,,,,#N/A,,,,
13201065,ODP-CMI-FBU/024,8,  -   ,791141,98.892.625,AREA 2,JABAR,BANDUNG,PT2,Telkom Akses,66,18. PT2/Batch 6 thp 2,Prio September,NY Go Live,0,Y,y,20 Branch,#N/A,00. Propose Drop,,,,,,"Irisan Cleansing Port 2,3 Jt",,,,,#N/A,,,,
13201093,ODP-CMI-FCD/092,8,  -   ,791141,98.892.625,AREA 2,JABAR,BANDUNG,PT2,Telkom Akses,67,18. PT2/Batch 6 thp 2,Prio September,NY Go Live,0,Y,y,20 Branch,#N/A,00. Propose Drop,,,,,,"Irisan Cleansing Port 2,3 Jt",,,,,#N/A,,,,
13201144,ODP-BTJ-FDV/093,8,  -   ,791141,98.892.625,AREA 2,JABAR,BANDUNG,PT2,Telkom Akses,72,18. PT2/Batch 6 thp 2,Prio September,NY Go Live,0,Y,y,20 Branch,#N/A,01. Persiapan,Ready,,,,,,,,,,#N/A,,,,
13201241,ODP-CSA-FBG/097,8,  -   ,791141,98.892.625,AREA 2,JABAR,BANDUNG,PT2,Telkom Akses,75,18. PT2/Batch 6 thp 2,Prio September,NY Go Live,0,Y,y,20 Branch,#N/A,00. Propose Drop,,,,,,QE Repair Core,,,,,#N/A,,,,
13201242,ODP-CMI-FCP/053,8,  -   ,791141,98.892.625,AREA 2,JABAR,BANDUNG,PT2,Telkom Akses,76,18. PT2/Batch 6 thp 2,Prio September,NY Go Live,0,Y,y,20 Branch,#N/A,01. Persiapan,Ready,,,,,,,,,,#N/A,,,,
13201286,ODP-CMI-FCS/137,8,  -   ,791141,98.892.625,AREA 2,JABAR,BANDUNG,PT2,Telkom Akses,79,18. PT2/Batch 6 thp 2,Prio September,NY Go Live,0,Y,y,20 Branch,#N/A,00. Propose Drop,,,,,,"Irisan Cleansing Port 2,3 Jt",,,,,#N/A,,,,
13201320,ODP-BTJ-FDT/016,8,  -   ,791141,98.892.625,AREA 2,JABAR,BANDUNG,PT2,Telkom Akses,81,18. PT2/Batch 6 thp 2,Prio September,NY Go Live,0,Y,y,20 Branch,#N/A,01. Persiapan,Ready,,,,,,,,,,#N/A,,,,
13201326,ODP-NJG-FBC/049,8,  -   ,791141,98.892.625,AREA 2,JABAR,BANDUNG,PT2,Telkom Akses,82,18. PT2/Batch 6 thp 2,Prio September,NY Go Live,0,Y,y,20 Branch,#N/A,00. Propose Drop,,,,,,QE Repair Core,,,,,#N/A,,,,
13201344,ODP-CLL-FAK/051,8,  -   ,791141,98.892.625,AREA 2,JABAR,BANDUNG,PT2,Telkom Akses,85,18. PT2/Batch 6 thp 2,Prio September,NY Go Live,0,Y,y,20 Branch,#N/A,00. Propose Drop,Ready,,,,,"Irisan Cleansing Port 2,3 Jt",,,,,#N/A,,,,
13201349,ODP-CMI-FDB/102,8,  -   ,791141,98.892.625,AREA 2,JABAR,BANDUNG,PT2,Telkom Akses,86,18. PT2/Batch 6 thp 2,Prio September,NY Go Live,0,Y,y,20 Branch,#N/A,00. Propose Drop,,,,,,"Irisan Cleansing Port 2,3 Jt",,,,,#N/A,,,,
13201358,ODP-NJG-FBP/001,8,  -   ,791141,98.892.625,AREA 2,JABAR,BANDUNG,PT2,Telkom Akses,87,18. PT2/Batch 6 thp 2,Prio September,NY Go Live,0,Y,y,20 Branch,#N/A,00. Propose Drop,,,,,,"Irisan Cleansing Port 2,3 Jt",,,,,#N/A,,,,
13201393,ODP-CKW-FAG/072,8,  -   ,791141,98.892.625,AREA 2,JABAR,BANDUNG,PT2,Telkom Akses,88,18. PT2/Batch 6 thp 2,Prio September,NY Go Live,0,Y,y,20 Branch,#N/A,01. Persiapan,Ready,,,,,,,,,,#N/A,,,,
13201398,ODP-CSA-FBD/076,8,  -   ,791141,98.892.625,AREA 2,JABAR,BANDUNG,PT2,Telkom Akses,89,18. PT2/Batch 6 thp 2,Prio September,NY Go Live,0,Y,y,20 Branch,#N/A,00. Propose Drop,,,,,,QE Repair Core,,,,,#N/A,,,,
13201435,ODP-CLL-FAD/039,8,  -   ,791141,98.892.625,AREA 2,JABAR,BANDUNG,PT2,Telkom Akses,91,18. PT2/Batch 6 thp 2,Prio September,NY Go Live,0,Y,y,20 Branch,#N/A,01. Persiapan,Ready,,,,,,,,,,#N/A,,,,
13201450,ODP-CSA-FAB/045,8,  -   ,791141,98.892.625,AREA 2,JABAR,BANDUNG,PT2,Telkom Akses,92,18. PT2/Batch 6 thp 2,Prio September,NY Go Live,0,Y,y,20 Branch,#N/A,00. Propose Drop,,,,,,QE Repair Core,,,,,#N/A,,,,
13201603,ODP-CLL-FAL/024,8,  -   ,791141,98.892.625,AREA 2,JABAR,BANDUNG,PT2,Telkom Akses,97,18. PT2/Batch 6 thp 2,Prio September,NY Go Live,0,Y,y,20 Branch,#N/A,01. Persiapan,Ready,,,,,,,,,,#N/A,,,,
13201707,ODP-BTJ-FBB/013,8,  -   ,791141,98.892.625,AREA 2,JABAR,BANDUNG,PT2,Telkom Akses,101,18. PT2/Batch 6 thp 2,Prio September,NY Go Live,0,Y,y,20 Branch,#N/A,00. Propose Drop,Ready,,,,,"Irisan Cleansing Port 2,3 Jt",,,,,#N/A,,,,
13201723,ODP-BTJ-FDQ/040,8,  -   ,791141,98.892.625,AREA 2,JABAR,BANDUNG,PT2,Telkom Akses,102,18. PT2/Batch 6 thp 2,Prio September,NY Go Live,0,Y,y,20 Branch,#N/A,00. Propose Drop,Ready,,,,,"Irisan Cleansing Port 2,3 Jt",,,,,#N/A,,,,
13201730,ODP-CSA-FBC/095,8,  -   ,791141,98.892.625,AREA 2,JABAR,BANDUNG,PT2,Telkom Akses,104,18. PT2/Batch 6 thp 2,Prio September,NY Go Live,0,Y,y,20 Branch,#N/A,00. Propose Drop,,,,,,QE Repair Core,,,,,#N/A,,,,
13201732,ODP-CSA-FBC/097,8,  -   ,791141,98.892.625,AREA 2,JABAR,BANDUNG,PT2,Telkom Akses,105,18. PT2/Batch 6 thp 2,Prio September,NY Go Live,0,Y,y,20 Branch,#N/A,00. Propose Drop,,,,,,"Irisan Cleansing Port 2,3 Jt",,,,,#N/A,,,,
13201733,ODP-NJG-FBK/056,8,  -   ,791141,98.892.625,AREA 2,JABAR,BANDUNG,PT2,Telkom Akses,106,18. PT2/Batch 6 thp 2,Prio September,NY Go Live,0,Y,y,20 Branch,#N/A,00. Propose Drop,Ready,,,,,"Irisan Cleansing Port 2,3 Jt",,,,,#N/A,,,,
13201747,ODP-CSA-FBG/003,8,  -   ,791141,98.892.625,AREA 2,JABAR,BANDUNG,PT2,Telkom Akses,107,18. PT2/Batch 6 thp 2,Prio September,NY Go Live,0,Y,y,20 Branch,#N/A,00. Propose Drop,,,,,,"Irisan Cleansing Port 2,3 Jt",,,,,#N/A,,,,
13201780,ODP-CMI-FDC/059,8,  -   ,791141,98.892.625,AREA 2,JABAR,BANDUNG,PT2,Telkom Akses,108,18. PT2/Batch 6 thp 2,Prio September,NY Go Live,0,Y,y,20 Branch,#N/A,00. Propose Drop,Ready,,,,,"Irisan Cleansing Port 2,3 Jt",,,,,#N/A,,,,
13201800,ODP-CMI-FDG/040,8,  -   ,791141,98.892.625,AREA 2,JABAR,BANDUNG,PT2,Telkom Akses,111,18. PT2/Batch 6 thp 2,Prio September,NY Go Live,0,Y,y,20 Branch,#N/A,00. Propose Drop,,,,,,"Irisan Cleansing Port 2,3 Jt",,,,,#N/A,,,,
13201811,ODP-LEM-FAU/074,8,  -   ,791141,98.892.625,AREA 2,JABAR,BANDUNG,PT2,Telkom Akses,113,18. PT2/Batch 6 thp 2,Prio September,NY Go Live,0,Y,y,20 Branch,#N/A,00. Propose Drop,,,,,,"Irisan Cleansing Port 2,3 Jt",,,,,#N/A,,,,
13201816,ODP-CMI-FDN/087,8,  -   ,791141,98.892.625,AREA 2,JABAR,BANDUNG,PT2,Telkom Akses,114,18. PT2/Batch 6 thp 2,Prio September,NY Go Live,0,Y,y,20 Branch,#N/A,00. Propose Drop,Ready,,,,,"Irisan Cleansing Port 2,3 Jt",,,,,#N/A,,,,
13201877,ODP-CLL-FAS/003,8,  -   ,791141,98.892.625,AREA 2,JABAR,BANDUNG,PT2,Telkom Akses,116,18. PT2/Batch 6 thp 2,Prio September,NY Go Live,0,Y,y,20 Branch,#N/A,01. Persiapan,Ready,,,,,,,,,,#N/A,,,,
13201919,ODP-CLL-FAJ/007,8,  -   ,791141,98.892.625,AREA 2,JABAR,BANDUNG,PT2,Telkom Akses,118,18. PT2/Batch 6 thp 2,Prio September,NY Go Live,0,Y,y,20 Branch,#N/A,01. Persiapan,Ready,,,,,,,,,,#N/A,,,,
13201962,ODP-BTJ-FDA/075,8,  -   ,791141,98.892.625,AREA 2,JABAR,BANDUNG,PT2,Telkom Akses,120,18. PT2/Batch 6 thp 2,Prio September,NY Go Live,0,Y,y,20 Branch,#N/A,01. Persiapan,Ready,,,,,,,,,,#N/A,,,,
13202082,ODP-CSA-FBD/052,8,  -   ,791141,98.892.625,AREA 2,JABAR,BANDUNG,PT2,Telkom Akses,122,18. PT2/Batch 6 thp 2,Prio September,NY Go Live,0,Y,y,20 Branch,#N/A,00. Propose Drop,,,,,,"Irisan Cleansing Port 2,3 Jt",,,,,#N/A,,,,
13202094,ODP-CKW-FAE/050,8,  -   ,791141,98.892.625,AREA 2,JABAR,BANDUNG,PT2,Telkom Akses,123,18. PT2/Batch 6 thp 2,Prio September,NY Go Live,0,Y,y,20 Branch,#N/A,00. Propose Drop,,,,,,QE Repair Core,,,,,#N/A,,,,
13202201,ODP-CLL-FAK/028,8,  -   ,791141,98.892.625,AREA 2,JABAR,BANDUNG,PT2,Telkom Akses,125,18. PT2/Batch 6 thp 2,Prio September,NY Go Live,0,Y,y,20 Branch,#N/A,01. Persiapan,Ready,,,,,,,,,,#N/A,,,,
13202243,ODP-BTJ-FDX/004,8,  -   ,791141,98.892.625,AREA 2,JABAR,BANDUNG,PT2,Telkom Akses,127,18. PT2/Batch 6 thp 2,Prio September,NY Go Live,0,Y,y,20 Branch,#N/A,01. Persiapan,Ready,,,,,,,,,,#N/A,,,,
13202259,ODP-CSA-FBE/027,8,  -   ,791141,98.892.625,AREA 2,JABAR,BANDUNG,PT2,Telkom Akses,129,18. PT2/Batch 6 thp 2,Prio September,NY Go Live,0,Y,y,20 Branch,#N/A,00. Propose Drop,,,,,,"Irisan Cleansing Port 2,3 Jt",,,,,#N/A,,,,
13202304,ODP-SDL-FAR/173,8,  -   ,791141,98.892.625,AREA 2,JABAR,BANDUNG,PT2,Telkom Akses,130,18. PT2/Batch 6 thp 2,Prio September,NY Go Live,0,Y,y,20 Branch,#N/A,00. Propose Drop,,,,,,QE Repair Core,,,,,#N/A,,,,
13202384,ODP-CJR-FBD/017,8,  -   ,791141,98.892.625,AREA 2,JABAR,BANDUNG,PT2,Telkom Akses,131,18. PT2/Batch 6 thp 2,Prio September,NY Go Live,0,Y,y,20 Branch,#N/A,00. Propose Drop,,,,,,"Irisan Cleansing Port 2,3 Jt",,,,,#N/A,,,,
13202532,ODP-CKW-FAB/078,8,  -   ,791141,98.892.625,AREA 2,JABAR,BANDUNG,PT2,Telkom Akses,133,18. PT2/Batch 6 thp 2,Prio September,NY Go Live,0,Y,y,20 Branch,#N/A,00. Propose Drop,,,,,,Duplikasi Order,,,,,#N/A,,,,
13202557,ODP-BTJ-FDN/037,8,  -   ,791141,98.892.625,AREA 2,JABAR,BANDUNG,PT2,Telkom Akses,135,18. PT2/Batch 6 thp 2,Prio September,NY Go Live,0,Y,y,20 Branch,#N/A,00. Propose Drop,Ready,,,,,"Irisan Cleansing Port 2,3 Jt",,,,,#N/A,,,,
13202580,ODP-NJG-FBC/063,8,  -   ,791141,98.892.625,AREA 2,JABAR,BANDUNG,PT2,Telkom Akses,137,18. PT2/Batch 6 thp 2,Prio September,NY Go Live,0,Y,y,20 Branch,#N/A,00. Propose Drop,,,,,,"Irisan Cleansing Port 2,3 Jt",,,,,#N/A,,,,
13202619,ODP-LEM-FAG/076,8,  -   ,791141,98.892.625,AREA 2,JABAR,BANDUNG,PT2,Telkom Akses,140,18. PT2/Batch 6 thp 2,Prio September,NY Go Live,0,Y,y,20 Branch,#N/A,00. Propose Drop,,,,,,QE Repair Core,,,,,#N/A,,,,
13202663,ODP-LEM-FAU/018,8,  -   ,791141,98.892.625,AREA 2,JABAR,BANDUNG,PT2,Telkom Akses,143,18. PT2/Batch 6 thp 2,Prio September,NY Go Live,0,Y,y,20 Branch,#N/A,00. Propose Drop,,,,,,QE Repair Core,,,,,#N/A,,,,
13202757,ODP-CSA-FBF/021,8,  -   ,791141,98.892.625,AREA 2,JABAR,BANDUNG,PT2,Telkom Akses,145,18. PT2/Batch 6 thp 2,Prio September,NY Go Live,0,Y,y,20 Branch,#N/A,00. Propose Drop,,,,,,Kapasitas sudah 16,,,,,#N/A,,,,
13202759,ODP-CSA-FBF/014,8,  -   ,791141,98.892.625,AREA 2,JABAR,BANDUNG,PT2,Telkom Akses,146,18. PT2/Batch 6 thp 2,Prio September,NY Go Live,0,Y,y,20 Branch,#N/A,00. Propose Drop,,,,,,QE Repair Core,,,,,#N/A,,,,
13202800,ODP-CJR-FDR/022,8,  -   ,791141,98.892.625,AREA 2,JABAR,BANDUNG,PT2,Telkom Akses,148,18. PT2/Batch 6 thp 2,Prio September,NY Go Live,0,Y,y,20 Branch,#N/A,00. Propose Drop,,,,,,QE Repair Core,,,,,#N/A,,,,
13202835,ODP-CPT-FAD/069,8,  -   ,791141,98.892.625,AREA 2,JABAR,BANDUNG,PT2,Telkom Akses,149,18. PT2/Batch 6 thp 2,Prio September,NY Go Live,0,Y,y,20 Branch,#N/A,00. Propose Drop,,,,,,"Irisan Cleansing Port 2,3 Jt",,,,,#N/A,,,,
13202901,ODP-NJG-FBN/103,8,  -   ,791141,98.892.625,AREA 2,JABAR,BANDUNG,PT2,Telkom Akses,150,18. PT2/Batch 6 thp 2,Prio September,NY Go Live,0,Y,y,20 Branch,#N/A,00. Propose Drop,,,,,,"Irisan Cleansing Port 2,3 Jt",,,,,#N/A,,,,
13203405,ODP-PDL-FCP/062,8,  -   ,791141,98.892.625,AREA 2,JABAR,BANDUNG,PT2,Telkom Akses,154,18. PT2/Batch 6 thp 2,Prio September,NY Go Live,0,Y,y,20 Branch,#N/A,01. Persiapan,Ready,,,,,,,,,,#N/A,,,,
13203479,ODP-PDL-FCP/033,8,  -   ,791141,98.892.625,AREA 2,JABAR,BANDUNG,PT2,Telkom Akses,157,18. PT2/Batch 6 thp 2,Prio September,NY Go Live,0,Y,y,20 Branch,#N/A,01. Persiapan,Ready,,,,,,,,,,#N/A,,,,
13203544,ODP-CJG-FAY/034,8,  -   ,791141,98.892.625,AREA 2,JABAR,BANDUNG,PT2,Telkom Akses,160,18. PT2/Batch 6 thp 2,Prio September,NY Go Live,0,Y,y,20 Branch,#N/A,00. Propose Drop,,,,,,QE Repair Core,,,,,#N/A,,,,
13203786,ODP-LEM-FAU/083,8,  -   ,791141,98.892.625,AREA 2,JABAR,BANDUNG,PT2,Telkom Akses,167,18. PT2/Batch 6 thp 2,Prio September,NY Go Live,0,Y,y,20 Branch,#N/A,00. Propose Drop,,,,,,QE Repair Core,,,,,#N/A,,,,
13203793,ODP-NJG-FBJ/090,8,  -   ,791141,98.892.625,AREA 2,JABAR,BANDUNG,PT2,Telkom Akses,168,18. PT2/Batch 6 thp 2,Prio September,NY Go Live,0,Y,y,20 Branch,#N/A,00. Propose Drop,,,,,,"Irisan Cleansing Port 2,3 Jt",,,,,#N/A,,,,
13203802,ODP-NJG-FBN/059,8,  -   ,791141,98.892.625,AREA 2,JABAR,BANDUNG,PT2,Telkom Akses,169,18. PT2/Batch 6 thp 2,Prio September,NY Go Live,0,Y,y,20 Branch,#N/A,00. Propose Drop,,,,,,QE Repair Core,,,,,#N/A,,,,
13203816,ODP-BTJ-FBE/031,8,  -   ,791141,98.892.625,AREA 2,JABAR,BANDUNG,PT2,Telkom Akses,170,18. PT2/Batch 6 thp 2,Prio September,NY Go Live,0,Y,y,20 Branch,#N/A,01. Persiapan,Ready,,,,,,,,,,#N/A,,,,
13203818,ODP-CJR-FCF/060,8,  -   ,649961,81.245.125,AREA 2,JABAR,BANDUNG,PT2,Telkom Akses,171,18. PT2/Batch 6 thp 2,Prio September,NY Go Live,0,Y,y,20 Branch,#N/A,00. Propose Drop,,,,,,QE Repair Core,,,,,#N/A,,,,
13203824,ODP-BTJ-FBJ/050,8,  -   ,791141,98.892.625,AREA 2,JABAR,BANDUNG,PT2,Telkom Akses,172,18. PT2/Batch 6 thp 2,Prio September,NY Go Live,0,Y,y,20 Branch,#N/A,00. Propose Drop,,,,,,QE Repair Core,,,,,#N/A,,,,
13203837,ODP-BTJ-FBJ/051,8,  -   ,791141,98.892.625,AREA 2,JABAR,BANDUNG,PT2,Telkom Akses,173,18. PT2/Batch 6 thp 2,Prio September,NY Go Live,0,Y,y,20 Branch,#N/A,00. Propose Drop,,,,,,"Irisan Cleansing Port 2,3 Jt",,,,,#N/A,,,,
13203856,ODP-NJG-FBK/064,8,  -   ,791141,98.892.625,AREA 2,JABAR,BANDUNG,PT2,Telkom Akses,176,18. PT2/Batch 6 thp 2,Prio September,NY Go Live,0,Y,y,20 Branch,#N/A,00. Propose Drop,,,,,,QE Repair Core,,,,,#N/A,,,,
13203878,ODP-CPT-FAD/090,8,  -   ,791141,98.892.625,AREA 2,JABAR,BANDUNG,PT2,Telkom Akses,177,18. PT2/Batch 6 thp 2,Prio September,NY Go Live,0,Y,y,20 Branch,#N/A,00. Propose Drop,,,,,,QE Repair Core,,,,,#N/A,,,,
13203886,ODP-PCH-FBM/014,8,  -   ,791141,98.892.625,AREA 2,JABAR,BANDUNG,PT2,Telkom Akses,178,18. PT2/Batch 6 thp 2,Prio September,NY Go Live,0,Y,y,20 Branch,#N/A,00. Propose Drop,Ready,,,,,"Irisan Cleansing Port 2,3 Jt",,,,,#N/A,,,,
13203926,ODP-CJR-FBU/024,8,  -   ,791141,98.892.625,AREA 2,JABAR,BANDUNG,PT2,Telkom Akses,180,18. PT2/Batch 6 thp 2,Prio September,NY Go Live,0,Y,y,20 Branch,#N/A,00. Propose Drop,,,,,,QE Repair Core,,,,,#N/A,,,,
13204158,ODP-LEM-FAU/069,8,  -   ,649961,81.245.125,AREA 2,JABAR,BANDUNG,PT2,Telkom Akses,186,18. PT2/Batch 6 thp 2,Prio September,NY Go Live,0,Y,y,20 Branch,#N/A,00. Propose Drop,,,,,,"Irisan Cleansing Port 2,3 Jt",,,,,#N/A,,,,
13204180,ODP-PCH-FBJ/039,8,  -   ,649961,81.245.125,AREA 2,JABAR,BANDUNG,PT2,Telkom Akses,187,18. PT2/Batch 6 thp 2,Prio September,NY Go Live,0,Y,y,20 Branch,#N/A,00. Propose Drop,,,,,,Duplikasi Order,,,,,#N/A,,,,
13204385,ODP-BTJ-FDK/054,8,  -   ,791141,98.892.625,AREA 2,JABAR,BANDUNG,PT2,Telkom Akses,188,18. PT2/Batch 6 thp 2,Prio September,NY Go Live,0,Y,y,20 Branch,#N/A,01. Persiapan,Ready,,,,,,,,,,#N/A,,,,
13204389,ODP-BTJ-FDK/060,8,  -   ,791141,98.892.625,AREA 2,JABAR,BANDUNG,PT2,Telkom Akses,189,18. PT2/Batch 6 thp 2,Prio September,NY Go Live,0,Y,y,20 Branch,#N/A,01. Persiapan,Ready,,,,,,,,,,#N/A,,,,
12021837,"BDB,PDL,PT2Expand,ODP-PDL-FCU-024",8,  -   ,1373271,171.658.875,AREA 2,JABAR,BANDUNG,PT2,Telkom Akses,7,26. PT2/Batch 8 thp 2,Prio September,NY Go Live,0,Y,y,20 Branch,#N/A,01. Persiapan,Ready,,,,,,,,,,#N/A,,,,
11893144,"TSM,LAG,PT2Expand,ODP-LAG-FAA-090",8,  -   ,1391321,173.915.125,AREA 2,JABAR,TASIKMALAYA,PT2,Telkom Akses,44,2. PT2/Batch 1,Prio September,NY Go Live,0,Y,y,20 Branch,#N/A,00. Propose Drop,,,,,,"Irisan Cleansing Port 2,3 Jt",,,,,#N/A,,,,
11899593,"TSM,GRU,PT2Expand,ODP-GRU-FSA-036",8,  -   ,1391321,173.915.125,AREA 2,JABAR,TASIKMALAYA,PT2,Telkom Akses,47,2. PT2/Batch 1,Prio September,NY Go Live,0,Y,y,20 Branch,#N/A,00. Propose Drop,,,,,,"Irisan Cleansing Port 2,3 Jt",,,,,#N/A,,,,
11899811,"TSM,LAG,PT2Expand,ODP-LAG-FAH-027",8,  -   ,1391321,173.915.125,AREA 2,JABAR,TASIKMALAYA,PT2,Telkom Akses,48,2. PT2/Batch 1,Prio September,NY Go Live,0,Y,y,20 Branch,#N/A,00. Propose Drop,,,,,,QE Repair Core,,,,,#N/A,,,,
11899832,"TSM,GRU,PT2Expand,ODP-GRU-FSA-015",8,  -   ,1391321,173.915.125,AREA 2,JABAR,TASIKMALAYA,PT2,Telkom Akses,49,2. PT2/Batch 1,Prio September,NY Go Live,0,Y,y,20 Branch,#N/A,05. Go Live,Ready,,,,,,,,,,#N/A,,,,
11899920,"TSM,KDN,PT2Expand,ODP-KDN-FBG-060",8,  -   ,1391321,173.915.125,AREA 2,JABAR,TASIKMALAYA,PT2,Telkom Akses,54,2. PT2/Batch 1,Prio September,NY Go Live,0,Y,y,20 Branch,#N/A,00. Propose Drop,,,,,,"Irisan Cleansing Port 2,3 Jt",,,,,#N/A,,,,
11909066,"TSM,GRU,PT2Expand-ODP-GRU-FJJ-021",8,  -   ,1391321,173.915.125,AREA 2,JABAR,TASIKMALAYA,PT2,Telkom Akses,64,2. PT2/Batch 1,Prio September,NY Go Live,0,Y,y,20 Branch,#N/A,00. Propose Drop,,,,,,QE Repair Core,,,,,#N/A,,,,
11909491,"TSM,GRU,PT2Expand,ODP-GRU-FHN-017",8,  -   ,1391321,173.915.125,AREA 2,JABAR,TASIKMALAYA,PT2,Telkom Akses,68,2. PT2/Batch 1,Prio September,NY Go Live,0,Y,y,20 Branch,#N/A,00. Propose Drop,,,,,,QE Repair Core,,,,,#N/A,,,,
11920406,"TSM,GRU,PT2Expand,ODP-GRU-FQK-001",8,  -   ,1391321,173.915.125,AREA 2,JABAR,TASIKMALAYA,PT2,Telkom Akses,72,2. PT2/Batch 1,Prio September,NY Go Live,0,Y,y,20 Branch,#N/A,00. Propose Drop,,,,,,"Irisan Cleansing Port 2,3 Jt",,,,,#N/A,,,,
11920470,"TSM,LAG,PT2Expand,ODP-LAG-FAG-024",8,  -   ,1391321,173.915.125,AREA 2,JABAR,TASIKMALAYA,PT2,Telkom Akses,74,2. PT2/Batch 1,Prio September,NY Go Live,0,Y,y,20 Branch,#N/A,00. Propose Drop,,,,,,"Irisan Cleansing Port 2,3 Jt",,,,,#N/A,,,,
11948484,"TSM,GRU,PT2Expand-ODP-GRU-FKF-015",8,  -   ,1391321,173.915.125,AREA 2,JABAR,TASIKMALAYA,PT2,Telkom Akses,80,2. PT2/Batch 1,Prio September,NY Go Live,0,Y,y,20 Branch,#N/A,00. Propose Drop,,,,,,QE Repair Core,,,,,#N/A,,,,
11956472,"TSM,CKJ,PT2Expand-ODP-CKJ-FAB-038",8,  -   ,1391321,173.915.125,AREA 2,JABAR,TASIKMALAYA,PT2,Telkom Akses,83,2. PT2/Batch 1,Prio September,NY Go Live,0,Y,y,20 Branch,#N/A,05. Go Live,Ready,,,,,,,,,,#N/A,,,,
11956529,"TSM,KDN,PT2Expand,ODP-KDN-FAA-075",8,  -   ,1391321,173.915.125,AREA 2,JABAR,TASIKMALAYA,PT2,Telkom Akses,85,2. PT2/Batch 1,Prio September,NY Go Live,0,Y,y,20 Branch,#N/A,00. Propose Drop,,,,,,"Irisan Cleansing Port 2,3 Jt",,,,,#N/A,,,,
11956655,"TSM,CKJ,PT2Expand-ODP-CKJ-FAJ-011",8,  -   ,1391321,173.915.125,AREA 2,JABAR,TASIKMALAYA,PT2,Telkom Akses,92,2. PT2/Batch 1,Prio September,NY Go Live,0,Y,y,20 Branch,#N/A,00. Propose Drop,,,,,,QE Repair Core,,,,,#N/A,,,,
11956709,"TSM,KDN,PT2Expand,ODP-KDN-FBF-013",8,  -   ,1391321,173.915.125,AREA 2,JABAR,TASIKMALAYA,PT2,Telkom Akses,95,2. PT2/Batch 1,Prio September,NY Go Live,0,Y,y,20 Branch,#N/A,00. Propose Drop,,,,,,Core Feeder Habis,,,,,#N/A,,,,
11966552,"TSM,KDN,PT2Expand,ODP-KDN-FBF-024",8,  -   ,1391321,173.915.125,AREA 2,JABAR,TASIKMALAYA,PT2,Telkom Akses,96,2. PT2/Batch 1,Prio September,NY Go Live,0,Y,y,20 Branch,#N/A,00. Propose Drop,,,,,,"Irisan Cleansing Port 2,3 Jt",,,,,#N/A,,,,
11966780,"TSM,PMP,PT2Expand,ODP-PMP-FAB-086",8,  -   ,1391321,173.915.125,AREA 2,JABAR,TASIKMALAYA,PT2,Telkom Akses,99,2. PT2/Batch 1,Prio September,NY Go Live,0,Y,y,20 Branch,#N/A,00. Propose Drop,,,,,,Core Feeder Habis,,,,,#N/A,,,,
11966843,"TSM,LAG,PT2Expand,ODP-LAG-FAG-035",8,  -   ,1391321,173.915.125,AREA 2,JABAR,TASIKMALAYA,PT2,Telkom Akses,100,2. PT2/Batch 1,Prio September,NY Go Live,0,Y,y,20 Branch,#N/A,00. Propose Drop,,,,,,QE Repair Core,,,,,#N/A,,,,
11966885,"TSM,LAG,PT2Expand,ODP-LAG-FAJ-007",8,  -   ,1391321,173.915.125,AREA 2,JABAR,TASIKMALAYA,PT2,Telkom Akses,101,2. PT2/Batch 1,Prio September,NY Go Live,0,Y,y,20 Branch,#N/A,00. Propose Drop,,,,,,QE Repair Core,,,,,#N/A,,,,
11968450,"TSM,PMP,PT2Expand,ODP-PMP-FAC-009",8,  -   ,1391321,173.915.125,AREA 2,JABAR,TASIKMALAYA,PT2,Telkom Akses,103,2. PT2/Batch 1,Prio September,NY Go Live,0,Y,y,20 Branch,#N/A,00. Propose Drop,,,,,,"Irisan Cleansing Port 2,3 Jt",,,,,#N/A,,,,
11986608,"TSM,KDN,PT2Expand,ODP-KDN-FAC-016",8,  -   ,1391321,173.915.125,AREA 2,JABAR,TASIKMALAYA,PT2,Telkom Akses,110,2. PT2/Batch 1,Prio September,NY Go Live,0,Y,y,20 Branch,#N/A,00. Propose Drop,,,,,,"Irisan Cleansing Port 2,3 Jt",,,,,#N/A,,,,
11986627,"TSM,KDN,PT2Expand,ODP-KDN-FAC-021",8,  -   ,1391321,173.915.125,AREA 2,JABAR,TASIKMALAYA,PT2,Telkom Akses,111,2. PT2/Batch 1,Prio September,NY Go Live,0,Y,y,20 Branch,#N/A,00. Propose Drop,,,,,,"Irisan Cleansing Port 2,3 Jt",,,,,#N/A,,,,
11986896,"TSM,MLB,PT2Expand,ODP-MLB-FAA-016",8,  -   ,1391321,173.915.125,AREA 2,JABAR,TASIKMALAYA,PT2,Telkom Akses,115,2. PT2/Batch 1,Prio September,NY Go Live,0,Y,y,20 Branch,#N/A,00. Propose Drop,,,,,,QE Repair Core,,,,,#N/A,,,,
11986980,"TSM,KDN,PT2Expand,ODP-KDN-FAG-032",8,  -   ,1391321,173.915.125,AREA 2,JABAR,TASIKMALAYA,PT2,Telkom Akses,120,2. PT2/Batch 1,Prio September,NY Go Live,0,Y,y,20 Branch,#N/A,00. Propose Drop,,,,,,"Irisan Cleansing Port 2,3 Jt",,,,,#N/A,,,,
11987202,"TSM,MLB,PT2Expand,ODP-MLB-FAA-065",8,  -   ,1391321,173.915.125,AREA 2,JABAR,TASIKMALAYA,PT2,Telkom Akses,124,2. PT2/Batch 1,Prio September,NY Go Live,0,Y,y,20 Branch,#N/A,00. Propose Drop,,,,,,"Irisan Cleansing Port 2,3 Jt",,,,,#N/A,,,,
11987211,"TSM,KDN,PT2Expand,ODP-KDN-FBE-010",8,  -   ,1391321,173.915.125,AREA 2,JABAR,TASIKMALAYA,PT2,Telkom Akses,125,2. PT2/Batch 1,Prio September,NY Go Live,0,Y,y,20 Branch,#N/A,00. Propose Drop,,,,,,"Irisan Cleansing Port 2,3 Jt",,,,,#N/A,,,,
11987683,"TSM,CKJ,PT2Expand,ODP-CKJ-FAA-016",8,  -   ,1391321,173.915.125,AREA 2,JABAR,TASIKMALAYA,PT2,Telkom Akses,132,2. PT2/Batch 1,Prio September,NY Go Live,0,Y,y,20 Branch,#N/A,00. Propose Drop,,,,,,Core Feeder Habis,,,,,#N/A,,,,
11988752,"TSM,CKJ,PT2Expand,ODP-CKJ-FAA-078",8,  -   ,1391321,173.915.125,AREA 2,JABAR,TASIKMALAYA,PT2,Telkom Akses,143,2. PT2/Batch 1,Prio September,NY Go Live,0,Y,y,20 Branch,#N/A,00. Propose Drop,,,,,,Core Feeder Habis,,,,,#N/A,,,,
11988819,"TSM,MLB,PT2Expand,ODP-MLB-FAL-034",8,  -   ,1391321,173.915.125,AREA 2,JABAR,TASIKMALAYA,PT2,Telkom Akses,144,2. PT2/Batch 1,Prio September,NY Go Live,0,Y,y,20 Branch,#N/A,00. Propose Drop,,,,,,"Irisan Cleansing Port 2,3 Jt",,,,,#N/A,,,,
11988987,"TSM,GRU,PT2Expand-ODP-GRU-FMJ-003",8,  -   ,1391321,173.915.125,AREA 2,JABAR,TASIKMALAYA,PT2,Telkom Akses,147,2. PT2/Batch 1,Prio September,NY Go Live,0,Y,y,20 Branch,#N/A,00. Propose Drop,,,,,,QE Repair Core,,,,,#N/A,,,,
11989147,"TSM,PMP,PT2Expand,ODP-PMP-FAA-006",8,  -   ,1391321,173.915.125,AREA 2,JABAR,TASIKMALAYA,PT2,Telkom Akses,149,2. PT2/Batch 1,Prio September,NY Go Live,0,Y,y,20 Branch,#N/A,00. Propose Drop,,,,,,QE Repair Core,,,,,#N/A,,,,
11989266,"TSM,PMP,PT2Expand,ODP-PMP-FAA-013",8,  -   ,1391321,173.915.125,AREA 2,JABAR,TASIKMALAYA,PT2,Telkom Akses,150,2. PT2/Batch 1,Prio September,NY Go Live,0,Y,y,20 Branch,#N/A,00. Propose Drop,,,,,,QE Repair Core,,,,,#N/A,,,,
11989357,"TSM,CKJ,PT2Expand,ODP-CKJ-FAB-046",8,  -   ,1391321,173.915.125,AREA 2,JABAR,TASIKMALAYA,PT2,Telkom Akses,151,2. PT2/Batch 1,Prio September,NY Go Live,0,Y,y,20 Branch,#N/A,00. Propose Drop,,,,,,"Irisan Cleansing Port 2,3 Jt",,,,,#N/A,,,,
11989531,"TSM,CKJ,PT2Expand,ODP-CKJ-FAB-08",8,  -   ,1391321,173.915.125,AREA 2,JABAR,TASIKMALAYA,PT2,Telkom Akses,154,2. PT2/Batch 1,Prio September,NY Go Live,0,Y,y,20 Branch,#N/A,00. Propose Drop,,,,,,"Irisan Cleansing Port 2,3 Jt",,,,,#N/A,,,,
11989583,"TSM,PMP,PT2Expand,ODP-PMP-FAB-05",8,  -   ,1391321,173.915.125,AREA 2,JABAR,TASIKMALAYA,PT2,Telkom Akses,155,2. PT2/Batch 1,Prio September,NY Go Live,0,Y,y,20 Branch,#N/A,00. Propose Drop,,,,,,"Irisan Cleansing Port 2,3 Jt",,,,,#N/A,,,,
11989833,"TSM,PMP,PT2Expand,ODP-PMP-FAB-084",8,  -   ,1391321,173.915.125,AREA 2,JABAR,TASIKMALAYA,PT2,Telkom Akses,162,2. PT2/Batch 1,Prio September,NY Go Live,0,Y,y,20 Branch,#N/A,00. Propose Drop,,,,,,"Irisan Cleansing Port 2,3 Jt",,,,,#N/A,,,,
11990317,"TSM,CKJ,PT2Expand,ODP-CKJ-FAJ-013",8,  -   ,1391321,173.915.125,AREA 2,JABAR,TASIKMALAYA,PT2,Telkom Akses,169,2. PT2/Batch 1,Prio September,NY Go Live,0,Y,y,20 Branch,#N/A,00. Propose Drop,,,,,,"Irisan Cleansing Port 2,3 Jt",,,,,#N/A,,,,
11990336,"TSM,CKJ,PT2Expand,ODP-CKJ-FAJ-113",8,  -   ,1391321,173.915.125,AREA 2,JABAR,TASIKMALAYA,PT2,Telkom Akses,170,2. PT2/Batch 1,Prio September,NY Go Live,0,Y,y,20 Branch,#N/A,00. Propose Drop,,,,,,"Irisan Cleansing Port 2,3 Jt",,,,,#N/A,,,,
12015694,"TSM,PMP,PT2Expand,ODP-PMP-FAB-093",8,  -   ,1391321,173.915.125,AREA 2,JABAR,TASIKMALAYA,PT2,Telkom Akses,177,2. PT2/Batch 1,Prio September,NY Go Live,0,Y,y,20 Branch,#N/A,00. Propose Drop,,,,,,"Irisan Cleansing Port 2,3 Jt",,,,,#N/A,,,,
12015771,"TSM,PMP,PT2Expand,ODP-PMP-FAC-011",8,  -   ,1391321,173.915.125,AREA 2,JABAR,TASIKMALAYA,PT2,Telkom Akses,180,2. PT2/Batch 1,Prio September,NY Go Live,0,Y,y,20 Branch,#N/A,00. Propose Drop,,,,,,"Irisan Cleansing Port 2,3 Jt",,,,,#N/A,,,,
12015831,"TSM,PMP,PT2Expand,ODP-PMP-FAD-003",8,  -   ,1391321,173.915.125,AREA 2,JABAR,TASIKMALAYA,PT2,Telkom Akses,183,2. PT2/Batch 1,Prio September,NY Go Live,0,Y,y,20 Branch,#N/A,00. Propose Drop,,,,,,"Irisan Cleansing Port 2,3 Jt",,,,,#N/A,,,,
12015873,"TSM,PMP,PT2Expand,ODP-PMP-FAJ-005",8,  -   ,1391321,173.915.125,AREA 2,JABAR,TASIKMALAYA,PT2,Telkom Akses,184,2. PT2/Batch 1,Prio September,NY Go Live,0,Y,y,20 Branch,#N/A,00. Propose Drop,,,,,,QE Repair Core,,,,,#N/A,,,,
12016088,"TSM,PMP,PT2Expand,ODP-PMP-FAT-001",8,  -   ,1391321,173.915.125,AREA 2,JABAR,TASIKMALAYA,PT2,Telkom Akses,188,2. PT2/Batch 1,Prio September,NY Go Live,0,Y,y,20 Branch,#N/A,00. Propose Drop,,,,,,QE Repair Core,,,,,#N/A,,,,
12016137,"TSM,PMP,PT2Expand,ODP-PMP-FCA-002",8,  -   ,1391321,173.915.125,AREA 2,JABAR,TASIKMALAYA,PT2,Telkom Akses,189,2. PT2/Batch 1,Prio September,NY Go Live,0,Y,y,20 Branch,#N/A,00. Propose Drop,,,,,,"Irisan Cleansing Port 2,3 Jt",,,,,#N/A,,,,
12016260,"TSM,LAG,PT2Expand,ODP-LAG-FAG-011",8,  -   ,1391321,173.915.125,AREA 2,JABAR,TASIKMALAYA,PT2,Telkom Akses,191,2. PT2/Batch 1,Prio September,NY Go Live,0,Y,y,20 Branch,#N/A,05. Go Live,Ready,,,,,,,,,,#N/A,,,,
12016658,"TSM,KDN,PT2Expand-ODP-KDN-FAA-085",8,  -   ,1391321,173.915.125,AREA 2,JABAR,TASIKMALAYA,PT2,Telkom Akses,193,2. PT2/Batch 1,Prio September,NY Go Live,0,Y,y,20 Branch,#N/A,00. Propose Drop,,,,,,Core Distribusi Habis,,,,,#N/A,,,,
12016702,"TSM,LAG,PT2Expand,ODP-LAG-FAJ-006",8,  -   ,1391321,173.915.125,AREA 2,JABAR,TASIKMALAYA,PT2,Telkom Akses,194,2. PT2/Batch 1,Prio September,NY Go Live,0,Y,y,20 Branch,#N/A,00. Propose Drop,,,,,,"Irisan Cleansing Port 2,3 Jt",,,,,#N/A,,,,
12026106,"TSM,WNR,PT2Expand-ODP-WNR-FAK-011",8,  -   ,1391321,173.915.125,AREA 2,JABAR,TASIKMALAYA,PT2,Telkom Akses,200,2. PT2/Batch 1,Prio September,NY Go Live,0,Y,y,20 Branch,#N/A,00. Propose Drop,,,,,,"Irisan Cleansing Port 2,3 Jt",,,,,#N/A,,,,
12035791,"TSM,CKJ,PT2Expand,ODP-CKJ-FAH-005",8,  -   ,1391321,173.915.125,AREA 2,JABAR,TASIKMALAYA,PT2,Telkom Akses,208,2. PT2/Batch 1,Prio September,NY Go Live,0,Y,y,20 Branch,#N/A,00. Propose Drop,,,,,,QE Repair Core,,,,,#N/A,,,,
12036352,"TSM,WNR,PT2Expand-ODP-WNR-FAD-047",8,  -   ,1391321,173.915.125,AREA 2,JABAR,TASIKMALAYA,PT2,Telkom Akses,210,2. PT2/Batch 1,Prio September,NY Go Live,0,Y,y,20 Branch,#N/A,00. Propose Drop,,,,,,QE Repair Core,,,,,#N/A,,,,
12036894,"TSM,GRU,PT2Expand,ODP-GRU-FBS-005",8,  -   ,1391321,173.915.125,AREA 2,JABAR,TASIKMALAYA,PT2,Telkom Akses,211,2. PT2/Batch 1,Prio September,NY Go Live,0,Y,y,20 Branch,#N/A,00. Propose Drop,,,,,,"Irisan Cleansing Port 2,3 Jt",,,,,#N/A,,,,
12043970,"TSM,CBT,PT2Expand-ODP-CBT-FAE-006",8,  -   ,1391321,173.915.125,AREA 2,JABAR,TASIKMALAYA,PT2,Telkom Akses,253,2. PT2/Batch 1,Prio September,NY Go Live,0,Y,y,20 Branch,#N/A,00. Propose Drop,,,,,,"Irisan Cleansing Port 2,3 Jt",,,,,#N/A,,,,
12044261,"TSM,CBT,PT2Expand-ODP-CBT-FAH-003",8,  -   ,1391321,173.915.125,AREA 2,JABAR,TASIKMALAYA,PT2,Telkom Akses,262,2. PT2/Batch 1,Prio September,NY Go Live,0,Y,y,20 Branch,#N/A,05. Go Live,Ready,,,,,,,,,,#N/A,,,,
12045266,"TSM,GRU,PT2Expand,ODP-GRU-FEG-008",8,  -   ,1391321,173.915.125,AREA 2,JABAR,TASIKMALAYA,PT2,Telkom Akses,264,2. PT2/Batch 1,Prio September,NY Go Live,0,Y,y,20 Branch,#N/A,00. Propose Drop,,,,,,"Irisan Cleansing Port 2,3 Jt",,,,,#N/A,,,,
12045367,"TSM,LAG,PT2Expand-ODP-LAG-FAB-006",8,  -   ,1391321,173.915.125,AREA 2,JABAR,TASIKMALAYA,PT2,Telkom Akses,267,2. PT2/Batch 1,Prio September,NY Go Live,0,Y,y,20 Branch,#N/A,00. Propose Drop,,,,,,QE Repair Core,,,,,#N/A,,,,
12054427,"TSM,LAG,PT2Expand,ODP-LAG-FAJ-025",8,  -   ,1391321,173.915.125,AREA 2,JABAR,TASIKMALAYA,PT2,Telkom Akses,308,2. PT2/Batch 1,Prio September,NY Go Live,0,Y,y,20 Branch,#N/A,00. Propose Drop,,,,,,"Irisan Cleansing Port 2,3 Jt",,,,,#N/A,,,,
12054996,"TSM,MLB,PT2Expand,ODP-MLB-FAA-069",8,  -   ,1391321,173.915.125,AREA 2,JABAR,TASIKMALAYA,PT2,Telkom Akses,325,2. PT2/Batch 1,Prio September,NY Go Live,0,Y,y,20 Branch,#N/A,05. Go Live,Ready,,,,,,,,,,#N/A,,,,
12055366,"TSM,PMP,PT2Expand,ODP-PMP-FAC-004",8,  -   ,1391321,173.915.125,AREA 2,JABAR,TASIKMALAYA,PT2,Telkom Akses,336,2. PT2/Batch 1,Prio September,NY Go Live,0,Y,y,20 Branch,#N/A,00. Propose Drop,,,,,,"Irisan Cleansing Port 2,3 Jt",,,,,#N/A,,,,
12077809,"TSM,LAG,PT2Expand,ODP-LAG-FAA-027",8,  -   ,1391321,173.915.125,AREA 2,JABAR,TASIKMALAYA,PT2,Telkom Akses,354,2. PT2/Batch 1,Prio September,NY Go Live,0,Y,y,20 Branch,#N/A,05. Go Live,Ready,,,,,,,,,,#N/A,,,,
12077854,"TSM,LAG,PT2Expand,ODP-LAG-FAA-065",8,  -   ,1391321,173.915.125,AREA 2,JABAR,TASIKMALAYA,PT2,Telkom Akses,355,2. PT2/Batch 1,Prio September,NY Go Live,0,Y,y,20 Branch,#N/A,00. Propose Drop,,,,,,QE Repair Core,,,,,#N/A,,,,
12078429,"TSM,LAG,PT2Expand,ODP-LAG-FAJ-002",8,  -   ,1391321,173.915.125,AREA 2,JABAR,TASIKMALAYA,PT2,Telkom Akses,361,2. PT2/Batch 1,Prio September,NY Go Live,0,Y,y,20 Branch,#N/A,00. Propose Drop,,,,,,QE Repair Core,,,,,#N/A,,,,
12078561,"TSM,LAG,PT2Expand,ODP-LAG-FAJ-020",8,  -   ,1391321,173.915.125,AREA 2,JABAR,TASIKMALAYA,PT2,Telkom Akses,366,2. PT2/Batch 1,Prio September,NY Go Live,0,Y,y,20 Branch,#N/A,05. Go Live,Ready,,,,,,,,,,#N/A,,,,
12079210,"TSM,MLB,PT2Expand,ODP-MLB-FAC-010",8,  -   ,1391321,173.915.125,AREA 2,JABAR,TASIKMALAYA,PT2,Telkom Akses,367,2. PT2/Batch 1,Prio September,NY Go Live,0,Y,y,20 Branch,#N/A,05. Go Live,Ready,,,,,,,,,,#N/A,,,,
12043216,"TSM,GRU,PT2,GARUT_77609_H2_2025",8,  -   ,2207915,275.989.375,AREA 2,JABAR,TASIKMALAYA,PT2,Telkom Akses,216,9. PT2/Batch 2,Prio September,NY Go Live,0,Y,y,20 Branch,#N/A,01. Persiapan,Ready,,,,,,,,,,#N/A,,,,
12043077,"TSM,CKJ,PT2,GARUT_112931_H2_2025",8,  -   ,2207915,275.989.375,AREA 2,JABAR,TASIKMALAYA,PT2,Telkom Akses,213,9. PT2/Batch 2,Prio September,NY Go Live,0,Y,y,20 Branch,#N/A,01. Persiapan,Ready,,,,,,,,,,#N/A,,,,
13286202,ODP-SDL-FAH/083,8,  -   ,1040484,"130060,5",AREA 2,JABAR,BANDUNG,PT2,Telkom Akses,401,21. PT2/Batch 7 thp 3,Prio September,NY Go Live,0,Y,y,20 Branch,#N/A,00. Propose Drop,,,,,,QE Repair Core,,,,,#N/A,,,,
13286201,ODP-CLL-FAL/024,8,  8 ,1040484,"130060,5",AREA 2,JABAR,BANDUNG,PT2,Telkom Akses,400,21. PT2/Batch 7 thp 3,Prio September,NY Go Live,0,Y,y,20 Branch,#N/A,05. Go Live,Ready,,,,,,,,,,#N/A,,,,
13286198,ODP-SDL-FAH/006,8,  -   ,1040484,"130060,5",AREA 2,JABAR,BANDUNG,PT2,Telkom Akses,399,21. PT2/Batch 7 thp 3,Prio September,NY Go Live,0,Y,y,20 Branch,#N/A,00. Propose Drop,,,,,,QE Repair Core,,,,,#N/A,,,,
13286190,ODP-CKW-FAM/006,8,  -   ,1040484,"130060,5",AREA 2,JABAR,BANDUNG,PT2,Telkom Akses,396,21. PT2/Batch 7 thp 3,Prio September,NY Go Live,0,Y,y,20 Branch,#N/A,01. Persiapan,Ready,,,,,,,,,,#N/A,,,,
13286172,ODP-BTJ-FBG/050,8,  8 ,1040484,"130060,5",AREA 2,JABAR,BANDUNG,PT2,Telkom Akses,392,21. PT2/Batch 7 thp 3,Prio September,NY Go Live,0,Y,y,20 Branch,#N/A,05. Go Live,Ready,,,,,,,,,,#N/A,,,,
13286170,ODP-CKW-FAM/028,8,  8 ,1040484,"130060,5",AREA 2,JABAR,BANDUNG,PT2,Telkom Akses,391,21. PT2/Batch 7 thp 3,Prio September,NY Go Live,0,Y,y,20 Branch,#N/A,05. Go Live,Ready,,,,,,,,,,#N/A,,,,
13286164,ODP-BTJ-FBG/005,8,  -   ,1040484,"130060,5",AREA 2,JABAR,BANDUNG,PT2,Telkom Akses,390,21. PT2/Batch 7 thp 3,Prio September,NY Go Live,0,Y,y,20 Branch,#N/A,01. Persiapan,Ready,,,,,,,,,,#N/A,,,,
13286081,ODP-CLL-FAL/021,8,  8 ,1040484,"130060,5",AREA 2,JABAR,BANDUNG,PT2,Telkom Akses,387,21. PT2/Batch 7 thp 3,Prio September,NY Go Live,0,Y,y,20 Branch,#N/A,05. Go Live,Ready,,,,,,,,,,#N/A,,,,
13286051,ODP-CLL-FAK/002,8,  -   ,1040484,"130060,5",AREA 2,JABAR,BANDUNG,PT2,Telkom Akses,382,21. PT2/Batch 7 thp 3,Prio September,NY Go Live,0,Y,y,20 Branch,#N/A,01. Persiapan,Ready,,,,,,,,,,#N/A,,,,
13286049,ODP-SDL-FAF/056,8,  -   ,1040484,"130060,5",AREA 2,JABAR,BANDUNG,PT2,Telkom Akses,381,21. PT2/Batch 7 thp 3,Prio September,NY Go Live,0,Y,y,20 Branch,#N/A,01. Persiapan,Ready,,,,,,,,,,#N/A,,,,
13286045,ODP-CLL-FAK/016,8,  -   ,1040484,"130060,5",AREA 2,JABAR,BANDUNG,PT2,Telkom Akses,379,21. PT2/Batch 7 thp 3,Prio September,NY Go Live,0,Y,y,20 Branch,#N/A,00. Propose Drop,Ready,,,,,"Irisan Cleansing Port 2,3 Jt",,,,,#N/A,,,,
13286043,ODP-SDL-FAE/033,8,  -   ,1040484,"130060,5",AREA 2,JABAR,BANDUNG,PT2,Telkom Akses,378,21. PT2/Batch 7 thp 3,Prio September,NY Go Live,0,Y,y,20 Branch,#N/A,00. Propose Drop,,,,,,QE Repair Core,,,,,#N/A,,,,
13286039,ODP-SDL-FAC/25,8,  -   ,1040484,"130060,5",AREA 2,JABAR,BANDUNG,PT2,Telkom Akses,376,21. PT2/Batch 7 thp 3,Prio September,NY Go Live,0,Y,y,20 Branch,#N/A,05. Go Live,Ready,,,,,,,,,,#N/A,,,,
13286026,ODP-SDL-FAB/16,8,  -   ,1040484,"130060,5",AREA 2,JABAR,BANDUNG,PT2,Telkom Akses,373,21. PT2/Batch 7 thp 3,Prio September,NY Go Live,0,Y,y,20 Branch,#N/A,00. Propose Drop,,,,,,Pelanggan >250m dari ODP (tidak ada dist eksisting),,,,,#N/A,5. Kendala Perijinan,,,
13286020,ODP-SDL-FAB/12,8,  -   ,1040484,"130060,5",AREA 2,JABAR,BANDUNG,PT2,Telkom Akses,372,21. PT2/Batch 7 thp 3,Prio September,NY Go Live,0,Y,y,20 Branch,#N/A,01. Persiapan,Ready,,,,,,,,,,#N/A,,,,
13286016,ODP-SDL-FAA/080,8,  -   ,1040484,"130060,5",AREA 2,JABAR,BANDUNG,PT2,Telkom Akses,370,21. PT2/Batch 7 thp 3,Prio September,NY Go Live,0,Y,y,20 Branch,#N/A,01. Persiapan,Ready,,,,,,,,,,#N/A,,,,
13286011,ODP-SDL-FAA/061,8,  -   ,1040484,"130060,5",AREA 2,JABAR,BANDUNG,PT2,Telkom Akses,369,21. PT2/Batch 7 thp 3,Prio September,NY Go Live,0,Y,y,20 Branch,#N/A,00. Propose Drop,,,,,,"Irisan Cleansing Port 2,3 Jt",,,,,#N/A,,,,
13286005,ODP-SDL-F09/01,8,  -   ,1040484,"130060,5",AREA 2,JABAR,BANDUNG,PT2,Telkom Akses,365,21. PT2/Batch 7 thp 3,Prio September,NY Go Live,0,Y,y,20 Branch,#N/A,00. Propose Drop,Ready,,,,,"Irisan Cleansing Port 2,3 Jt",,,,,#N/A,,,,
13286003,ODP-SDL-FAU/015,8,  -   ,1040484,"130060,5",AREA 2,JABAR,BANDUNG,PT2,Telkom Akses,363,21. PT2/Batch 7 thp 3,Prio September,NY Go Live,0,Y,y,20 Branch,#N/A,00. Propose Drop,Ready,,,,,"Irisan Cleansing Port 2,3 Jt",,,,,#N/A,,,,
13285994,ODP-SDL-FAU/010,8,  -   ,1040484,"130060,5",AREA 2,JABAR,BANDUNG,PT2,Telkom Akses,360,21. PT2/Batch 7 thp 3,Prio September,NY Go Live,0,Y,y,20 Branch,#N/A,00. Propose Drop,,,,,,"Irisan Cleansing Port 2,3 Jt",,,,,#N/A,,,,
13285985,ODP-CLL-FAK/011,8,  -   ,1040484,"130060,5",AREA 2,JABAR,BANDUNG,PT2,Telkom Akses,356,21. PT2/Batch 7 thp 3,Prio September,NY Go Live,0,Y,y,20 Branch,#N/A,01. Persiapan,Ready,,,,,,,,,,#N/A,,,,
13285976,ODP-SDL-FAT/084,8,  -   ,1040484,"130060,5",AREA 2,JABAR,BANDUNG,PT2,Telkom Akses,355,21. PT2/Batch 7 thp 3,Prio September,NY Go Live,0,Y,y,20 Branch,#N/A,00. Propose Drop,Ready,,,,,"Irisan Cleansing Port 2,3 Jt",,,,,#N/A,,,,
13285969,ODP-CLL-FAJ/007,8,  -   ,1040484,"130060,5",AREA 2,JABAR,BANDUNG,PT2,Telkom Akses,353,21. PT2/Batch 7 thp 3,Prio September,NY Go Live,0,Y,y,20 Branch,#N/A,01. Persiapan,Ready,,,,,,,,,,#N/A,,,,
13285963,ODP-RJW-FDP/12,8,  -   ,1040484,"130060,5",AREA 2,JABAR,BANDUNG,PT2,Telkom Akses,351,21. PT2/Batch 7 thp 3,Prio September,NY Go Live,0,Y,y,20 Branch,#N/A,01. Persiapan,Ready,,,,,,,,,,#N/A,,,,
13285957,ODP-RJW-FFG/20,8,  -   ,1040484,"130060,5",AREA 2,JABAR,BANDUNG,PT2,Telkom Akses,348,21. PT2/Batch 7 thp 3,Prio September,NY Go Live,0,Y,y,20 Branch,#N/A,00. Propose Drop,Ready,,,,,"Irisan Cleansing Port 2,3 Jt",,,,,#N/A,,,,
13285951,ODP-RJW-FFG/100,8,  8 ,1040484,"130060,5",AREA 2,JABAR,BANDUNG,PT2,Telkom Akses,345,21. PT2/Batch 7 thp 3,Prio September,NY Go Live,0,Y,y,20 Branch,#N/A,05. Go Live,Ready,,,,,,,,,,#N/A,,,,
13285946,ODP-RJW-FFF/115,8,  -   ,1040484,"130060,5",AREA 2,JABAR,BANDUNG,PT2,Telkom Akses,342,21. PT2/Batch 7 thp 3,Prio September,NY Go Live,0,Y,y,20 Branch,#N/A,01. Persiapan,Ready,,,,,,,,,,#N/A,,,,
13285934,ODP-RJW-FEG/104,8,  -   ,1040484,"130060,5",AREA 2,JABAR,BANDUNG,PT2,Telkom Akses,338,21. PT2/Batch 7 thp 3,Prio September,NY Go Live,0,Y,y,20 Branch,#N/A,01. Persiapan,Ready,,,,,,,,,,#N/A,,,,
13285924,ODP-CLL-FAH/071,8,  -   ,1040484,"130060,5",AREA 2,JABAR,BANDUNG,PT2,Telkom Akses,336,21. PT2/Batch 7 thp 3,Prio September,NY Go Live,0,Y,y,20 Branch,#N/A,01. Persiapan,Ready,,,,,,,,,,#N/A,,,,
13285918,ODP-RJW-FDM/077,8,  -   ,1040484,"130060,5",AREA 2,JABAR,BANDUNG,PT2,Telkom Akses,334,21. PT2/Batch 7 thp 3,Prio September,NY Go Live,0,Y,y,20 Branch,#N/A,00. Propose Drop,Ready,,,,,"Irisan Cleansing Port 2,3 Jt",,,,,#N/A,,,,
13285912,ODP-RJW-FDH/04,8,  -   ,1040484,"130060,5",AREA 2,JABAR,BANDUNG,PT2,Telkom Akses,332,21. PT2/Batch 7 thp 3,Prio September,NY Go Live,0,Y,y,20 Branch,#N/A,01. Persiapan,Ready,,,,,,,,,,#N/A,,,,
13285902,ODP-SDL-FAT/029,8,  -   ,1040484,"130060,5",AREA 2,JABAR,BANDUNG,PT2,Telkom Akses,330,21. PT2/Batch 7 thp 3,Prio September,NY Go Live,0,Y,y,20 Branch,#N/A,01. Persiapan,Ready,,,,,,,,,,#N/A,,,,
13285900,ODP-BTJ-FBE/008,8,  8 ,1040484,"130060,5",AREA 2,JABAR,BANDUNG,PT2,Telkom Akses,329,21. PT2/Batch 7 thp 3,Prio September,NY Go Live,0,Y,y,20 Branch,#N/A,05. Go Live,Ready,,,,,,,,,,#N/A,,,,
13285899,ODP-SDL-FAT/023,8,  -   ,1040484,"130060,5",AREA 2,JABAR,BANDUNG,PT2,Telkom Akses,328,21. PT2/Batch 7 thp 3,Prio September,NY Go Live,0,Y,y,20 Branch,#N/A,01. Persiapan,Ready,,,,,,,,,,#N/A,,,,
13285829,ODP-BTJ-FBE/003,8,  -   ,1040484,"130060,5",AREA 2,JABAR,BANDUNG,PT2,Telkom Akses,323,21. PT2/Batch 7 thp 3,Prio September,NY Go Live,0,Y,y,20 Branch,#N/A,01. Persiapan,Ready,,,,,,,,,,#N/A,,,,
13285819,ODP-SDL-FAS/056,8,  -   ,1040484,"130060,5",AREA 2,JABAR,BANDUNG,PT2,Telkom Akses,321,21. PT2/Batch 7 thp 3,Prio September,NY Go Live,0,Y,y,20 Branch,#N/A,00. Propose Drop,Ready,,,,,"Irisan Cleansing Port 2,3 Jt",,,,,#N/A,,,,
13285804,ODP-SDL-FAS/033,8,  -   ,1040484,"130060,5",AREA 2,JABAR,BANDUNG,PT2,Telkom Akses,319,21. PT2/Batch 7 thp 3,Prio September,NY Go Live,0,Y,y,20 Branch,#N/A,01. Persiapan,Ready,,,,,,,,,,#N/A,,,,
13285797,ODP-BTJ-FDN/040,8,  -   ,1040484,"130060,5",AREA 2,JABAR,BANDUNG,PT2,Telkom Akses,318,21. PT2/Batch 7 thp 3,Prio September,NY Go Live,0,Y,y,20 Branch,#N/A,01. Persiapan,Ready,,,,,,,,,,#N/A,,,,
13285795,ODP-RJW-FCS/069,8,  8 ,1040484,"130060,5",AREA 2,JABAR,BANDUNG,PT2,Telkom Akses,317,21. PT2/Batch 7 thp 3,Prio September,NY Go Live,0,Y,y,20 Branch,#N/A,05. Go Live,Ready,,,,,,,,,,#N/A,,,,
13285787,ODP-BTJ-FDM/062,8,  8 ,1040484,"130060,5",AREA 2,JABAR,BANDUNG,PT2,Telkom Akses,314,21. PT2/Batch 7 thp 3,Prio September,NY Go Live,0,Y,y,20 Branch,#N/A,05. Go Live,Ready,,,,,,,,,,#N/A,,,,
13285778,ODP-BTJ-FDM/060,8,  8 ,1040484,"130060,5",AREA 2,JABAR,BANDUNG,PT2,Telkom Akses,313,21. PT2/Batch 7 thp 3,Prio September,NY Go Live,0,Y,y,20 Branch,#N/A,05. Go Live,Ready,,,,,,,,,,#N/A,,,,
13285768,ODP-RJW-FDD/065,8,  -   ,1040484,"130060,5",AREA 2,JABAR,BANDUNG,PT2,Telkom Akses,309,21. PT2/Batch 7 thp 3,Prio September,NY Go Live,0,Y,y,20 Branch,#N/A,01. Persiapan,Ready,,,,,,,,,,#N/A,,,,
13285758,ODP-BTJ-FBD/026,8,  8 ,1040484,"130060,5",AREA 2,JABAR,BANDUNG,PT2,Telkom Akses,308,21. PT2/Batch 7 thp 3,Prio September,NY Go Live,0,Y,y,20 Branch,#N/A,05. Go Live,Ready,,,,,,,,,,#N/A,,,,
13285752,ODP-RJW-FDB/049,8,  -   ,1040484,"130060,5",AREA 2,JABAR,BANDUNG,PT2,Telkom Akses,307,21. PT2/Batch 7 thp 3,Prio September,NY Go Live,0,Y,y,20 Branch,#N/A,00. Propose Drop,Ready,,,,,"Irisan Cleansing Port 2,3 Jt",,,,,#N/A,,,,
13285733,ODP-BTJ-FBD/002,8,  8 ,1040484,"130060,5",AREA 2,JABAR,BANDUNG,PT2,Telkom Akses,304,21. PT2/Batch 7 thp 3,Prio September,NY Go Live,0,Y,y,20 Branch,#N/A,05. Go Live,Ready,,,,,,,,,,#N/A,,,,
13277056,ODP-NJG-FBG/079,8,  -   ,744141,93.017.625,AREA 2,JABAR,BANDUNG,PT2,Telkom Akses,190,21. PT2/Batch 7 thp 3,Prio September,NY Go Live,0,Y,y,20 Branch,#N/A,01. Persiapan,Ready,,,,,,,,,,#N/A,,,,
13277061,ODP-NJG-FBN/093,8,  -   ,744141,93.017.625,AREA 2,JABAR,BANDUNG,PT2,Telkom Akses,191,21. PT2/Batch 7 thp 3,Prio September,NY Go Live,0,Y,y,20 Branch,#N/A,01. Persiapan,Ready,,,,,,,,,,#N/A,,,,
13285728,ODP-BTJ-FDM/051,8,  8 ,1040484,"130060,5",AREA 2,JABAR,BANDUNG,PT2,Telkom Akses,303,21. PT2/Batch 7 thp 3,Prio September,NY Go Live,0,Y,y,20 Branch,#N/A,05. Go Live,Ready,,,,,,,,,,#N/A,,,,
13277414,ODP-NJG-FBJ/054,8,  -   ,744141,93.017.625,AREA 2,JABAR,BANDUNG,PT2,Telkom Akses,193,21. PT2/Batch 7 thp 3,Prio September,NY Go Live,0,Y,y,20 Branch,#N/A,01. Persiapan,Ready,,,,,,,,,,#N/A,,,,
13285709,ODP-BTJ-FDM/037,8,  8 ,1040484,"130060,5",AREA 2,JABAR,BANDUNG,PT2,Telkom Akses,302,21. PT2/Batch 7 thp 3,Prio September,NY Go Live,0,Y,y,20 Branch,#N/A,05. Go Live,Ready,,,,,,,,,,#N/A,,,,
13277654,ODP-BDK-FCZ/033,8,  -   ,744141,93.017.625,AREA 2,JABAR,BANDUNG,PT2,Telkom Akses,195,21. PT2/Batch 7 thp 3,Prio September,NY Go Live,0,Y,y,20 Branch,#N/A,00. Propose Drop,,,,,,QE Repair Core,,,,,#N/A,,,,
13277661,ODP-BDK-FCZ/044,8,  -   ,744141,93.017.625,AREA 2,JABAR,BANDUNG,PT2,Telkom Akses,197,21. PT2/Batch 7 thp 3,Prio September,NY Go Live,0,Y,y,20 Branch,#N/A,00. Propose Drop,,,,,,"Irisan Cleansing Port 2,3 Jt",,,,,#N/A,,,,
13277666,ODP-BDK-FCZ/045,8,  -   ,744141,93.017.625,AREA 2,JABAR,BANDUNG,PT2,Telkom Akses,198,21. PT2/Batch 7 thp 3,Prio September,NY Go Live,0,Y,y,20 Branch,#N/A,00. Propose Drop,,,,,,"Irisan Cleansing Port 2,3 Jt",,,,,#N/A,,,,
13277704,ODP-BDK-FCZ/046,8,  -   ,744141,93.017.625,AREA 2,JABAR,BANDUNG,PT2,Telkom Akses,199,21. PT2/Batch 7 thp 3,Prio September,NY Go Live,0,Y,y,20 Branch,#N/A,00. Propose Drop,,,,,,"Irisan Cleansing Port 2,3 Jt",,,,,#N/A,,,,
13285707,ODP-BTJ-FBA/063,8,  -   ,1040484,"130060,5",AREA 2,JABAR,BANDUNG,PT2,Telkom Akses,301,21. PT2/Batch 7 thp 3,Prio September,NY Go Live,0,Y,y,20 Branch,#N/A,01. Persiapan,Ready,,,,,,,,,,#N/A,,,,
13277729,ODP-NJG-FBJ/069,8,  -   ,744141,93.017.625,AREA 2,JABAR,BANDUNG,PT2,Telkom Akses,201,21. PT2/Batch 7 thp 3,Prio September,NY Go Live,0,Y,y,20 Branch,#N/A,00. Propose Drop,Ready,,,,,"Irisan Cleansing Port 2,3 Jt",,,,,#N/A,,,,
13277777,ODP-NJG-FBJ/070,8,  -   ,744141,93.017.625,AREA 2,JABAR,BANDUNG,PT2,Telkom Akses,202,21. PT2/Batch 7 thp 3,Prio September,NY Go Live,0,Y,y,20 Branch,#N/A,00. Propose Drop,Ready,,,,,"Irisan Cleansing Port 2,3 Jt",,,,,#N/A,,,,
13277850,ODP-NJG-FBJ/071,8,  8 ,744141,93.017.625,AREA 2,JABAR,BANDUNG,PT2,Telkom Akses,203,21. PT2/Batch 7 thp 3,Prio September,NY Go Live,0,Y,y,20 Branch,#N/A,05. Go Live,Ready,,,,,,,,,,#N/A,,,,
13277897,ODP-NJG-FBJ/072,8,  -   ,744141,93.017.625,AREA 2,JABAR,BANDUNG,PT2,Telkom Akses,204,21. PT2/Batch 7 thp 3,Prio September,NY Go Live,0,Y,y,20 Branch,#N/A,01. Persiapan,Ready,,,,,,,,,,#N/A,,,,
13277956,ODP-NJG-FBJ/074,8,  -   ,744141,93.017.625,AREA 2,JABAR,BANDUNG,PT2,Telkom Akses,205,21. PT2/Batch 7 thp 3,Prio September,NY Go Live,0,Y,y,20 Branch,#N/A,01. Persiapan,Ready,,,,,,,,,,#N/A,,,,
13285694,ODP-BTJ-FDM/035,8,  -   ,1040484,"130060,5",AREA 2,JABAR,BANDUNG,PT2,Telkom Akses,300,21. PT2/Batch 7 thp 3,Prio September,NY Go Live,0,Y,y,20 Branch,#N/A,00. Propose Drop,Ready,,,,,"Irisan Cleansing Port 2,3 Jt",,,,,#N/A,,,,
13285642,ODP-BTJ-FBA/035,8,  -   ,1040484,"130060,5",AREA 2,JABAR,BANDUNG,PT2,Telkom Akses,298,21. PT2/Batch 7 thp 3,Prio September,NY Go Live,0,Y,y,20 Branch,#N/A,01. Persiapan,Ready,,,,,,,,,,#N/A,,,,
13279092,ODP-NJG-FBJ/089,8,  -   ,744141,93.017.625,AREA 2,JABAR,BANDUNG,PT2,Telkom Akses,208,21. PT2/Batch 7 thp 3,Prio September,NY Go Live,0,Y,y,20 Branch,#N/A,00. Propose Drop,Ready,,,,,"Irisan Cleansing Port 2,3 Jt",,,,,#N/A,,,,
13279126,ODP-NJG-FBJ/093,8,  8 ,744141,93.017.625,AREA 2,JABAR,BANDUNG,PT2,Telkom Akses,209,21. PT2/Batch 7 thp 3,Prio September,NY Go Live,0,Y,y,20 Branch,#N/A,05. Go Live,Ready,,,,,,,,,,#N/A,,,,
13279166,ODP-NJG-FBJ/098,8,  -   ,744141,93.017.625,AREA 2,JABAR,BANDUNG,PT2,Telkom Akses,210,21. PT2/Batch 7 thp 3,Prio September,NY Go Live,0,Y,y,20 Branch,#N/A,00. Propose Drop,Ready,,,,,"Irisan Cleansing Port 2,3 Jt",,,,,#N/A,,,,
13285636,ODP-CLL-FAH/062,8,  -   ,1040484,"130060,5",AREA 2,JABAR,BANDUNG,PT2,Telkom Akses,297,21. PT2/Batch 7 thp 3,Prio September,NY Go Live,0,Y,y,20 Branch,#N/A,01. Persiapan,Ready,,,,,,,,,,#N/A,,,,
13285634,ODP-RJW-FCD/09,8,  8 ,1040484,"130060,5",AREA 2,JABAR,BANDUNG,PT2,Telkom Akses,296,21. PT2/Batch 7 thp 3,Prio September,NY Go Live,0,Y,y,20 Branch,#N/A,05. Go Live,Ready,,,,,,,,,,#N/A,,,,
13279729,ODP-NJG-FBG/019,8,  -   ,2058756,"257344,5",AREA 2,JABAR,BANDUNG,PT2,Telkom Akses,215,21. PT2/Batch 7 thp 3,Prio September,NY Go Live,0,Y,y,20 Branch,#N/A,01. Persiapan,Ready,,,,,,,,,,#N/A,,,,
13285597,ODP-BTJ-FDM/002,8,  -   ,1040484,"130060,5",AREA 2,JABAR,BANDUNG,PT2,Telkom Akses,294,21. PT2/Batch 7 thp 3,Prio September,NY Go Live,0,Y,y,20 Branch,#N/A,00. Propose Drop,Ready,,,,,"Irisan Cleansing Port 2,3 Jt",,,,,#N/A,,,,
13282120,ODP-NJG-FBC/011,8,  -   ,2058756,"257344,5",AREA 2,JABAR,BANDUNG,PT2,Telkom Akses,219,21. PT2/Batch 7 thp 3,Prio September,NY Go Live,0,Y,y,20 Branch,#N/A,00. Propose Drop,Ready,,,,,"Irisan Cleansing Port 2,3 Jt",,,,,#N/A,,,,
13282149,ODP-NJG-FBC/018,8,  -   ,2058756,"257344,5",AREA 2,JABAR,BANDUNG,PT2,Telkom Akses,221,21. PT2/Batch 7 thp 3,Prio September,NY Go Live,0,Y,y,20 Branch,#N/A,00. Propose Drop,Ready,,,,,"Irisan Cleansing Port 2,3 Jt",,,,,#N/A,,,,
13285582,ODP-BTJ-FBA/033,8,  -   ,1040484,"130060,5",AREA 2,JABAR,BANDUNG,PT2,Telkom Akses,291,21. PT2/Batch 7 thp 3,Prio September,NY Go Live,0,Y,y,20 Branch,#N/A,01. Persiapan,Ready,,,,,,,,,,#N/A,,,,
13282208,ODP-NJG-FBC/016,8,  -   ,2058756,"257344,5",AREA 2,JABAR,BANDUNG,PT2,Telkom Akses,223,21. PT2/Batch 7 thp 3,Prio September,NY Go Live,0,Y,y,20 Branch,#N/A,01. Persiapan,Ready,,,,,,,,,,#N/A,,,,
13282253,ODP-NJG-FBC/022,8,  -   ,2058756,"257344,5",AREA 2,JABAR,BANDUNG,PT2,Telkom Akses,225,21. PT2/Batch 7 thp 3,Prio September,NY Go Live,0,Y,y,20 Branch,#N/A,00. Propose Drop,Ready,,,,,"Irisan Cleansing Port 2,3 Jt",,,,,#N/A,,,,
13285579,ODP-BTJ-FDM/108,8,  8 ,1040484,"130060,5",AREA 2,JABAR,BANDUNG,PT2,Telkom Akses,290,21. PT2/Batch 7 thp 3,Prio September,NY Go Live,0,Y,y,20 Branch,#N/A,05. Go Live,Ready,,,,,,,,,,#N/A,,,,
13285578,ODP-BTJ-FDM/107,8,  8 ,1040484,"130060,5",AREA 2,JABAR,BANDUNG,PT2,Telkom Akses,289,21. PT2/Batch 7 thp 3,Prio September,NY Go Live,0,Y,y,20 Branch,#N/A,05. Go Live,Ready,,,,,,,,,,#N/A,,,,
13282690,ODP-NJG-FBA/18,8,  8 ,1530066,"191258,25",AREA 2,JABAR,BANDUNG,PT2,Telkom Akses,229,21. PT2/Batch 7 thp 3,Prio September,NY Go Live,0,Y,y,20 Branch,#N/A,05. Go Live,Ready,,,,,,,,,,#N/A,,,,
13285544,ODP-PDL-FDS/009,8,  -   ,1040484,"130060,5",AREA 2,JABAR,BANDUNG,PT2,Telkom Akses,286,21. PT2/Batch 7 thp 3,Prio September,NY Go Live,0,Y,y,20 Branch,#N/A,01. Persiapan,Ready,,,,,,,,,,#N/A,,,,
13285211,ODP-BTJ-FDK/071,8,  8 ,1040484,"130060,5",AREA 2,JABAR,BANDUNG,PT2,Telkom Akses,231,21. PT2/Batch 7 thp 3,Prio September,NY Go Live,0,Y,y,20 Branch,#N/A,05. Go Live,Ready,,,,,,,,,,#N/A,,,,
13285535,ODP-CLL-FAH/038,8,  8 ,1040484,"130060,5",AREA 2,JABAR,BANDUNG,PT2,Telkom Akses,285,21. PT2/Batch 7 thp 3,Prio September,NY Go Live,0,Y,y,20 Branch,#N/A,05. Go Live,Ready,,,,,,,,,,#N/A,,,,
13285521,ODP-PDL-FDS/047,8,  8 ,1040484,"130060,5",AREA 2,JABAR,BANDUNG,PT2,Telkom Akses,282,21. PT2/Batch 7 thp 3,Prio September,NY Go Live,0,Y,y,20 Branch,#N/A,05. Go Live,Ready,,,,,,,,,,#N/A,,,,
13285473,ODP-NJG-FBC/062,8,  8 ,744141,93.017.625,AREA 2,JABAR,BANDUNG,PT2,Telkom Akses,275,21. PT2/Batch 7 thp 3,Prio September,NY Go Live,0,Y,y,20 Branch,#N/A,05. Go Live,Ready,,,,,,,,,,#N/A,,,,
13285245,ODP-BTJ-FDL/012,8,  -   ,1040484,"130060,5",AREA 2,JABAR,BANDUNG,PT2,Telkom Akses,235,21. PT2/Batch 7 thp 3,Prio September,NY Go Live,0,Y,y,20 Branch,#N/A,00. Propose Drop,Ready,,,,,"Irisan Cleansing Port 2,3 Jt",,,,,#N/A,,,,
13285247,ODP-NJG-FBA/080,8,  -   ,744141,93.017.625,AREA 2,JABAR,BANDUNG,PT2,Telkom Akses,236,21. PT2/Batch 7 thp 3,Prio September,NY Go Live,0,Y,y,20 Branch,#N/A,01. Persiapan,Ready,,,,,,,,,,#N/A,,,,
13285249,ODP-NJG-FBA/100,8,  -   ,744141,93.017.625,AREA 2,JABAR,BANDUNG,PT2,Telkom Akses,237,21. PT2/Batch 7 thp 3,Prio September,NY Go Live,0,Y,y,20 Branch,#N/A,01. Persiapan,Ready,,,,,,,,,,#N/A,,,,
13285252,ODP-NJG-FBB/048,8,  8 ,744141,93.017.625,AREA 2,JABAR,BANDUNG,PT2,Telkom Akses,238,21. PT2/Batch 7 thp 3,Prio September,NY Go Live,0,Y,y,20 Branch,#N/A,05. Go Live,Ready,,,,,,,,,,#N/A,,,,
13285440,ODP-BTJ-FDL/062,8,  -   ,1040484,"130060,5",AREA 2,JABAR,BANDUNG,PT2,Telkom Akses,273,21. PT2/Batch 7 thp 3,Prio September,NY Go Live,0,Y,y,20 Branch,#N/A,00. Propose Drop,Ready,,,,,"Irisan Cleansing Port 2,3 Jt",,,,,#N/A,,,,
13285257,ODP-BTJ-FDL/019,8,  -   ,1040484,"130060,5",AREA 2,JABAR,BANDUNG,PT2,Telkom Akses,240,21. PT2/Batch 7 thp 3,Prio September,NY Go Live,0,Y,y,20 Branch,#N/A,01. Persiapan,Ready,,,,,,,,,,#N/A,,,,
13285438,ODP-CLL-FAH/034,8,  -   ,1040484,"130060,5",AREA 2,JABAR,BANDUNG,PT2,Telkom Akses,272,21. PT2/Batch 7 thp 3,Prio September,NY Go Live,0,Y,y,20 Branch,#N/A,01. Persiapan,Ready,,,,,,,,,,#N/A,,,,
13285421,ODP-BTJ-FDL/005,8,  -   ,1040484,"130060,5",AREA 2,JABAR,BANDUNG,PT2,Telkom Akses,270,21. PT2/Batch 7 thp 3,Prio September,NY Go Live,0,Y,y,20 Branch,#N/A,00. Propose Drop,Ready,,,,,"Irisan Cleansing Port 2,3 Jt",,,,,#N/A,,,,
13285417,ODP-NJG-FBC/060,8,  8 ,744141,93.017.625,AREA 2,JABAR,BANDUNG,PT2,Telkom Akses,269,21. PT2/Batch 7 thp 3,Prio September,NY Go Live,0,Y,y,20 Branch,#N/A,05. Go Live,Ready,,,,,,,,,,#N/A,,,,
13285403,ODP-CLL-FAH/030,8,  -   ,1040484,"130060,5",AREA 2,JABAR,BANDUNG,PT2,Telkom Akses,265,21. PT2/Batch 7 thp 3,Prio September,NY Go Live,0,Y,y,20 Branch,#N/A,00. Propose Drop,Ready,,,,,"Irisan Cleansing Port 2,3 Jt",,,,,#N/A,,,,
13285294,ODP-CLL-FAH/022,8,  -   ,1040484,"130060,5",AREA 2,JABAR,BANDUNG,PT2,Telkom Akses,245,21. PT2/Batch 7 thp 3,Prio September,NY Go Live,0,Y,y,20 Branch,#N/A,01. Persiapan,Ready,,,,,,,,,,#N/A,,,,
13285314,ODP-CLL-FAH/024,8,  -   ,1040484,"130060,5",AREA 2,JABAR,BANDUNG,PT2,Telkom Akses,246,21. PT2/Batch 7 thp 3,Prio September,NY Go Live,0,Y,y,20 Branch,#N/A,01. Persiapan,Ready,,,,,,,,,,#N/A,,,,
13285400,ODP-NJG-FBC/048,8,  8 ,744141,93.017.625,AREA 2,JABAR,BANDUNG,PT2,Telkom Akses,263,21. PT2/Batch 7 thp 3,Prio September,NY Go Live,0,Y,y,20 Branch,#N/A,05. Go Live,Ready,,,,,,,,,,#N/A,,,,
13285398,ODP-PDL-FDS/019,8,  -   ,1040484,"130060,5",AREA 2,JABAR,BANDUNG,PT2,Telkom Akses,262,21. PT2/Batch 7 thp 3,Prio September,NY Go Live,0,Y,y,20 Branch,#N/A,01. Persiapan,Ready,,,,,,,,,,#N/A,,,,
13285328,ODP-BTJ-FDL/029,8,  -   ,1040484,"130060,5",AREA 2,JABAR,BANDUNG,PT2,Telkom Akses,249,21. PT2/Batch 7 thp 3,Prio September,NY Go Live,0,Y,y,20 Branch,#N/A,00. Propose Drop,Ready,,,,,"Irisan Cleansing Port 2,3 Jt",,,,,#N/A,,,,
13285382,ODP-NJG-FBC/041,8,  -   ,744141,93.017.625,AREA 2,JABAR,BANDUNG,PT2,Telkom Akses,257,21. PT2/Batch 7 thp 3,Prio September,NY Go Live,0,Y,y,20 Branch,#N/A,01. Persiapan,Ready,,,,,,,,,,#N/A,,,,
13285375,ODP-CLL-FAH/027,8,  -   ,1040484,"130060,5",AREA 2,JABAR,BANDUNG,PT2,Telkom Akses,256,21. PT2/Batch 7 thp 3,Prio September,NY Go Live,0,Y,y,20 Branch,#N/A,01. Persiapan,Ready,,,,,,,,,,#N/A,,,,
13285347,ODP-BTJ-FDL/042,8,  -   ,1040484,"130060,5",AREA 2,JABAR,BANDUNG,PT2,Telkom Akses,253,21. PT2/Batch 7 thp 3,Prio September,NY Go Live,0,Y,y,20 Branch,#N/A,01. Persiapan,Ready,,,,,,,,,,#N/A,,,,
12108014,ODP Expand-ODP-CIW-FDC-047,8,  -   ,1271791,158.973.875,AREA 2,JABAR,TASIKMALAYA,PT2,Telkom Akses,13,2. PT2/Batch 1,Prio Agustus,NY Go Live,0,Y,y,20 Branch,PT2,00. Propose Drop,,,,,,QE Repair Core,,,,,#N/A,,,,
12108025,ODP Expand-ODP-CIW-FAF-004,8,  -   ,1271791,158.973.875,AREA 2,JABAR,TASIKMALAYA,PT2,Telkom Akses,14,2. PT2/Batch 1,Prio Agustus,NY Go Live,0,Y,y,20 Branch,PT2,00. Propose Drop,,,,,,QE Repair Core,,,,,#N/A,,,,
12108761,ODP Expand-ODP-SPA-FFB-018,8,  -   ,1271791,158.973.875,AREA 2,JABAR,TASIKMALAYA,PT2,Telkom Akses,17,2. PT2/Batch 1,Prio Agustus,NY Go Live,0,Y,y,20 Branch,PT2,00. Propose Drop,,,,,,"Irisan Cleansing Port 2,3 Jt",,,,,#N/A,,,,
12327581,"TSM,SPA,PT2,DM-AOk42510161509026159ac880",8,  -   ,2084881,260.610.125,AREA 2,JABAR,TASIKMALAYA,PT2,Telkom Akses,19,2. PT2/Batch 1,Prio Agustus,NY Go Live,0,Y,y,20 Branch,PT2,00. Propose Drop,,,,,,QE Repair Core,,,,,#N/A,,,,
12313306,"TSM,SPA,PT2,DM-AOk425101412203306444cbf0",8,  -   ,2856095,357.011.875,AREA 2,JABAR,TASIKMALAYA,PT2,Telkom Akses,20,2. PT2/Batch 1,Prio Agustus,NY Go Live,0,Y,y,20 Branch,PT2,00. Propose Drop,,,,,,QE Repair Core,,,,,#N/A,,,,
12395212,"TSM,TSM,PT2,DM-AOk425101615212642028c1b0",8,  -   ,2856095,357.011.875,AREA 2,JABAR,TASIKMALAYA,PT2,Telkom Akses,21,2. PT2/Batch 1,Prio Agustus,NY Go Live,0,Y,y,20 Branch,PT2,00. Propose Drop,,,,,,QE Repair Core,,,,,#N/A,,,,
12394756,"TSM,TSM,PT2,DM-AOk425101715382325677f4a0",8,  8 ,2084881,260.610.125,AREA 2,JABAR,TASIKMALAYA,PT2,Telkom Akses,22,2. PT2/Batch 1,Prio Agustus,NY Go Live,0,Y,y,20 Branch,PT2,00. Propose Drop,,,,,,PT1 - Disolusikan Dengan Alpro Lain,,,,,#N/A,,,,
13203539,ODP-SPA-FBB/049,8,  -   ,1115250,"139406,25",AREA 2,JABAR,TASIKMALAYA,PT2,Telkom Akses,25,18. PT2/Batch 6,Prio Agustus,NY Go Live,0,Y,y,20 Branch,PT2,01. Persiapan,Ready,,,,,,,,,,#N/A,,,,
13204322,ODP-TSM-FHN/058,8,  8 ,1115250,"139406,25",AREA 2,JABAR,TASIKMALAYA,PT2,Telkom Akses,26,18. PT2/Batch 6,Prio Agustus,NY Go Live,0,Y,y,20 Branch,PT2,05. Go Live,Ready,,,,,,,,,,#N/A,,,,
13204290,ODP-TSM-FEP/037,8,  8 ,1115250,"139406,25",AREA 2,JABAR,TASIKMALAYA,PT2,Telkom Akses,31,18. PT2/Batch 6,Prio Agustus,NY Go Live,0,Y,y,20 Branch,PT2,05. Go Live,Ready,,,,,,,,,,#N/A,,,,
13204281,ODP-TSM-FDE/029,8,  -   ,1115250,"139406,25",AREA 2,JABAR,TASIKMALAYA,PT2,Telkom Akses,33,18. PT2/Batch 6,Prio Agustus,NY Go Live,0,Y,y,20 Branch,PT2,00. Propose Drop,Ready,,,,,"Irisan Cleansing Port 2,3 Jt",,,,,#N/A,,,,
13203527,ODP-RJP-FAF/088,8,  8 ,1115250,"139406,25",AREA 2,JABAR,TASIKMALAYA,PT2,Telkom Akses,38,18. PT2/Batch 6,Prio Agustus,NY Go Live,0,Y,y,20 Branch,PT2,05. Go Live,Ready,,,,,,,,,,#N/A,,,,
13203645,ODP-TSM-FFH/018,8,  -   ,1115250,"139406,25",AREA 2,JABAR,TASIKMALAYA,PT2,Telkom Akses,41,18. PT2/Batch 6,Prio Agustus,NY Go Live,0,Y,y,20 Branch,PT2,00. Propose Drop,Ready,,,,,"Irisan Cleansing Port 2,3 Jt",,,,,#N/A,,,,
12858166,"BDB,PDL,PT2,DM-AOk42511031032403651d,8HP",8,  -   ,2909023,363.627.875,AREA 2,JABAR,BANDUNG,PT2,Telkom Akses,P2,2. PT2/Batch 1,Prio Agustus,NY Go Live,0,Y,y,20 Branch,PT2,01. Persiapan,Ready,,,,,,,,,,#N/A,,,,
12504067,"BDB,RJW,PT2Expand,ODP-RJW-FEL-067",8,  -   ,1373271,171.658.875,AREA 2,JABAR,BANDUNG,PT2,Telkom Akses,P2,2. PT2/Batch 1,Prio Agustus,NY Go Live,0,Y,y,20 Branch,PT2,0. Drop DBP,,,,,,,,,,,#N/A,,,,
12504085,"BDB,RJW,PT2Expand,ODP-RJW-FFF-129",8,  -   ,1373271,171.658.875,AREA 2,JABAR,BANDUNG,PT2,Telkom Akses,P2,2. PT2/Batch 1,Prio Agustus,NY Go Live,0,Y,y,20 Branch,PT2,00. Propose Drop,,,,,,Core Distribusi Habis,,,,,#N/A,,,,
13112749,"BDG,PDL,PT2_DM-AOk42604230850279899133a0",16,  -   ,643221,402.013.125,AREA 2,JABAR,BANDUNG,PT2,Telkom Akses,P2,12. PT2/Batch 4 UNTSEL,Prio Agustus,NY Go Live,0,Y,y,20 Branch,PT2,00. Propose Drop,,,,,,Core Distribusi Habis,,,,,#N/A,,,,
13104867,"BDG,PDL,PT2_DM-AOK42604201315391661286D0",16,  -   ,643221,402.013.125,AREA 2,JABAR,BANDUNG,PT2,Telkom Akses,P2,12. PT2/Batch 4 UNTSEL,Prio Agustus,NY Go Live,0,Y,y,20 Branch,PT2,00. Propose Drop,,,,,,Core Distribusi Habis,,,,,#N/A,,,,
13104834,"BDG,PDL,PT2_DM-AOk42604201314478678655e0",16,  -   ,643221,402.013.125,AREA 2,JABAR,BANDUNG,PT2,Telkom Akses,P2,12. PT2/Batch 4 UNTSEL,Prio Agustus,NY Go Live,0,Y,y,20 Branch,PT2,01. Persiapan,Ready,,,,,,,,,,#N/A,,,,
13105042,"BDG,PDL,PT2_DM-AOk4260420131233108332ff0",16,  -   ,643221,402.013.125,AREA 2,JABAR,BANDUNG,PT2,Telkom Akses,P2,12. PT2/Batch 4 UNTSEL,Prio Agustus,NY Go Live,0,Y,y,20 Branch,PT2,00. Propose Drop,,,,,,Core Distribusi Habis,,,,,#N/A,,,,
13104938,"BDG,PDL,PT2_DM-AOK42604201311138479E3040",16,  -   ,643221,402.013.125,AREA 2,JABAR,BANDUNG,PT2,Telkom Akses,P2,12. PT2/Batch 4 UNTSEL,Prio Agustus,NY Go Live,0,Y,y,20 Branch,PT2,00. Propose Drop,,,,,,Core Distribusi Habis,,,,,#N/A,,,,
13093849,"BDG,PDL,PT2_DM-AOk4260415113054409bf8330",8,  -   ,986402,"123300,25",AREA 2,JABAR,BANDUNG,PT2,Telkom Akses,P2,12. PT2/Batch 4 UNTSEL,Prio Agustus,NY Go Live,0,Y,y,20 Branch,PT2,00. Propose Drop,,,,,,Core Distribusi Habis,,,,,#N/A,,,,
13093919,"BDG,PDL,PT2_DM-AOk42604151033356843254c0",8,  -   ,1088538,"136067,25",AREA 2,JABAR,BANDUNG,PT2,Telkom Akses,P2,12. PT2/Batch 4 UNTSEL,Prio Agustus,NY Go Live,0,Y,y,20 Branch,PT2,00. Propose Drop,,,,,,Core Feeder Habis,,,,,#N/A,,,,
13074468,"BDG,PDL,PT2_DM-AOk4260408105322583e33230",8,  -   ,986402,"123300,25",AREA 2,JABAR,BANDUNG,PT2,Telkom Akses,P2,12. PT2/Batch 4 UNTSEL,Prio Agustus,NY Go Live,0,Y,y,20 Branch,PT2,00. Propose Drop,,,,,,Core Distribusi Habis,,,,,#N/A,,,,
13068887,"BDG,PDL,PT2,DM-AOK4260403184629245CD5530",8,  -   ,986402,"123300,25",AREA 2,JABAR,BANDUNG,PT2,Telkom Akses,P2,12. PT2/Batch 4 UNTSEL,Prio Agustus,NY Go Live,0,Y,y,20 Branch,PT2,00. Propose Drop,,,,,,Pelanggan >250m dari ODP (tidak ada dist eksisting),,,,,#N/A,"ODP-PCH-FBC/004 jarak kelokasi 200meter dari tiang terakhir 80Meter lewat pemukiman rumah warga di nearst tidak sesuai-6.833312421400188, 107.43471681349125",,,
13065626,"BDG,PDL,PT2_DM-AOk42604010916159111f92a0",8,  -   ,986402,"123300,25",AREA 2,JABAR,BANDUNG,PT2,Telkom Akses,P2,12. PT2/Batch 4 UNTSEL,Prio Agustus,NY Go Live,0,Y,y,20 Branch,PT2,00. Propose Drop,,,,,,PT1 - Disolusikan Dengan Alpro Lain,,,,,#N/A,,,,
13040692,"BDG,PDL,PT2_DM-AOK4260317171056390A1DCE0",8,  -   ,2232958,"279119,75",AREA 2,JABAR,BANDUNG,PT2,Telkom Akses,P2,12. PT2/Batch 4 UNTSEL,Prio Agustus,NY Go Live,0,Y,y,20 Branch,PT2,00. Propose Drop,,,,,,Core Distribusi Habis,,,,,#N/A,,,,
12978147,"BDB,PDL,PT2,AOi4260212102423200085f60",8,  -   ,2232958,"279119,75",AREA 2,JABAR,BANDUNG,PT2,Telkom Akses,P2,12. PT2/Batch 4 UNTSEL,Prio Agustus,NY Go Live,0,Y,y,20 Branch,PT2,05. Go Live,Ready,,,,,,,,,,#N/A,,,,
13104838,"BDG,CMI,PT2_DM-AOk4260420130742571eff080",16,  -   ,643221,402.013.125,AREA 2,JABAR,BANDUNG,PT2,Telkom Akses,P2,12. PT2/Batch 4 UNTSEL,Prio Agustus,NY Go Live,0,Y,y,20 Branch,PT2,01. Persiapan,Ready,,,,,,,,,,#N/A,,,,
13066502,"BDG,CMI,PT2_DM-AOk42604010911507344f16e0",8,  -   ,986402,"123300,25",AREA 2,JABAR,BANDUNG,PT2,Telkom Akses,P2,12. PT2/Batch 4 UNTSEL,Prio Agustus,NY Go Live,0,Y,y,20 Branch,PT2,00. Propose Drop,,,,,,Core Distribusi Habis,,,,,#N/A,,,,
13094676,"BDG,CJA,PT2_DM-AOK42604151049560128C5B80",8,  -   ,1088538,"136067,25",AREA 2,JABAR,BANDUNG,PT2,Telkom Akses,P2,12. PT2/Batch 4 UNTSEL,Prio Agustus,NY Go Live,0,Y,y,20 Branch,PT2,00. Propose Drop,,,,,,Core Distribusi Habis,,,,,#N/A,,,,
13075743,"BDG,CJA,PT2_DM-AOk4260408110304446be08f0",8,  -   ,986402,"123300,25",AREA 2,JABAR,BANDUNG,PT2,Telkom Akses,P2,12. PT2/Batch 4 UNTSEL,Prio Agustus,NY Go Live,0,Y,y,20 Branch,PT2,00. Propose Drop,,,,,,Core Distribusi Habis,,,,,#N/A,,,,
13075794,"BDG,CJA,PT2_DM-AOk42604081058243742ba150",8,  -   ,986402,"123300,25",AREA 2,JABAR,BANDUNG,PT2,Telkom Akses,P2,12. PT2/Batch 4 UNTSEL,Prio Agustus,NY Go Live,0,Y,y,20 Branch,PT2,00. Propose Drop,,,,,,Pelanggan >250m dari ODP (tidak ada dist eksisting),,,,,#N/A,"TOJ_-6.955145,107.685209_SCB_jarak real rumah pelanggan ke reservasi odp -+2km ODP terdekat FCJ/063 jarak ?200m Namun di lokasi tidak ada tiang tambat",,,
13078656,"BDG,CJA,PT2_DM-AOi426040314533663597cc00",8,  -   ,2232774,"279096,75",AREA 2,JABAR,BANDUNG,PT2,Telkom Akses,P2,12. PT2/Batch 4 UNTSEL,Prio Agustus,NY Go Live,0,Y,y,20 Branch,PT2,00. Propose Drop,,,,,,PT1 - Disolusikan Dengan Alpro Lain,,,,,#N/A,,,,
13075346,"BDG,CJA,PT2_DM-AOk42604021744076009ded20",8,  -   ,1088538,"136067,25",AREA 2,JABAR,BANDUNG,PT2,Telkom Akses,P2,12. PT2/Batch 4 UNTSEL,Prio Agustus,NY Go Live,0,Y,y,20 Branch,PT2,01. Persiapan,Ready,,,,,,,,,,#N/A,,,,
13075272,"BDG,CJA,PT2_DM-AOk42604021743196732dfb80",8,  -   ,1088538,"136067,25",AREA 2,JABAR,BANDUNG,PT2,Telkom Akses,P2,12. PT2/Batch 4 UNTSEL,Prio Agustus,NY Go Live,0,Y,y,20 Branch,PT2,00. Propose Drop,,,,,,Core Distribusi Habis,,,,,#N/A,,,,
13075238,"BDG,CJA,PT2_DM-AOk4260402174231885d02fb0",8,  -   ,1088538,"136067,25",AREA 2,JABAR,BANDUNG,PT2,Telkom Akses,P2,12. PT2/Batch 4 UNTSEL,Prio Agustus,NY Go Live,0,Y,y,20 Branch,PT2,00. Propose Drop,,,,,,Core Distribusi Habis,,,,,#N/A,,,,
13074108,"BDG,CJA,PT2_DM-AOk426040217414667165a300",8,  -   ,2232774,"279096,75",AREA 2,JABAR,BANDUNG,PT2,Telkom Akses,P2,12. PT2/Batch 4 UNTSEL,Prio Agustus,NY Go Live,0,Y,y,20 Branch,PT2,01. Persiapan,Ready,,,,,,,,,,#N/A,,,,
13066683,"BDG,CJA,PT2_DM-AOk4260401091027668ba7620",8,  -   ,986402,"123300,25",AREA 2,JABAR,BANDUNG,PT2,Telkom Akses,P2,12. PT2/Batch 4 UNTSEL,Prio Agustus,NY Go Live,0,Y,y,20 Branch,PT2,00. Propose Drop,,,,,,Core Distribusi Habis,,,,,#N/A,,,,
13066457,"BDG,CJA,PT2,DM-AOK4260401090940999ACEA00",8,  -   ,986402,"123300,25",AREA 2,JABAR,BANDUNG,PT2,Telkom Akses,P2,12. PT2/Batch 4 UNTSEL,Prio Agustus,NY Go Live,0,Y,y,20 Branch,PT2,00. Propose Drop,,,,,,Core Distribusi Habis,,,,,#N/A,,,,
13058825,"BDG,CJA,PT2_DM-AOi4260328161646344554f70",8,  -   ,986402,"123300,25",AREA 2,JABAR,BANDUNG,PT2,Telkom Akses,P2,12. PT2/Batch 4 UNTSEL,Prio Agustus,NY Go Live,0,Y,y,20 Branch,PT2,01. Persiapan,Ready,,,,,,,,,,#N/A,,,,
13103857,"BDG,CPT,PT2_DM-AOk42604200912128878eb620",16,  -   ,643221,402.013.125,AREA 2,JABAR,BANDUNG,PT2,Telkom Akses,P2,12. PT2/Batch 4 UNTSEL,Prio Agustus,NY Go Live,0,Y,y,20 Branch,PT2,00. Propose Drop,,,,,,Core Distribusi Habis,,,,,#N/A,,,,
13064791,"BDG,BTJ,PT2_DM-AOk42603311717599122a2060",8,  -   ,2232774,"279096,75",AREA 2,JABAR,BANDUNG,PT2,Telkom Akses,P2,12. PT2/Batch 4 UNTSEL,Prio Agustus,NY Go Live,0,Y,y,20 Branch,PT2,00. Propose Drop,,,,,,Core Distribusi Habis,,,,,#N/A,,,,
13066258,"BDG,BTJ,PT2_DM-AOk42603311715098754a5ab0",8,  -   ,2232774,"279096,75",AREA 2,JABAR,BANDUNG,PT2,Telkom Akses,P2,12. PT2/Batch 4 UNTSEL,Prio Agustus,NY Go Live,0,Y,y,20 Branch,PT2,00. Propose Drop,,,,,,Core Distribusi Habis,,,,,#N/A,,,,
13066533,"BDG,CKK,PT2_DM-AOk4260401081703171b64030",8,  -   ,2232774,"279096,75",AREA 2,JABAR,BANDUNG,PT2,Telkom Akses,P2,12. PT2/Batch 4 UNTSEL,Prio Agustus,NY Go Live,0,Y,y,20 Branch,PT2,01. Persiapan,Ready,,,,,,,,,,#N/A,,,,
13118040,"BDG,CKW,PT2_AOI4260422045844657C8F5C0",16,  -   ,643221,402.013.125,AREA 2,JABAR,BANDUNG,PT2,Telkom Akses,P2,12. PT2/Batch 4 UNTSEL,Prio Agustus,NY Go Live,0,Y,y,20 Branch,PT2,05. Go Live,Ready,,,,,,,,,,#N/A,,,,
13103851,"BDG,CKW,PT2_DM-AOk4260420090837315500e50",16,  -   ,643221,402.013.125,AREA 2,JABAR,BANDUNG,PT2,Telkom Akses,P2,12. PT2/Batch 4 UNTSEL,Prio Agustus,NY Go Live,0,Y,y,20 Branch,PT2,00. Propose Drop,,,,,,Core Distribusi Habis,,,,,#N/A,,,,
13094311,"BDG,CKW,PT2_DM-AOk42604151359394895d8b90",8,  -   ,986402,"123300,25",AREA 2,JABAR,BANDUNG,PT2,Telkom Akses,P2,12. PT2/Batch 4 UNTSEL,Prio Agustus,NY Go Live,0,Y,y,20 Branch,PT2,00. Propose Drop,,,,,,Core Distribusi Habis,,,,,#N/A,,,,
13091313,"BDG,CKW,PT2_DM-AOI4260414100157573208A80",8,  -   ,2232958,"279119,75",AREA 2,JABAR,BANDUNG,PT2,Telkom Akses,P2,12. PT2/Batch 4 UNTSEL,Prio Agustus,NY Go Live,0,Y,y,20 Branch,PT2,01. Persiapan,Ready,,,,,,,,,,#N/A,,,,
13074648,"BDG,CKW,PT2_DM-AOk4260408110110961b08a60",8,  -   ,986402,"123300,25",AREA 2,JABAR,BANDUNG,PT2,Telkom Akses,P2,12. PT2/Batch 4 UNTSEL,Prio Agustus,NY Go Live,0,Y,y,20 Branch,PT2,00. Propose Drop,,,,,,Core Feeder Habis,,,,,#N/A,,,,
13074593,"BDG,CKW,PT2_DM-AOk4260408105612146598aa0",8,  -   ,986402,"123300,25",AREA 2,JABAR,BANDUNG,PT2,Telkom Akses,P2,12. PT2/Batch 4 UNTSEL,Prio Agustus,NY Go Live,0,Y,y,20 Branch,PT2,00. Propose Drop,,,,,,PT1 - Disolusikan Dengan Alpro Lain,,,,,#N/A,,,,
13077739,"BDG,CKW,PT2_DM-AOk42604031029251912446b0",8,  -   ,1088538,"136067,25",AREA 2,JABAR,BANDUNG,PT2,Telkom Akses,P2,12. PT2/Batch 4 UNTSEL,Prio Agustus,NY Go Live,0,Y,y,20 Branch,PT2,00. Propose Drop,,,,,,PT1 - Disolusikan Dengan Alpro Lain,,,,,#N/A,,,,
13077702,"BDG,CKW,PT2_DM-AOk4260403102817025261c90",8,  -   ,1088538,"136067,25",AREA 2,JABAR,BANDUNG,PT2,Telkom Akses,P2,12. PT2/Batch 4 UNTSEL,Prio Agustus,NY Go Live,0,Y,y,20 Branch,PT2,01. Persiapan,Ready,,,,,,,,,,#N/A,,,,
13065501,"BDG,CKW,PT2_DM-AOk4260401091047997747300",8,  -   ,986402,"123300,25",AREA 2,JABAR,BANDUNG,PT2,Telkom Akses,P2,12. PT2/Batch 4 UNTSEL,Prio Agustus,NY Go Live,0,Y,y,20 Branch,PT2,00. Propose Drop,,,,,,Core Distribusi Habis,,,,,#N/A,,,,
13051452,"BDG,CKW,PT2_DM-AOK4260325103210293E531C0",8,  -   ,2232958,"279119,75",AREA 2,JABAR,BANDUNG,PT2,Telkom Akses,P2,12. PT2/Batch 4 UNTSEL,Prio Agustus,NY Go Live,0,Y,y,20 Branch,PT2,00. Propose Drop,,,,,,Core Distribusi Habis,,,,,#N/A,,,,
13048054,"BDG,CKW,PT2_DM-AOI4260323175158299E706E0",8,  -   ,1088538,"136067,25",AREA 2,JABAR,BANDUNG,PT2,Telkom Akses,P2,12. PT2/Batch 4 UNTSEL,Prio Agustus,NY Go Live,0,Y,y,20 Branch,PT2,01. Persiapan,Ready,,,,,,,,,,#N/A,,,,
13105715,"BDG,UBR,PT2_DM-AOK4260420130832585E87D20",16,  -   ,643221,402.013.125,AREA 2,JABAR,BANDUNG,PT2,Telkom Akses,P2,12. PT2/Batch 4 UNTSEL,Prio Agustus,NY Go Live,0,Y,y,20 Branch,PT2,00. Propose Drop,,,,,,Core Distribusi Habis,,,,,#N/A,,,,
13105726,"BDG,UBR,PT2_DM-AOK4260420130650256466A30",16,  -   ,643221,402.013.125,AREA 2,JABAR,BANDUNG,PT2,Telkom Akses,P2,12. PT2/Batch 4 UNTSEL,Prio Agustus,NY Go Live,0,Y,y,20 Branch,PT2,00. Propose Drop,,,,,,Core Distribusi Habis,,,,,#N/A,,,,
13104252,"BDG,UBR,PT2_DM-AOk4260420090316617212250",16,  -   ,643221,402.013.125,AREA 2,JABAR,BANDUNG,PT2,Telkom Akses,P2,12. PT2/Batch 4 UNTSEL,Prio Agustus,NY Go Live,0,Y,y,20 Branch,PT2,00. Propose Drop,,,,,,Pelanggan >250m dari ODP (tidak ada dist eksisting),,,,,#N/A,LOKASI BELUM TERCOVER JARINGAN TIDAK ADA TIANG MASUK GANG SEMPIT TIDAK ADA IJIN WARHA,,,
13096640,"BDG,UBR,PT2_DM-AOk42604151412370908fb2e0",8,  -   ,1088538,"136067,25",AREA 2,JABAR,BANDUNG,PT2,Telkom Akses,P2,12. PT2/Batch 4 UNTSEL,Prio Agustus,NY Go Live,0,Y,y,20 Branch,PT2,00. Propose Drop,,,,,,Core Distribusi Habis,,,,,#N/A,,,,
13094695,"BDG,UBR,PT2_DM-AOK42604151112568681FFED0",8,  -   ,986402,"123300,25",AREA 2,JABAR,BANDUNG,PT2,Telkom Akses,P2,12. PT2/Batch 4 UNTSEL,Prio Agustus,NY Go Live,0,Y,y,20 Branch,PT2,05. Go Live,Ready,,,,,,,,,,#N/A,,,,
13075800,"BDG,UBR,PT2_DM-AOk426040810523676796d4c0",8,  -   ,986402,"123300,25",AREA 2,JABAR,BANDUNG,PT2,Telkom Akses,P2,12. PT2/Batch 4 UNTSEL,Prio Agustus,NY Go Live,0,Y,y,20 Branch,PT2,00. Propose Drop,,,,,,Core Distribusi Habis,,,,,#N/A,,,,
13075804,"BDG,UBR,PT2_DM-AOk42604081052255188a0450",8,  -   ,986402,"123300,25",AREA 2,JABAR,BANDUNG,PT2,Telkom Akses,P2,12. PT2/Batch 4 UNTSEL,Prio Agustus,NY Go Live,0,Y,y,20 Branch,PT2,00. Propose Drop,,,,,,Pelanggan >250m dari ODP (tidak ada dist eksisting),,,,,#N/A,"TNO_-6.914835 107.6830425,lokasi pasang masuk gang sempit tidak ada tiang tambat dan tidak ada ijin pasang clamphook",,,
13073904,"BDG,UBR,PT2_DM-AOk42604021743135720d8250",8,  -   ,1088538,"136067,25",AREA 2,JABAR,BANDUNG,PT2,Telkom Akses,P2,12. PT2/Batch 4 UNTSEL,Prio Agustus,NY Go Live,0,Y,y,20 Branch,PT2,00. Propose Drop,,,,,,Core Distribusi Habis,,,,,#N/A,,,,
13065427,"BDG,UBR,PT2_DM-AOk42603311723173796a6f30",8,  -   ,986402,"123300,25",AREA 2,JABAR,BANDUNG,PT2,Telkom Akses,P2,12. PT2/Batch 4 UNTSEL,Prio Agustus,NY Go Live,0,Y,y,20 Branch,PT2,01. Persiapan,Ready,,,,,,,,,,#N/A,,,,
13058923,"BDG,UBR,PT2_DM-AOk426032815213595781b020",8,  -   ,986402,"123300,25",AREA 2,JABAR,BANDUNG,PT2,Telkom Akses,P2,12. PT2/Batch 4 UNTSEL,Prio Agustus,NY Go Live,0,Y,y,20 Branch,PT2,00. Propose Drop,,,,,,QE Repair Core,,,,,#N/A,,,,
13048964,"BDG,UBR,PT2_DM-AOK426032318094923987B700",8,  -   ,2232774,"279096,75",AREA 2,JABAR,BANDUNG,PT2,Telkom Akses,P2,12. PT2/Batch 4 UNTSEL,Prio Agustus,NY Go Live,0,Y,y,20 Branch,PT2,00. Propose Drop,,,,,,Core Distribusi Habis,,,,,#N/A,,,,
13038663,"BDG,UBR,PT2_DM-AOK4260316144848301E0ACB0",8,  -   ,2232958,"279119,75",AREA 2,JABAR,BANDUNG,PT2,Telkom Akses,P2,12. PT2/Batch 4 UNTSEL,Prio Agustus,NY Go Live,0,Y,y,20 Branch,PT2,00. Propose Drop,,,,,,PT1 - Disolusikan Dengan Alpro Lain,,,,,#N/A,,,,
13103948,"BDG,CSA,PT2_DM-AOk42604200937321237a2860",16,  -   ,643221,402.013.125,AREA 2,JABAR,BANDUNG,PT2,Telkom Akses,P2,12. PT2/Batch 4 UNTSEL,Prio Agustus,NY Go Live,0,Y,y,20 Branch,PT2,00. Propose Drop,,,,,,Pelanggan >250m dari ODP (tidak ada dist eksisting),,,,,#N/A,"odp terdekat ODP-CSA-FBC/049 berjarak 200m dan 100m dari lokasi tidak ada tiang, harus izin pasang briket sisipan, calang tidak bersedia izin malam ini. KP : -6.816858,107.582621",,,
13074658,"BDG,CSA,PT2_DM-AOk42604081102079641e10a0",8,  -   ,986402,"123300,25",AREA 2,JABAR,BANDUNG,PT2,Telkom Akses,P2,12. PT2/Batch 4 UNTSEL,Prio Agustus,NY Go Live,0,Y,y,20 Branch,PT2,00. Propose Drop,,,,,,Core Distribusi Habis,,,,,#N/A,,,,
13074453,"BDG,CSA,PT2_DM-AOk4260408105224207c0b990",8,  -   ,986402,"123300,25",AREA 2,JABAR,BANDUNG,PT2,Telkom Akses,P2,12. PT2/Batch 4 UNTSEL,Prio Agustus,NY Go Live,0,Y,y,20 Branch,PT2,00. Propose Drop,,,,,,Core Distribusi Habis,,,,,#N/A,,,,
13077578,"BDG,CSA,PT2_DM-AOk42604021744331909f8af0",8,  -   ,1088538,"136067,25",AREA 2,JABAR,BANDUNG,PT2,Telkom Akses,P2,12. PT2/Batch 4 UNTSEL,Prio Agustus,NY Go Live,0,Y,y,20 Branch,PT2,00. Propose Drop,,,,,,Core Distribusi Habis,,,,,#N/A,,,,
13077556,"BDG,CSA,PT2_DM-AOk42604021742389146669f0",8,  -   ,1088538,"136067,25",AREA 2,JABAR,BANDUNG,PT2,Telkom Akses,P2,12. PT2/Batch 4 UNTSEL,Prio Agustus,NY Go Live,0,Y,y,20 Branch,PT2,00. Propose Drop,,,,,,Core Distribusi Habis,,,,,#N/A,,,,
13077185,"BDG,CSA,PT2_DM-AOk4260402174123679678520",8,  -   ,1088538,"136067,25",AREA 2,JABAR,BANDUNG,PT2,Telkom Akses,P2,12. PT2/Batch 4 UNTSEL,Prio Agustus,NY Go Live,0,Y,y,20 Branch,PT2,01. Persiapan,Ready,,,,,,,,,,#N/A,,,,
13093863,"BDG,CBE,PT2_DM-AOK42604151210537507FD990",8,  -   ,1088538,"136067,25",AREA 2,JABAR,BANDUNG,PT2,Telkom Akses,P2,12. PT2/Batch 4 UNTSEL,Prio Agustus,NY Go Live,0,Y,y,20 Branch,PT2,01. Persiapan,Ready,,,,,,,,,,#N/A,,,,
13105687,"BDG,LBG,PT2_DM-AOK4260420131346805BB64B0",16,  -   ,643221,402.013.125,AREA 2,JABAR,BANDUNG,PT2,Telkom Akses,P2,12. PT2/Batch 4 UNTSEL,Prio Agustus,NY Go Live,0,Y,y,20 Branch,PT2,01. Persiapan,Ready,,,,,,,,,,#N/A,,,,
13075809,"BDG,LBG,PT2_DM-AOk42604081101196933b1870",8,  -   ,986402,"123300,25",AREA 2,JABAR,BANDUNG,PT2,Telkom Akses,P2,12. PT2/Batch 4 UNTSEL,Prio Agustus,NY Go Live,0,Y,y,20 Branch,PT2,01. Persiapan,Ready,,,,,,,,,,#N/A,,,,
13075384,"BDG,LBG,PT2_DM-AOK4260408105130683155880",8,  -   ,1088538,"136067,25",AREA 2,JABAR,BANDUNG,PT2,Telkom Akses,P2,12. PT2/Batch 4 UNTSEL,Prio Agustus,NY Go Live,0,Y,y,20 Branch,PT2,00. Propose Drop,,,,,,Pelanggan >250m dari ODP (tidak ada dist eksisting),,,,,#N/A,"TOJ_-6.862581567608336, 107.65481036156416_SCB_ODP JAUHmasuk gang sempit",,,
13065728,"BDG,LBG,PT2_DM-AOk4260401091243032795490",8,  -   ,2232774,"279096,75",AREA 2,JABAR,BANDUNG,PT2,Telkom Akses,P2,12. PT2/Batch 4 UNTSEL,Prio Agustus,NY Go Live,0,Y,y,20 Branch,PT2,00. Propose Drop,,,,,,PT1 - Disolusikan Dengan Alpro Lain,,,,,#N/A,,,,
13065564,"BDG,LBG,PT2_DM-AOk42604010911494094de970",8,  -   ,986402,"123300,25",AREA 2,JABAR,BANDUNG,PT2,Telkom Akses,P2,12. PT2/Batch 4 UNTSEL,Prio Agustus,NY Go Live,0,Y,y,20 Branch,PT2,01. Persiapan,Ready,,,,,,,,,,#N/A,,,,
13042979,"BDG,LBG,PT2_DM-AOi4260319144354690582bd0",8,  -   ,2232958,"279119,75",AREA 2,JABAR,BANDUNG,PT2,Telkom Akses,P2,12. PT2/Batch 4 UNTSEL,Prio Agustus,NY Go Live,0,Y,y,20 Branch,PT2,01. Persiapan,Ready,,,,,,,,,,#N/A,,,,
13042089,"BDG,LBG,PT2_AOI42603061012289163A96E0",8,  -   ,1088538,"136067,25",AREA 2,JABAR,BANDUNG,PT2,Telkom Akses,P2,12. PT2/Batch 4 UNTSEL,Prio Agustus,NY Go Live,0,Y,y,20 Branch,PT2,05. Go Live,Ready,,,,,,,,,,#N/A,,,,
13093261,"BDG,CJG,PT2_DM-AOk426041510344651437ac80",8,  -   ,1088538,"136067,25",AREA 2,JABAR,BANDUNG,PT2,Telkom Akses,P2,12. PT2/Batch 4 UNTSEL,Prio Agustus,NY Go Live,0,Y,y,20 Branch,PT2,00. Propose Drop,,,,,,Duplikasi Order,,,,,#N/A,,,,
13113643,"BDG,CLL,PT2_DM-AOk4260423115038891bd43e0",8,  -   ,2272164,"284020,5",AREA 2,JABAR,BANDUNG,PT2,Telkom Akses,P2,12. PT2/Batch 4 UNTSEL,Prio Agustus,NY Go Live,0,Y,y,20 Branch,PT2,00. Propose Drop,,,,,,Core Feeder Habis,,,,,#N/A,,,,
13112814,"BDG,CLL,PT2_DM-AOk4260423090108224bc4510",8,  -   ,1033744,129218,AREA 2,JABAR,BANDUNG,PT2,Telkom Akses,P2,12. PT2/Batch 4 UNTSEL,Prio Agustus,NY Go Live,0,Y,y,20 Branch,PT2,00. Propose Drop,,,,,,Core Distribusi Habis,,,,,#N/A,,,,
13112768,"BDG,CLL,PT2_DM-AOk42604230849418384d0da0",16,  -   ,643221,402.013.125,AREA 2,JABAR,BANDUNG,PT2,Telkom Akses,P2,12. PT2/Batch 4 UNTSEL,Prio Agustus,NY Go Live,0,Y,y,20 Branch,PT2,00. Propose Drop,,,,,,Core Distribusi Habis,,,,,#N/A,,,,
13112584,"BDG,CLL,PT2_DM-AOk426042307480082965cd00",16,  -   ,643221,402.013.125,AREA 2,JABAR,BANDUNG,PT2,Telkom Akses,P2,12. PT2/Batch 4 UNTSEL,Prio Agustus,NY Go Live,0,Y,y,20 Branch,PT2,00. Propose Drop,,,,,,Core Distribusi Habis,,,,,#N/A,,,,
13093246,"BDG,CLL,PT2_DM-AOk426041510311796483a290",8,  -   ,2232774,"279096,75",AREA 2,JABAR,BANDUNG,PT2,Telkom Akses,P2,12. PT2/Batch 4 UNTSEL,Prio Agustus,NY Go Live,0,Y,y,20 Branch,PT2,00. Propose Drop,,,,,,Pelanggan >250m dari ODP (tidak ada dist eksisting),,,,,#N/A,Distribusi 1 sisa 7 port bisa PT2 tetapi Posisi KU di sebrang rumah plgan tetapi rute rumah pelanggan crosing jalang perlu tanam tiang tetapi tidak ada ijin karena oleh warga setempat Kordinasi HK dengan TIF tidak perlu di lanjut PT2 nya.,,,
13072034,"BDG,CLL,PT2_DM-AOK42604071216000872530B0",8,  -   ,1088538,"136067,25",AREA 2,JABAR,BANDUNG,PT2,Telkom Akses,P2,12. PT2/Batch 4 UNTSEL,Prio Agustus,NY Go Live,0,Y,y,20 Branch,PT2,00. Propose Drop,,,,,,Core Distribusi Habis,,,,,#N/A,,,,
13064737,"BDG,CLL,PT2_DM-AOK4260331171127170095080",8,  -   ,2232958,"279119,75",AREA 2,JABAR,BANDUNG,PT2,Telkom Akses,P2,12. PT2/Batch 4 UNTSEL,Prio Agustus,NY Go Live,0,Y,y,20 Branch,PT2,00. Propose Drop,,,,,,Core Distribusi Habis,,,,,#N/A,,,,
13051417,"BDG,CLL,PT2_DM-AOK4260325103306313425890",8,  -   ,1088538,"136067,25",AREA 2,JABAR,BANDUNG,PT2,Telkom Akses,P2,12. PT2/Batch 4 UNTSEL,Prio Agustus,NY Go Live,0,Y,y,20 Branch,PT2,00. Propose Drop,,,,,,Core Feeder Habis,,,,,#N/A,,,,
13114560,"BDG,CCD,PT2_DM-AOk4260423133147192eb95a0",8,  -   ,2272164,"284020,5",AREA 2,JABAR,BANDUNG,PT2,Telkom Akses,P2,12. PT2/Batch 4 UNTSEL,Prio Agustus,NY Go Live,0,Y,y,20 Branch,PT2,00. Propose Drop,,,,,,PT1 - Disolusikan Dengan Alpro Lain,,,,,#N/A,,,,
13093713,"BDG,CCD,PT2_DM-AOK4260415113214266E3DED0",8,  -   ,986402,"123300,25",AREA 2,JABAR,BANDUNG,PT2,Telkom Akses,P2,12. PT2/Batch 4 UNTSEL,Prio Agustus,NY Go Live,0,Y,y,20 Branch,PT2,00. Propose Drop,,,,,,Pelanggan >250m dari ODP (tidak ada dist eksisting),,,,,#N/A,TKJ_KP_SCB Terkendala jalur tidak layak karena tidak ada tihang tambat estimasi tarikan kurang dari 200 dari odp-ccd-fcb/08,,,
13093644,"BDG,CCD,PT2_DM-AOK4260415111135066E482D0",8,  -   ,986402,"123300,25",AREA 2,JABAR,BANDUNG,PT2,Telkom Akses,P2,12. PT2/Batch 4 UNTSEL,Prio Agustus,NY Go Live,0,Y,y,20 Branch,PT2,00. Propose Drop,,,,,,PT1 - Disolusikan Dengan Alpro Lain,,,,,#N/A,,,,
13093641,"BDG,CCD,PT2_DM-AOk4260415111100253f8abf0",8,  -   ,986402,"123300,25",AREA 2,JABAR,BANDUNG,PT2,Telkom Akses,P2,12. PT2/Batch 4 UNTSEL,Prio Agustus,NY Go Live,0,Y,y,20 Branch,PT2,00. Propose Drop,,,,,,PT1 - Disolusikan Dengan Alpro Lain,,,,,#N/A,,,,
13093949,"BDG,CCD,PT2_DM-AOk4260415104151171b36510",8,  -   ,1088538,"136067,25",AREA 2,JABAR,BANDUNG,PT2,Telkom Akses,P2,12. PT2/Batch 4 UNTSEL,Prio Agustus,NY Go Live,0,Y,y,20 Branch,PT2,00. Propose Drop,,,,,,Duplikasi Order,,,,,#N/A,,,,
13075474,"BDG,CCD,PT2_DM-AOK42604081055196985380D0",8,  -   ,1088538,"136067,25",AREA 2,JABAR,BANDUNG,PT2,Telkom Akses,P2,12. PT2/Batch 4 UNTSEL,Prio Agustus,NY Go Live,0,Y,y,20 Branch,PT2,00. Propose Drop,,,,,,Pelanggan >250m dari ODP (tidak ada dist eksisting),,,,,#N/A,"TOJ_-6.891446,107.639098_SCB_ODP JAUH jarak lebih dari 250m,jalur masuk gang kecil tidak memungkinkan untuk di tarik",,,
13075418,"BDG,CCD,PT2_DM-AOK42604081054246819894A0",8,  -   ,1088538,"136067,25",AREA 2,JABAR,BANDUNG,PT2,Telkom Akses,P2,12. PT2/Batch 4 UNTSEL,Prio Agustus,NY Go Live,0,Y,y,20 Branch,PT2,00. Propose Drop,,,,,,Duplikasi Order,,,,,#N/A,,,,
13074451,"BDG,CCD,PT2,DM-AOK4260408105413291577D60",8,  -   ,2232958,"279119,75",AREA 2,JABAR,BANDUNG,PT2,Telkom Akses,P2,12. PT2/Batch 4 UNTSEL,Prio Agustus,NY Go Live,0,Y,y,20 Branch,PT2,00. Propose Drop,,,,,,PT1 - Disolusikan Dengan Alpro Lain,,,,,#N/A,,,,
13096683,"BDG,BDK,PT2_DM-AOk4260415140305403edd5a0",8,  -   ,1088538,"136067,25",AREA 2,JABAR,BANDUNG,PT2,Telkom Akses,P2,12. PT2/Batch 4 UNTSEL,Prio Agustus,NY Go Live,0,Y,y,20 Branch,PT2,00. Propose Drop,,,,,,Core Distribusi Habis,,,,,#N/A,,,,
13096649,"BDG,BDK,PT2_DM-AOk4260415140108931a482c0",8,  -   ,1088538,"136067,25",AREA 2,JABAR,BANDUNG,PT2,Telkom Akses,P2,12. PT2/Batch 4 UNTSEL,Prio Agustus,NY Go Live,0,Y,y,20 Branch,PT2,00. Propose Drop,,,,,,Core Distribusi Habis,,,,,#N/A,,,,
13094612,"BDG,BDK,PT2_DM-AOK4260415113502799CF7770",8,  -   ,2232958,"279119,75",AREA 2,JABAR,BANDUNG,PT2,Telkom Akses,P2,12. PT2/Batch 4 UNTSEL,Prio Agustus,NY Go Live,0,Y,y,20 Branch,PT2,00. Propose Drop,,,,,,Core Distribusi Habis,,,,,#N/A,,,,
13094686,"BDG,BDK,PT2_DM-AOk4260415111427840496500",8,  -   ,2232774,"279096,75",AREA 2,JABAR,BANDUNG,PT2,Telkom Akses,P2,12. PT2/Batch 4 UNTSEL,Prio Agustus,NY Go Live,0,Y,y,20 Branch,PT2,00. Propose Drop,,,,,,Core Distribusi Habis,,,,,#N/A,,,,
13094655,"BDG,BDK,PT2_DM-AOk4260415104254064572810",8,  -   ,2232774,"279096,75",AREA 2,JABAR,BANDUNG,PT2,Telkom Akses,P2,12. PT2/Batch 4 UNTSEL,Prio Agustus,NY Go Live,0,Y,y,20 Branch,PT2,00. Propose Drop,,,,,,PT1 - Disolusikan Dengan Alpro Lain,,,,,#N/A,,,,
13073764,"BDG,BDK,PT2_DM-AOk42604021739111613bfb70",8,  -   ,2232774,"279096,75",AREA 2,JABAR,BANDUNG,PT2,Telkom Akses,P2,12. PT2/Batch 4 UNTSEL,Prio Agustus,NY Go Live,0,Y,y,20 Branch,PT2,00. Propose Drop,,,,,,Core Distribusi Habis,,,,,#N/A,,,,
13064726,"BDG,BDK,PT2_DM-AOk426033117110857200c3a0",8,  -   ,986402,"123300,25",AREA 2,JABAR,BANDUNG,PT2,Telkom Akses,P2,12. PT2/Batch 4 UNTSEL,Prio Agustus,NY Go Live,0,Y,y,20 Branch,PT2,00. Propose Drop,,,,,,Core Distribusi Habis,,,,,#N/A,,,,
13040036,"BDG,BDK,PT2_DM-AOK4260317171555372104370",8,  -   ,1088538,"136067,25",AREA 2,JABAR,BANDUNG,PT2,Telkom Akses,P2,12. PT2/Batch 4 UNTSEL,Prio Agustus,NY Go Live,0,Y,y,20 Branch,PT2,00. Propose Drop,,,,,,Core Distribusi Habis,,,,,#N/A,,,,
13093750,"BDG,TGE,PT2_DM-AOK4260415113130171164210",8,  -   ,1088538,"136067,25",AREA 2,JABAR,BANDUNG,PT2,Telkom Akses,P2,12. PT2/Batch 4 UNTSEL,Prio Agustus,NY Go Live,0,Y,y,20 Branch,PT2,01. Persiapan,Ready,,,,,,,,,,#N/A,,,,
13093851,"BDG,TGE,PT2_DM-AOK4260415112926172C5F640",8,  -   ,1088538,"136067,25",AREA 2,JABAR,BANDUNG,PT2,Telkom Akses,P2,12. PT2/Batch 4 UNTSEL,Prio Agustus,NY Go Live,0,Y,y,20 Branch,PT2,01. Persiapan,Ready,,,,,,,,,,#N/A,,,,
13093770,"BDG,TGE,PT2_DM-AOK4260415112644081086D20",8,  -   ,1088538,"136067,25",AREA 2,JABAR,BANDUNG,PT2,Telkom Akses,P2,12. PT2/Batch 4 UNTSEL,Prio Agustus,NY Go Live,0,Y,y,20 Branch,PT2,01. Persiapan,Ready,,,,,,,,,,#N/A,,,,
13093247,"BDG,TGE,PT2_DM-AOk42604151032223373225f0",8,  -   ,2232774,"279096,75",AREA 2,JABAR,BANDUNG,PT2,Telkom Akses,P2,12. PT2/Batch 4 UNTSEL,Prio Agustus,NY Go Live,0,Y,y,20 Branch,PT2,00. Propose Drop,,,,,,Duplikasi Order,,,,,#N/A,,,,
13093237,"BDG,TGE,PT2_DM-AOk4260415102858464a2e530",8,  -   ,2232774,"279096,75",AREA 2,JABAR,BANDUNG,PT2,Telkom Akses,P2,12. PT2/Batch 4 UNTSEL,Prio Agustus,NY Go Live,0,Y,y,20 Branch,PT2,00. Propose Drop,,,,,,QE Repair Core,,,,,#N/A,,,,
13074489,"BDG,TGE,PT2_DM-AOk42604081057362581d7b40",8,  -   ,986402,"123300,25",AREA 2,JABAR,BANDUNG,PT2,Telkom Akses,P2,12. PT2/Batch 4 UNTSEL,Prio Agustus,NY Go Live,0,Y,y,20 Branch,PT2,01. Persiapan,Ready,,,,,,,,,,#N/A,,,,
13066737,"BDG,TGE,PT2,DM-AOK4260401091038427F57FA0",8,  -   ,2232958,"279119,75",AREA 2,JABAR,BANDUNG,PT2,Telkom Akses,P2,12. PT2/Batch 4 UNTSEL,Prio Agustus,NY Go Live,0,Y,y,20 Branch,PT2,01. Persiapan,Ready,,,,,,,,,,#N/A,,,,
13065606,"BDG,TGE,PT2,DM-AOK42604010909491553D6650",8,  -   ,986402,"123300,25",AREA 2,JABAR,BANDUNG,PT2,Telkom Akses,P2,12. PT2/Batch 4 UNTSEL,Prio Agustus,NY Go Live,0,Y,y,20 Branch,PT2,00. Propose Drop,,,,,,Core Distribusi Habis,,,,,#N/A,,,,
13050988,"BDG,TGE,PT2_DM-AOK4260325103442877987280",8,  -   ,2232958,"279119,75",AREA 2,JABAR,BANDUNG,PT2,Telkom Akses,P2,12. PT2/Batch 4 UNTSEL,Prio Agustus,NY Go Live,0,Y,y,20 Branch,PT2,00. Propose Drop,,,,,,PT1 - Disolusikan Dengan Alpro Lain,,,,,#N/A,,,,
13103847,"BDG,RJW,PT2_DM-AOk4260420090422517c644f0",8,  -   ,2272164,"284020,5",AREA 2,JABAR,BANDUNG,PT2,Telkom Akses,P2,12. PT2/Batch 4 UNTSEL,Prio Agustus,NY Go Live,0,Y,y,20 Branch,PT2,00. Propose Drop,,,,,,PT1 - Disolusikan Dengan Alpro Lain,,,,,#N/A,,,,
13103839,"BDG,RJW,PT2_DM-AOk42604200902439872d2540",16,  -   ,643221,402.013.125,AREA 2,JABAR,BANDUNG,PT2,Telkom Akses,P2,12. PT2/Batch 4 UNTSEL,Prio Agustus,NY Go Live,0,Y,y,20 Branch,PT2,01. Persiapan,Ready,,,,,,,,,,#N/A,,,,
13094128,"BDG,RJW,PT2,AOI42604130937297855A46E0",8,  -   ,1088538,"136067,25",AREA 2,JABAR,BANDUNG,PT2,Telkom Akses,P2,12. PT2/Batch 4 UNTSEL,Prio Agustus,NY Go Live,0,Y,y,20 Branch,PT2,00. Propose Drop,,,,,,Duplikasi Order,,,,,#N/A,,,,
13065196,"BDG,RJW,PT2_DM-AOk42604010811130024e4a40",8,  -   ,986402,"123300,25",AREA 2,JABAR,BANDUNG,PT2,Telkom Akses,P2,12. PT2/Batch 4 UNTSEL,Prio Agustus,NY Go Live,0,Y,y,20 Branch,PT2,00. Propose Drop,,,,,,Core Distribusi Habis,,,,,#N/A,,,,
12940752,"BDB,RJW,PT2,AOi4260101061007201b5a64,8HP",16,  -   ,749613,468.508.125,AREA 2,JABAR,BANDUNG,PT2,Telkom Akses,P2,12. PT2/Batch 4 UNTSEL,Prio Agustus,NY Go Live,0,Y,y,20 Branch,PT2,05. Go Live,Ready,,,,,,,,,,#N/A,,,,
13103865,"BDG,CJR,PT2_DM-AOK42604200902211811958D0",16,  -   ,643221,402.013.125,AREA 2,JABAR,BANDUNG,PT2,Telkom Akses,P2,12. PT2/Batch 4 UNTSEL,Prio Agustus,NY Go Live,0,Y,y,20 Branch,PT2,00. Propose Drop,,,,,,PT1 - Disolusikan Dengan Alpro Lain,,,,,#N/A,,,,
13040083,"BDG,CJR,PT2_DM-AOK4260317171409233910A40",8,  -   ,2232958,"279119,75",AREA 2,JABAR,BANDUNG,PT2,Telkom Akses,P2,12. PT2/Batch 4 UNTSEL,Prio Agustus,NY Go Live,0,Y,y,20 Branch,PT2,01. Persiapan,Ready,,,,,,,,,,#N/A,,,,
13041837,"BDG,CJR,PT2_DM-AOK4260317171228741094840",8,  -   ,1088538,"136067,25",AREA 2,JABAR,BANDUNG,PT2,Telkom Akses,P2,12. PT2/Batch 4 UNTSEL,Prio Agustus,NY Go Live,0,Y,y,20 Branch,PT2,01. Persiapan,Ready,,,,,,,,,,#N/A,,,,
13112773,"BDG,TLE,PT2_DM-AOk4260423084921948d73860",16,  -   ,643221,402.013.125,AREA 2,JABAR,BANDUNG,PT2,Telkom Akses,P2,12. PT2/Batch 4 UNTSEL,Prio Agustus,NY Go Live,0,Y,y,20 Branch,PT2,00. Propose Drop,,,,,,Core Feeder Habis,,,,,#N/A,,,,
13112709,"BDG,TLE,PT2_DM-AOk42604230849040014cf790",16,  -   ,643221,402.013.125,AREA 2,JABAR,BANDUNG,PT2,Telkom Akses,P2,12. PT2/Batch 4 UNTSEL,Prio Agustus,NY Go Live,0,Y,y,20 Branch,PT2,00. Propose Drop,,,,,,Core Distribusi Habis,,,,,#N/A,,,,
13093661,"BDG,TLE,PT2_DM-AOk4260415111448345b0c0b0",8,  -   ,986402,"123300,25",AREA 2,JABAR,BANDUNG,PT2,Telkom Akses,P2,12. PT2/Batch 4 UNTSEL,Prio Agustus,NY Go Live,0,Y,y,20 Branch,PT2,00. Propose Drop,,,,,,Core Distribusi Habis,,,,,#N/A,,,,
13074499,"BDG,TLE,PT2_DM-AOk42604081053063201d7d20",8,  -   ,986402,"123300,25",AREA 2,JABAR,BANDUNG,PT2,Telkom Akses,P2,12. PT2/Batch 4 UNTSEL,Prio Agustus,NY Go Live,0,Y,y,20 Branch,PT2,00. Propose Drop,,,,,,Core Distribusi Habis,,,,,#N/A,,,,
13103936,"BDG,LEM,PT2,DM-AOK4260420093327407457FC0",8,  -   ,2272164,"284020,5",AREA 2,JABAR,BANDUNG,PT2,Telkom Akses,P2,12. PT2/Batch 4 UNTSEL,Prio Agustus,NY Go Live,0,Y,y,20 Branch,PT2,00. Propose Drop,,,,,,Core Distribusi Habis,,,,,#N/A,,,,
13094584,"BDG,LEM,PT2_DM-AOk4260415113532421fdf880",8,  -   ,2232774,"279096,75",AREA 2,JABAR,BANDUNG,PT2,Telkom Akses,P2,12. PT2/Batch 4 UNTSEL,Prio Agustus,NY Go Live,0,Y,y,20 Branch,PT2,00. Propose Drop,,,,,,Pelanggan >250m dari ODP (tidak ada dist eksisting),,,,,#N/A,"ODP FAU/033 dan 039 full, tidak bisa expand.-6.826614,107.589615 level in ODP -10.22",,,
13074552,"BDG,LEM,PT2_DM-AOk4260408105639384fdb480",8,  -   ,986402,"123300,25",AREA 2,JABAR,BANDUNG,PT2,Telkom Akses,P2,12. PT2/Batch 4 UNTSEL,Prio Agustus,NY Go Live,0,Y,y,20 Branch,PT2,00. Propose Drop,,,,,,PT1 - Disolusikan Dengan Alpro Lain,,,,,#N/A,,,,
13074480,"BDG,LEM,PT2_DM-AOk42604081051498529fa1f0",8,  -   ,986402,"123300,25",AREA 2,JABAR,BANDUNG,PT2,Telkom Akses,P2,12. PT2/Batch 4 UNTSEL,Prio Agustus,NY Go Live,0,Y,y,20 Branch,PT2,00. Propose Drop,,,,,,Core Feeder Habis,,,,,#N/A,,,,
13077087,"BDG,LEM,PT2_DM-AOk42604021744181215ef1d0",8,  -   ,2232774,"279096,75",AREA 2,JABAR,BANDUNG,PT2,Telkom Akses,P2,12. PT2/Batch 4 UNTSEL,Prio Agustus,NY Go Live,0,Y,y,20 Branch,PT2,00. Propose Drop,,,,,,Pelanggan Batal,,,,,#N/A,,,,
13065595,"BDG,LEM,PT2_DM-AOK4260401091524272327180",8,  -   ,1088538,"136067,25",AREA 2,JABAR,BANDUNG,PT2,Telkom Akses,P2,12. PT2/Batch 4 UNTSEL,Prio Agustus,NY Go Live,0,Y,y,20 Branch,PT2,00. Propose Drop,,,,,,Pelanggan >250m dari ODP (tidak ada dist eksisting),,,,,#N/A,"ket jarak dari odp terdekat fay 16 lebih dari 250m +masuk gg kecil tidak memungkinkan untuk tamah tihang -6.842710,107.608775",,,
13034915,"BDG,LEM,PT2,AOS32603020151097697CBBF0",8,  -   ,986402,"123300,25",AREA 2,JABAR,BANDUNG,PT2,Telkom Akses,P2,12. PT2/Batch 4 UNTSEL,Prio Agustus,NY Go Live,0,Y,y,20 Branch,PT2,05. Go Live,Ready,,,,,,,,,,#N/A,,,,
13112701,"BDG,GGK,PT2_DM-AOk4260423084727799603200",16,  -   ,643221,402.013.125,AREA 2,JABAR,BANDUNG,PT2,Telkom Akses,P2,12. PT2/Batch 4 UNTSEL,Prio Agustus,NY Go Live,0,Y,y,20 Branch,PT2,01. Persiapan,Ready,,,,,,,,,,#N/A,,,,
13064807,"BDG,GGK,PT2_DM-AOk426033117201441978e9a0",8,  -   ,986402,"123300,25",AREA 2,JABAR,BANDUNG,PT2,Telkom Akses,P2,12. PT2/Batch 4 UNTSEL,Prio Agustus,NY Go Live,0,Y,y,20 Branch,PT2,00. Propose Drop,,,,,,Core Distribusi Habis,,,,,#N/A,,,,
13064768,"BDG,GGK,PT2_DM-AOk42603311715365525cf510",8,  -   ,2232774,"279096,75",AREA 2,JABAR,BANDUNG,PT2,Telkom Akses,P2,12. PT2/Batch 4 UNTSEL,Prio Agustus,NY Go Live,0,Y,y,20 Branch,PT2,00. Propose Drop,,,,,,Pelanggan >250m dari ODP (tidak ada dist eksisting),,,,,#N/A,"jalur tidak layak -6.838905,107.605220",,,
13112583,"BDG,SKM,PT2_DM-AOk426042307460228824f130",16,  -   ,643221,402.013.125,AREA 2,JABAR,BANDUNG,PT2,Telkom Akses,P2,12. PT2/Batch 4 UNTSEL,Prio Agustus,NY Go Live,0,Y,y,20 Branch,PT2,00. Propose Drop,,,,,,Pelanggan >250m dari ODP (tidak ada dist eksisting),,,,,#N/A,SUDAH DI CEK KELOKASI BELUM ADA SABDAK KARENA TAMAN DI BIKIN RESTORAN JADI TIDA ADA JALUR SABDAK KALO LEWAT ATAS TIDAK DI PERBOLEH KAN OLEH PIHAK PENGEMBANG,,,
13103899,"BDG,SKM,PT2_DM-AOK4260420091551983EE2170",8,  -   ,2272164,"284020,5",AREA 2,JABAR,BANDUNG,PT2,Telkom Akses,P2,12. PT2/Batch 4 UNTSEL,Prio Agustus,NY Go Live,0,Y,y,20 Branch,PT2,01. Persiapan,Ready,,,,,,,,,,#N/A,,,,
13147229,"BDG,PDL,PT2_AOi4260502053926971424440",8,  -   ,751061,93.882.625,AREA 2,JABAR,BANDUNG,PT2,Telkom Akses,P2,19. PT2/Batch 7 UNTSEL,Prio Agustus,NY Go Live,0,Y,y,20 Branch,PT2,05. Go Live,Ready,,,,,,,,,,#N/A,,,,
13147294,"BDG,PDL,PT2_AOi42605040150156599ae630",8,  -   ,751061,93.882.625,AREA 2,JABAR,BANDUNG,PT2,Telkom Akses,P2,19. PT2/Batch 7 UNTSEL,Prio Agustus,NY Go Live,0,Y,y,20 Branch,PT2,05. Go Live,Ready,,,,,,,,,,#N/A,,,,
13034892,"BDG,LEM,PT2_AOS32603020151097697CBBF0",8,  -   ,1040322,"130040,25",AREA 2,JABAR,BANDUNG,PT2,Telkom Akses,P2,19. PT2/Batch 7 UNTSEL,Prio Agustus,NY Go Live,0,Y,y,20 Branch,PT2,05. Go Live,Ready,,,,,,,,,,#N/A,,,,
12952655,"BDG,PDL,PT2,AOK4260203115656222390050",8,  -   ,1040322,"130040,25",AREA 2,JABAR,BANDUNG,PT2,Telkom Akses,P2,19. PT2/Batch 7 UNTSEL,Prio Agustus,NY Go Live,0,Y,y,20 Branch,PT2,05. Go Live,Ready,,,,,,,,,,#N/A,,,,
13201362,ODP-GGK-FBH/075,8,  -   ,791141,98.892.625,AREA 2,JABAR,BANDUNG,PT2,Telkom Akses,P2,18. PT2/Batch 6,Prio Agustus,NY Go Live,0,Y,y,20 Branch,PT2,00. Propose Drop,,,,,,QE Repair Core,,,,,#N/A,,,,
13200594,ODP-TLE-FDE/096,8,  -   ,791141,98.892.625,AREA 2,JABAR,BANDUNG,PT2,Telkom Akses,P2,18. PT2/Batch 6,Prio Agustus,NY Go Live,0,Y,y,20 Branch,PT2,00. Propose Drop,,,,,,QE Repair Core,,,,,#N/A,,,,
13201679,ODP-LBG-FFG/130,8,  -   ,791141,98.892.625,AREA 2,JABAR,BANDUNG,PT2,Telkom Akses,P2,18. PT2/Batch 6,Prio Agustus,NY Go Live,0,Y,y,20 Branch,PT2,00. Propose Drop,,,,,,Duplikasi Order,,,,,#N/A,,,,
13200968,ODP-CJA-FBM/151,8,  -   ,791141,98.892.625,AREA 2,JABAR,BANDUNG,PT2,Telkom Akses,P2,18. PT2/Batch 6,Prio Agustus,NY Go Live,0,Y,y,20 Branch,PT2,00. Propose Drop,,,,,,"Irisan Cleansing Port 2,3 Jt",,,,,#N/A,,,,
13203773,ODP-BDK-FCY/057,8,  -   ,791141,98.892.625,AREA 2,JABAR,BANDUNG,PT2,Telkom Akses,P2,18. PT2/Batch 6,Prio Agustus,NY Go Live,0,Y,y,20 Branch,PT2,00. Propose Drop,,,,,,"Irisan Cleansing Port 2,3 Jt",,,,,#N/A,,,,
13201222,ODP-UBR-FBJ/114,8,  -   ,791141,98.892.625,AREA 2,JABAR,BANDUNG,PT2,Telkom Akses,P2,18. PT2/Batch 6,Prio Agustus,NY Go Live,0,Y,y,20 Branch,PT2,00. Propose Drop,Ready,,,,,"Irisan Cleansing Port 2,3 Jt",,,,,#N/A,,,,
13202417,ODP-TLE-FDE/147,8,  -   ,791141,98.892.625,AREA 2,JABAR,BANDUNG,PT2,Telkom Akses,P2,18. PT2/Batch 6,Prio Agustus,NY Go Live,0,Y,y,20 Branch,PT2,00. Propose Drop,,,,,,QE Repair Core,,,,,#N/A,,,,
13201008,ODP-UBR-FBG/098,8,  -   ,791141,98.892.625,AREA 2,JABAR,BANDUNG,PT2,Telkom Akses,P2,18. PT2/Batch 6,Prio Agustus,NY Go Live,0,Y,y,20 Branch,PT2,00. Propose Drop,,,,,,QE Repair Core,,,,,#N/A,,,,
13202974,ODP-CJA-FEE/007,8,  -   ,791141,98.892.625,AREA 2,JABAR,BANDUNG,PT2,Telkom Akses,P2,18. PT2/Batch 6,Prio Agustus,NY Go Live,0,Y,y,20 Branch,PT2,00. Propose Drop,,,,,,QE Repair Core,,,,,#N/A,,,,
13201364,ODP-UBR-FCN/027,8,  -   ,791141,98.892.625,AREA 2,JABAR,BANDUNG,PT2,Telkom Akses,P2,18. PT2/Batch 6,Prio Agustus,NY Go Live,0,Y,y,20 Branch,PT2,00. Propose Drop,,,,,,QE Repair Core,,,,,#N/A,,,,
13200973,ODP-UBR-FBD/094,8,  -   ,791141,98.892.625,AREA 2,JABAR,BANDUNG,PT2,Telkom Akses,P2,18. PT2/Batch 6,Prio Agustus,NY Go Live,0,Y,y,20 Branch,PT2,01. Persiapan,Ready,,,,,,,,,,#N/A,,,,
13201227,ODP-BDK-FED/104,8,  -   ,791141,98.892.625,AREA 2,JABAR,BANDUNG,PT2,Telkom Akses,P2,18. PT2/Batch 6,Prio Agustus,NY Go Live,0,Y,y,20 Branch,PT2,00. Propose Drop,,,,,,QE Repair Core,,,,,#N/A,,,,
13202239,ODP-TLE-FBF/021,8,  -   ,791141,98.892.625,AREA 2,JABAR,BANDUNG,PT2,Telkom Akses,P2,18. PT2/Batch 6,Prio Agustus,NY Go Live,0,Y,y,20 Branch,PT2,00. Propose Drop,,,,,,QE Repair Core,,,,,#N/A,,,,
13201976,ODP-CJA-FEB/036,8,  -   ,791141,98.892.625,AREA 2,JABAR,BANDUNG,PT2,Telkom Akses,P2,18. PT2/Batch 6,Prio Agustus,NY Go Live,0,Y,y,20 Branch,PT2,00. Propose Drop,,,,,,QE Repair Core,,,,,#N/A,,,,
13200967,ODP-BDK-FED/105,8,  -   ,791141,98.892.625,AREA 2,JABAR,BANDUNG,PT2,Telkom Akses,P2,18. PT2/Batch 6,Prio Agustus,NY Go Live,0,Y,y,20 Branch,PT2,00. Propose Drop,,,,,,QE Repair Core,,,,,#N/A,,,,
13201768,ODP-UBR-FEK/132,8,  -   ,791141,98.892.625,AREA 2,JABAR,BANDUNG,PT2,Telkom Akses,P2,18. PT2/Batch 6,Prio Agustus,NY Go Live,0,Y,y,20 Branch,PT2,00. Propose Drop,,,,,,"Irisan Cleansing Port 2,3 Jt",,,,,#N/A,,,,
13201207,ODP-DGO-FCD/096,8,  -   ,791141,98.892.625,AREA 2,JABAR,BANDUNG,PT2,Telkom Akses,P2,18. PT2/Batch 6,Prio Agustus,NY Go Live,0,Y,y,20 Branch,PT2,00. Propose Drop,,,,,,QE Repair Core,,,,,#N/A,,,,
13201836,ODP-UBR-FFJ/045,8,  -   ,791141,98.892.625,AREA 2,JABAR,BANDUNG,PT2,Telkom Akses,P2,18. PT2/Batch 6,Prio Agustus,NY Go Live,0,Y,y,20 Branch,PT2,00. Propose Drop,,,,,,QE Repair Core,,,,,#N/A,,,,
13201328,ODP-GGK-FBF/122,8,  -   ,791141,98.892.625,AREA 2,JABAR,BANDUNG,PT2,Telkom Akses,P2,18. PT2/Batch 6,Prio Agustus,NY Go Live,0,Y,y,20 Branch,PT2,00. Propose Drop,,,,,,"Irisan Cleansing Port 2,3 Jt",,,,,#N/A,,,,
13200672,ODP-TLE-FDM/027,8,  -   ,791141,98.892.625,AREA 2,JABAR,BANDUNG,PT2,Telkom Akses,P2,18. PT2/Batch 6,Prio Agustus,NY Go Live,0,Y,y,20 Branch,PT2,00. Propose Drop,,,,,,"Irisan Cleansing Port 2,3 Jt",,,,,#N/A,,,,
13201438,ODP-GGK-FCM/055,8,  -   ,791141,98.892.625,AREA 2,JABAR,BANDUNG,PT2,Telkom Akses,P2,18. PT2/Batch 6,Prio Agustus,NY Go Live,0,Y,y,20 Branch,PT2,00. Propose Drop,,,,,,QE Repair Core,,,,,#N/A,,,,
13202002,ODP-UBR-FHM/011,8,  -   ,791141,98.892.625,AREA 2,JABAR,BANDUNG,PT2,Telkom Akses,P2,18. PT2/Batch 6,Prio Agustus,NY Go Live,0,Y,y,20 Branch,PT2,00. Propose Drop,,,,,,"Irisan Cleansing Port 2,3 Jt",,,,,#N/A,,,,
13202393,ODP-TLE-FDD/108,8,  -   ,791141,98.892.625,AREA 2,JABAR,BANDUNG,PT2,Telkom Akses,P2,18. PT2/Batch 6,Prio Agustus,NY Go Live,0,Y,y,20 Branch,PT2,00. Propose Drop,,,,,,QE Repair Core,,,,,#N/A,,,,
13201493,ODP-UBR-FDB/067,8,  -   ,791141,98.892.625,AREA 2,JABAR,BANDUNG,PT2,Telkom Akses,P2,18. PT2/Batch 6,Prio Agustus,NY Go Live,0,Y,y,20 Branch,PT2,00. Propose Drop,,,,,,"Irisan Cleansing Port 2,3 Jt",,,,,#N/A,,,,
13202061,ODP-UBR-FHP/028,8,  -   ,791141,98.892.625,AREA 2,JABAR,BANDUNG,PT2,Telkom Akses,P2,18. PT2/Batch 6,Prio Agustus,NY Go Live,0,Y,y,20 Branch,PT2,00. Propose Drop,,,,,,"Irisan Cleansing Port 2,3 Jt",,,,,#N/A,,,,
13201422,ODP-GGK-FCK/109,8,  -   ,791141,98.892.625,AREA 2,JABAR,BANDUNG,PT2,Telkom Akses,P2,18. PT2/Batch 6,Prio Agustus,NY Go Live,0,Y,y,20 Branch,PT2,00. Propose Drop,,,,,,QE Repair Core,,,,,#N/A,,,,
13201225,ODP-CJA-FEW/043,8,  -   ,791141,98.892.625,AREA 2,JABAR,BANDUNG,PT2,Telkom Akses,P2,18. PT2/Batch 6,Prio Agustus,NY Go Live,0,Y,y,20 Branch,PT2,00. Propose Drop,,,,,,"Irisan Cleansing Port 2,3 Jt",,,,,#N/A,,,,
13200994,ODP-UBR-FBF/075,8,  -   ,791141,98.892.625,AREA 2,JABAR,BANDUNG,PT2,Telkom Akses,P2,18. PT2/Batch 6,Prio Agustus,NY Go Live,0,Y,y,20 Branch,PT2,00. Propose Drop,,,,,,"Irisan Cleansing Port 2,3 Jt",,,,,#N/A,,,,
13200961,ODP-BTJ-FDN/030,8,  -   ,791141,98.892.625,AREA 2,JABAR,BANDUNG,PT2,Telkom Akses,P2,18. PT2/Batch 6,Prio Agustus,NY Go Live,0,Y,y,20 Branch,PT2,00. Propose Drop,Ready,,,,,"Irisan Cleansing Port 2,3 Jt",,,,,#N/A,,,,
13200990,ODP-CMI-FBT/083,8,  -   ,791141,98.892.625,AREA 2,JABAR,BANDUNG,PT2,Telkom Akses,P2,18. PT2/Batch 6,Prio Agustus,NY Go Live,0,Y,y,20 Branch,PT2,00. Propose Drop,,,,,,QE Repair Core,,,,,#N/A,,,,
13201001,ODP-BTJ-FDS/034,8,  -   ,791141,98.892.625,AREA 2,JABAR,BANDUNG,PT2,Telkom Akses,P2,18. PT2/Batch 6,Prio Agustus,NY Go Live,0,Y,y,20 Branch,PT2,01. Persiapan,Ready,,,,,,,,,,#N/A,,,,
13200844,ODP-CSA-FBG/036,8,  -   ,791141,98.892.625,AREA 2,JABAR,BANDUNG,PT2,Telkom Akses,P2,18. PT2/Batch 6,Prio Agustus,NY Go Live,0,Y,y,20 Branch,PT2,00. Propose Drop,,,,,,QE Repair Core,,,,,#N/A,,,,
13200795,ODP-NJG-FBN/067,8,  -   ,791141,98.892.625,AREA 2,JABAR,BANDUNG,PT2,Telkom Akses,P2,18. PT2/Batch 6,Prio Agustus,NY Go Live,0,Y,y,20 Branch,PT2,00. Propose Drop,,,,,,"Irisan Cleansing Port 2,3 Jt",,,,,#N/A,,,,
13200789,ODP-CJR-FDA/069,8,  -   ,791141,98.892.625,AREA 2,JABAR,BANDUNG,PT2,Telkom Akses,P2,18. PT2/Batch 6,Prio Agustus,NY Go Live,0,Y,y,20 Branch,PT2,00. Propose Drop,,,,,,QE Repair Core,,,,,#N/A,,,,
13200780,ODP-LEM-FAS/111,8,  -   ,791141,98.892.625,AREA 2,JABAR,BANDUNG,PT2,Telkom Akses,P2,18. PT2/Batch 6,Prio Agustus,NY Go Live,0,Y,y,20 Branch,PT2,00. Propose Drop,,,,,,QE Repair Core,,,,,#N/A,,,,
13201961,ODP-CJG-FAY/009,8,  -   ,791141,98.892.625,AREA 2,JABAR,BANDUNG,PT2,Telkom Akses,P2,18. PT2/Batch 6,Prio Agustus,NY Go Live,0,Y,y,20 Branch,PT2,00. Propose Drop,,,,,,QE Repair Core,,,,,#N/A,,,,
13201953,ODP-BTJ-FBD/026,8,  -   ,791141,98.892.625,AREA 2,JABAR,BANDUNG,PT2,Telkom Akses,P2,18. PT2/Batch 6,Prio Agustus,NY Go Live,0,Y,y,20 Branch,PT2,01. Persiapan,Ready,,,,,,,,,,#N/A,,,,
13201911,ODP-LEM-FAU/037,8,  -   ,791141,98.892.625,AREA 2,JABAR,BANDUNG,PT2,Telkom Akses,P2,18. PT2/Batch 6,Prio Agustus,NY Go Live,0,Y,y,20 Branch,PT2,00. Propose Drop,,,,,,QE Repair Core,,,,,#N/A,,,,
13201760,ODP-PDL-FAJ/093,8,  -   ,791141,98.892.625,AREA 2,JABAR,BANDUNG,PT2,Telkom Akses,P2,18. PT2/Batch 6,Prio Agustus,NY Go Live,0,Y,y,20 Branch,PT2,00. Propose Drop,,,,,,Duplikasi Order,,,,,#N/A,,,,
13201757,ODP-SDL-FAW/015,8,  -   ,791141,98.892.625,AREA 2,JABAR,BANDUNG,PT2,Telkom Akses,P2,18. PT2/Batch 6,Prio Agustus,NY Go Live,0,Y,y,20 Branch,PT2,00. Propose Drop,,,,,,QE Repair Core,,,,,#N/A,,,,
12333516,3MDR-ARB-PT3-CAMPOR GEGER,24,  -   ,30104963,1.254.373.458,AREA 3,JATIM,SURABAYA,PT3,Telkom Akses,3,1. PT3/Batch 1,Prio September,NY Go Live,0,Y,y,20 Branch,#N/A,04. Finish Instalasi,Ready,,,,20/09/2026,,menunggu jadwal repair dari mtc untuk QE,,04. Finish Instalasi,00. Ny Golive,20/09/2026,,,,
12307267,3SBU-KPS-PT3-TANAH MERAH TAHAP 2,176,  -   ,70390182,3.999.442.159,AREA 3,JATIM,SURABAYA,PT3,Telkom Akses,6,1. PT3/Batch 1,Prio September,NY Go Live,0,Y,y,20 Branch,#N/A,01. Persiapan,Ready,,,,30/09/2026,,FU ulang ke RT/RW terkait pembayaran kompensasi,,01. Persiapan,00. Ny Golive,30/09/2026,,,,
10424674,5SBU-KPS-PT3-WONOSARI MULYO IX,184,  -   ,97580753,5.303.301.793,AREA 3,JATIM,SURABAYA,PT3,Telkom Akses,7,1. PT3/Batch 1,Prio September,NY Go Live,0,Y,y,20 Branch,#N/A,01. Persiapan,Ready,,,,30/09/2026,,FU ulang ke RT/RW terkait pembayaran kompensasi,,01. Persiapan,00. Ny Golive,30/09/2026,,,,
13071244,3SBS-TPO-PT3-TENGGILIS MEJOYO,16,  -   ,4692622,293.288.875,AREA 3,JATIM,SURABAYA,PT3,Telkom Akses,13,10. PT3/Batch 5 thp 1,Prio September,NY Go Live,0,Y,y,20 Branch,#N/A,01. Persiapan,Ready,234,-,,26/09/2026,,,,02. Material Delivery,00. Ny Golive,26/09/2026,,,,
13081210,3SBS-WRU-PT3-GAYUNGAN,56,  -   ,56046989,1.000.839.089,AREA 3,JATIM,SURABAYA,PT3,Telkom Akses,12,7. PT3/Batch 4b thp 1,Prio September,NY Go Live,0,Y,y,20 Branch,#N/A,01. Persiapan,Ready,713,2.087,,23/09/2026,,"HOLD by Tsel, kendala perizinan",,01. Persiapan,00. Ny Golive,23/09/2026,,,,
11517678,3MDR-SMP-PT3-PANDARINGAN BARAT,8,  8 ,6426624,803328,AREA 3,JATIM,SURABAYA,PT3,Telkom Akses,2,7. PT3/Batch 4b thp 1,Prio September,NY Go Live,0,Y,y,20 Branch,#N/A,05. Go Live,Ready,141,-,,,,Golive,,GOLIVE,01. Golive,Done,,,,
11377073,3MDR-BKL-PT3-BANGKALAN_10517,16,  16 ,19023589,1.188.974.313,AREA 3,JATIM,SURABAYA,PT3,Telkom Akses,1,7. PT3/Batch 4b thp 1,Prio September,NY Go Live,0,Y,y,20 Branch,#N/A,05. Go Live,Ready,1597,-,,,,Golive,,GOLIVE,01. Golive,Done,,,,
12142090,3SBU-TNS-PT3-APC-GRAHA FAMILY BLOK EF,8,  -   ,32055407,4.006.925.875,AREA 3,JATIM,SURABAYA,PT3,Telkom Akses,11,6. PT3/Batch 4a,Prio September,NY Go Live,0,Y,y,20 Branch,#N/A,00. Propose Drop,,,,,24/09/2026,Kendala izin,Drop Karena rumah belum ready,,00. Propose Drop,00. Ny Golive,Drop,,,,
12910982,3SBU-KNN-PT3-CTP BLOK-EW5,24,  -   ,79728749,3.322.031.208,AREA 3,JATIM,SURABAYA,PT3,Telkom Akses,10,6. PT3/Batch 4a,Prio September,NY Go Live,0,Y,y,20 Branch,#N/A,02. Matdel,Ready,196,-,,28/09/2026,,"Start Instalasi Tgl. 16 Sep, Plan Go Live Tgl. 28 Sep",,03. OGP Instalasi,00. Ny Golive,28/09/2026,,,,
12299673,5SBU-KPS-PT3-RANDU AGUNG II,176,  -   ,82465317,4.685.529.375,AREA 3,JATIM,SURABAYA,PT3,Telkom Akses,9,3. PT3/Batch 2,Prio September,NY Go Live,0,Y,y,20 Branch,#N/A,01. Persiapan,Ready,,,,30/09/2026,,FU ulang ke RT/RW terkait pembayaran kompensasi,,01. Persiapan,00. Ny Golive,30/09/2026,,,,
11347641,3MDR-BKL-CSF-PENDABAH,128,  -   ,129745501,1.013.636.727,AREA 3,JATIM,SURABAYA,PT3,Telkom Akses,8,3. PT3/Batch 2,Prio September,NY Go Live,0,Y,y,20 Branch,#N/A,01. Persiapan,Ready,,,,30/09/2026,,pembayaran kompensasi menunggu CA,,01. Persiapan,00. Ny Golive,30/09/2026,,,,
11160398,3SBU-KJR-PT4-GANG SERUNI,504,  -   ,553027874,1.097.277.528,AREA 3,JATIM,SURABAYA,PT3,Telkom Akses,4,3. PT3/Batch 2,Prio September,NY Go Live,0,Y,y,20 Branch,#N/A,03. OGP Instalasi,Ready,-,-,,30/09/2026,,"Sudah Finish Instalasi, Kendala MH Tertutup Aspal Ijin Binamarga Belum ada, Plan Visit dengan TIF Tgl. 15 Sep",,02. Material Delivery,00. Ny Golive,30/09/2026,,,,
11255721,3SBU-KNN-PT3-GRAHA NATURA BLOK I,64,  -   ,124678611,1.948.103.297,AREA 3,JATIM,SURABAYA,PT3,Telkom Akses,1,6. PT3/Batch 4a,Prio Agustus,NY Go Live,0,Y,y,20 Branch,PT3,03. OGP Instalasi,Ready,585,-,,25/09/2026,,"Baru Mulai Instalasi, plan Go Live Tgl. 25 Sep",,03. OGP Instalasi,00. Ny Golive,25/09/2026,,,,
12143191,3SBU-KNN-PT3-APC-GRAHA NATURA BLOK A,8,  8 ,23106941,2.888.367.625,AREA 3,JATIM,SURABAYA,PT3,Telkom Akses,2,6. PT3/Batch 4a,Prio Agustus,NY Go Live,0,Y,y,20 Branch,PT3,05. Go Live,Ready,93,-,,,,Golive,,GOLIVE,01. Golive,Done,,,,
11276712,3MDR_KML_PT4_UPGRADE_pangpong_village_batch_3_TAMBAHAN_ODP_TSEL,80,  -   ,136942165,1.711.777.063,AREA 3,JATIM,SURABAYA,PT3,Telkom Akses,21,6. PT3/Batch 4a,Prio Agustus,NY Go Live,0,Y,y,20 Branch,PT3,01. Persiapan,Ready,1750,2.927,,06/10/2026,,Re-design ke ODC less need survey ulang plan survey 17 Sept,,01. Persiapan,00. Ny Golive,06/10/2026,,,,
12017533,3SBU-KNN-PT3-APC-JL. RAYA GREEN HILL,8,  -   ,46182627,5.772.828.375,AREA 3,JATIM,SURABAYA,PT3,Telkom Akses,22,6. PT3/Batch 4a,Prio Agustus,NY Go Live,0,Y,y,20 Branch,PT3,02. Matdel,Ready,600,-,,28/09/2026,,"Start Instalasi Tgl. 16 Sep, Plan Go Live Tgl. 28 Sep",,03. OGP Instalasi,00. Ny Golive,28/09/2026,,,,
11457044,3MDR-BEA-PT2EX-ODP-BEA-FA-91,8,  8 ,1180823,147.602.875,AREA 3,JATIM,SURABAYA,PT2,Telkom Akses,75,11. PT2/Batch 3,Prio September,NY Go Live,0,Y,y,20 Branch,#N/A,05. Go Live,Ready,,,,,,,,,,#N/A,,,,
11474114,3MDR-BKL-PT2EX-ODP-BKL-FAK-84,8,  -   ,1089823,136.227.875,AREA 3,JATIM,SURABAYA,PT2,Telkom Akses,76,11. PT2/Batch 3,Prio September,NY Go Live,0,Y,y,20 Branch,#N/A,01. Persiapan,Ready,,,,24/09/2026,,,,,,#N/A,,,,
11988583,3SBS-GBG-PT2-KERTAJAYA X-B,8,  8 ,2424895,303.111.875,AREA 3,JATIM,SURABAYA,PT2,Telkom Akses,83,11. PT2/Batch 3,Prio September,NY Go Live,0,Y,y,20 Branch,#N/A,05. Go Live,Ready,,,,,,,,,,#N/A,,,,
12027479,3SBS-GBG-PT2-PLOSO 1,8,  -   ,2424895,303.111.875,AREA 3,JATIM,SURABAYA,PT2,Telkom Akses,84,11. PT2/Batch 3,Prio September,NY Go Live,0,Y,y,20 Branch,#N/A,01. Persiapan,Ready,,,,25/09/2026,,,,,,#N/A,,,,
11869284,3MDR-PRG-PT3-SUMENEP_94720_H2_2025,8,  -   ,2061728,257716,AREA 3,JATIM,SURABAYA,PT2,Telkom Akses,87,11. PT2/Batch 3,Prio September,NY Go Live,0,Y,y,20 Branch,#N/A,01. Persiapan,Ready,,,,25/09/2026,,,,,,#N/A,,,,
11979355,3SBS-RKT-PT2-256052,8,  -   ,2424895,303.111.875,AREA 3,JATIM,SURABAYA,PT2,Telkom Akses,606,11. PT2/Batch 3,Prio September,NY Go Live,0,Y,y,20 Branch,#N/A,01. Persiapan,Ready,,,,25/09/2026,,,,,,#N/A,,,,
12951317,3SBU-KBL-PT2-LIMITASI ONU-M WAWAN,16,  -   ,490920,"30682,5",AREA 3,JATIM,SURABAYA,PT2,Telkom Akses,169,12. PT2/Batch 4 UNTSEL,Prio September,NY Go Live,0,Y,y,20 Branch,#N/A,05. Go Live,Ready,,,,,,,,,,#N/A,,,,
13001021,3MDR-SMP-PT2-EXPAND ODP-SMP-FV 29,8,  -   ,986402,"123300,25",AREA 3,JATIM,SURABAYA,PT2,Telkom Akses,170,12. PT2/Batch 4 UNTSEL,Prio September,NY Go Live,0,Y,y,20 Branch,#N/A,05. Go Live,Ready,,,,,,,,,,#N/A,,,,
13070332,3MDR-PME-PT2-PS16-ODP-PME-FAM 86,8,  -   ,986402,"123300,25",AREA 3,JATIM,SURABAYA,PT2,Telkom Akses,171,12. PT2/Batch 4 UNTSEL,Prio September,NY Go Live,0,Y,y,20 Branch,#N/A,05. Go Live,Ready,,,,,,,,,,#N/A,,,,
12980292,3MDR-PME-PT2EX-AOk4260220105221373db6630,8,  -   ,481287,60.160.875,AREA 3,JATIM,SURABAYA,PT2,Telkom Akses,172,12. PT2/Batch 4 UNTSEL,Prio September,NY Go Live,0,Y,y,20 Branch,#N/A,05. Go Live,Ready,,,,,,,,,,#N/A,,,,
11221383,3MDR-WRP-PT3-AMBENDER PEGANTENAN,88,  -   ,202444326,2.300.503.705,AREA 3,JATIM,SURABAYA,PT2,Telkom Akses,653,12. PT2/Batch 4 UNTSEL,Prio September,NY Go Live,0,Y,y,20 Branch,#N/A,05. Go Live,Ready,,,,,,,,,,#N/A,,,,
11517702,3MDR-SPG-PT2-PS16-ODP-SPG-FS 34,16,  -   ,643221,402.013.125,AREA 3,JATIM,SURABAYA,PT2,Telkom Akses,679,18. PT2/Batch 6 thp 2,Prio September,NY Go Live,0,Y,y,20 Branch,#N/A,01. Persiapan,Ready,,,,25/09/2026,,,,,,#N/A,,,,
13174251,3MDR-SPG-PT2-EX16-ODP-SPG-FZ-70,16,  -   ,643221,402.013.125,AREA 3,JATIM,SURABAYA,PT2,Telkom Akses,790,26. PT2/Batch 8 thp 2,Prio September,NY Go Live,0,Y,y,20 Branch,#N/A,01. Persiapan,Ready,,,,24/09/2026,,,,,,#N/A,,,,
12931338,3SBU-KBL-MD PT2 EXPAND-ODP-KBL-FTA-02,8,  -   ,1469271,183.658.875,AREA 3,JATIM,SURABAYA,PT2,Telkom Akses,781,26. PT2/Batch 8 thp 2,Prio September,NY Go Live,0,Y,y,20 Branch,#N/A,01. Persiapan,Ready,,,,25/09/2026,,,,,,#N/A,,,,
12931332,3SBU-KBL-MD PT2 EXPAND-ODP-KBL-FVT-07,8,  -   ,1469271,183.658.875,AREA 3,JATIM,SURABAYA,PT2,Telkom Akses,780,26. PT2/Batch 8 thp 2,Prio September,NY Go Live,0,Y,y,20 Branch,#N/A,00. Propose Drop,Ready,,,,25/09/2026,"Irisan Cleansing Port 2,3 Jt",,,,,#N/A,,,,
11239274,3SBU-KNN-PT2 EXPAND-ODP-TDS-FHB-64,8,  -   ,1327631,165.953.875,AREA 3,JATIM,SURABAYA,PT2,Telkom Akses,779,26. PT2/Batch 8 thp 2,Prio September,NY Go Live,0,Y,y,20 Branch,#N/A,01. Persiapan,Ready,,,,25/09/2026,,,,,,#N/A,,,,
12187307,3SBU-KNN-PT2S-ASSYFA REYNALD HAQQY ZULIS,8,  -   ,2299830,"287478,75",AREA 3,JATIM,SURABAYA,PT2,Telkom Akses,294,2. PT2/Batch 1,Prio September,NY Go Live,0,Y,y,20 Branch,#N/A,05. Go Live,Ready,,,,,,,,,,#N/A,,,,
12651938,3MDR-SPG-PT2EX-ODP-SPG-FBA-36,8,  -   ,1373271,171.658.875,AREA 3,JATIM,SURABAYA,PT2,Telkom Akses,486,2. PT2/Batch 1,Prio September,NY Go Live,0,Y,y,20 Branch,#N/A,05. Go Live,Ready,,,,,,,,,,#N/A,,,,
13095341,3MDR-BKL-PT2-EX16-2500_-314_793_BURNEH,48,  -   ,8239626,171.658.875,AREA 3,JATIM,SURABAYA,PT2,Telkom Akses,783,23. PT2/Batch 8 thp 1,Prio September,NY Go Live,0,Y,y,20 Branch,#N/A,01. Persiapan,Ready,,,,25/09/2026,,,,,,#N/A,,,,
12931342,3SBU-KRP-PT2-LIMITASI ONU-WISNU,16,  -   ,490920,"30682,5",AREA 3,JATIM,SURABAYA,PT2,Telkom Akses,782,23. PT2/Batch 8 thp 1,Prio September,NY Go Live,0,Y,y,20 Branch,#N/A,01. Persiapan,Ready,,,,25/09/2026,,,,,,#N/A,,,,
13240725,ODP-OMB-FF/01,8,  -   ,697141,87.142.625,AREA 3,JATIM,SURABAYA,PT2,Telkom Akses,670,20. PT2/Batch 7 thp 2,Prio September,NY Go Live,0,Y,y,20 Branch,#N/A,00. Propose Drop,Ready,,,,25/09/2026,"Irisan Cleansing Port 2,3 Jt",,,,,#N/A,,,,
13243492,ODP-OMB-FB/45,8,  -   ,697141,87.142.625,AREA 3,JATIM,SURABAYA,PT2,Telkom Akses,673,20. PT2/Batch 7 thp 2,Prio September,NY Go Live,0,Y,y,20 Branch,#N/A,01. Persiapan,Ready,,,,24/09/2026,,,,,,#N/A,,,,
11486631,3SBS-MYR-PT2-JL. MANYAR KARTIKA VIII,8,  -   ,2969630,"371203,75",AREA 3,JATIM,SURABAYA,PT2,Telkom Akses,601,9. PT2/Batch 2,Prio September,NY Go Live,0,Y,y,20 Branch,#N/A,01. Persiapan,Ready,,,,27/09/2026,,,,,,#N/A,,,,
11932230,3SBU-MGO-MD PT2 UNLOCK-ODP-DMO-FQP-44,16,  -   ,830659,519.161.875,AREA 3,JATIM,SURABAYA,PT2,Telkom Akses,600,9. PT2/Batch 2,Prio September,NY Go Live,0,Y,y,20 Branch,#N/A,01. Persiapan,Ready,,,,27/09/2026,,,,,,#N/A,,,,
11932054,3SBU-MGO-MD PT2 UNLOCK-ODP-DMO-FPL-24,16,  -   ,830659,519.161.875,AREA 3,JATIM,SURABAYA,PT2,Telkom Akses,599,9. PT2/Batch 2,Prio September,NY Go Live,0,Y,y,20 Branch,#N/A,01. Persiapan,Ready,,,,27/09/2026,,,,,,#N/A,,,,
11931888,3SBU-MGO-MD PT2 UNLOCK-ODP-DMO-FMJ-18,16,  -   ,830659,519.161.875,AREA 3,JATIM,SURABAYA,PT2,Telkom Akses,598,9. PT2/Batch 2,Prio September,NY Go Live,0,Y,y,20 Branch,#N/A,01. Persiapan,Ready,,,,27/09/2026,,,,,,#N/A,,,,
11930388,3SBU-MGO-MD PT2 UNLOCK-ODP-DMO-FDG-72,16,  -   ,830659,519.161.875,AREA 3,JATIM,SURABAYA,PT2,Telkom Akses,594,9. PT2/Batch 2,Prio September,NY Go Live,0,Y,y,20 Branch,#N/A,01. Persiapan,Ready,,,,27/09/2026,,,,,,#N/A,,,,
11930338,3SBU-MGO-MD PT2 UNLOCK-ODP-DMO-FDG-54,16,  -   ,830659,519.161.875,AREA 3,JATIM,SURABAYA,PT2,Telkom Akses,593,9. PT2/Batch 2,Prio September,NY Go Live,0,Y,y,20 Branch,#N/A,01. Persiapan,Ready,,,,27/09/2026,,,,,,#N/A,,,,
11930108,3SBU-MGO-MD PT2 UNLOCK-ODP-DMO-FBY-14,16,  -   ,830659,519.161.875,AREA 3,JATIM,SURABAYA,PT2,Telkom Akses,591,9. PT2/Batch 2,Prio September,NY Go Live,0,Y,y,20 Branch,#N/A,01. Persiapan,Ready,,,,27/09/2026,,,,,,#N/A,,,,
11930009,3SBU-MGO-MD PT2 EXPAND-ODP-DMO-FX-24,8,  -   ,1421271,177.658.875,AREA 3,JATIM,SURABAYA,PT2,Telkom Akses,590,9. PT2/Batch 2,Prio September,NY Go Live,0,Y,y,20 Branch,#N/A,01. Persiapan,Ready,,,,27/09/2026,,,,,,#N/A,,,,
11930252,3SBU-KPS-MD PT2 UNLOCK-ODP-KPS-FAD-16,16,  -   ,830659,519.161.875,AREA 3,JATIM,SURABAYA,PT2,Telkom Akses,584,9. PT2/Batch 2,Prio September,NY Go Live,0,Y,y,20 Branch,#N/A,01. Persiapan,Ready,,,,27/09/2026,,,,,,#N/A,,,,
11929728,3SBU-KPS-MD PT2 EXPAND-ODP-KBL-FKH-14,8,  -   ,1421271,177.658.875,AREA 3,JATIM,SURABAYA,PT2,Telkom Akses,580,9. PT2/Batch 2,Prio September,NY Go Live,0,Y,y,20 Branch,#N/A,04. Finish Instalasi,Ready,,,,27/09/2026,,,,,,#N/A,,,,
11929428,3SBU-KPS-MD PT2 UNLOCK-ODP-KBL-FKC-30,16,  -   ,830659,519.161.875,AREA 3,JATIM,SURABAYA,PT2,Telkom Akses,576,9. PT2/Batch 2,Prio September,NY Go Live,0,Y,y,20 Branch,#N/A,01. Persiapan,Ready,,,,27/09/2026,,,,,,#N/A,,,,
11929426,3SBU-KPS-MD PT2 UNLOCK-ODP-KBL-FKC-18,16,  -   ,830659,519.161.875,AREA 3,JATIM,SURABAYA,PT2,Telkom Akses,575,9. PT2/Batch 2,Prio September,NY Go Live,0,Y,y,20 Branch,#N/A,01. Persiapan,Ready,,,,24/09/2026,,,,,,#N/A,,,,
11929425,3SBU-KPS-MD PT2 UNLOCK-ODP-KBL-FKC-162,16,  -   ,830659,519.161.875,AREA 3,JATIM,SURABAYA,PT2,Telkom Akses,574,9. PT2/Batch 2,Prio September,NY Go Live,0,Y,y,20 Branch,#N/A,01. Persiapan,Ready,,,,24/09/2026,,,,,,#N/A,,,,
11929275,3SBU-KPS-MD PT2 UNLOCK-ODP-KBL-FEA-49,16,  -   ,830659,519.161.875,AREA 3,JATIM,SURABAYA,PT2,Telkom Akses,573,9. PT2/Batch 2,Prio September,NY Go Live,0,Y,y,20 Branch,#N/A,01. Persiapan,Ready,,,,24/09/2026,,,,,,#N/A,,,,
11923216,3SBU-KPS-MD PT2 UNLOCK-ODP-KBL-FBV-80,16,  -   ,830659,519.161.875,AREA 3,JATIM,SURABAYA,PT2,Telkom Akses,571,9. PT2/Batch 2,Prio September,NY Go Live,0,Y,y,20 Branch,#N/A,01. Persiapan,Ready,,,,24/09/2026,,,,,,#N/A,,,,
11923214,3SBU-KPS-MD PT2 UNLOCK-ODP-KBL-FBV-65,16,  -   ,830659,519.161.875,AREA 3,JATIM,SURABAYA,PT2,Telkom Akses,570,9. PT2/Batch 2,Prio September,NY Go Live,0,Y,y,20 Branch,#N/A,01. Persiapan,Ready,,,,24/09/2026,,,,,,#N/A,,,,
11923211,3SBU-KPS-MD PT2 UNLOCK-ODP-KBL-FBT-41,16,  -   ,830659,519.161.875,AREA 3,JATIM,SURABAYA,PT2,Telkom Akses,569,9. PT2/Batch 2,Prio September,NY Go Live,0,Y,y,20 Branch,#N/A,01. Persiapan,Ready,,,,24/09/2026,,,,,,#N/A,,,,
11923210,3SBU-KPS-MD PT2 UNLOCK-ODP-KBL-FBT-38,16,  -   ,830659,519.161.875,AREA 3,JATIM,SURABAYA,PT2,Telkom Akses,568,9. PT2/Batch 2,Prio September,NY Go Live,0,Y,y,20 Branch,#N/A,01. Persiapan,Ready,,,,24/09/2026,,,,,,#N/A,,,,
11923207,3SBU-KPS-MD PT2 UNLOCK-ODP-KBL-FBN-31,16,  -   ,830659,519.161.875,AREA 3,JATIM,SURABAYA,PT2,Telkom Akses,567,9. PT2/Batch 2,Prio September,NY Go Live,0,Y,y,20 Branch,#N/A,01. Persiapan,Ready,,,,24/09/2026,,,,,,#N/A,,,,
11923063,3SBU-KPS-MD PT2 UNLOCK-ODP-KBL-FBL-25,16,  -   ,830659,519.161.875,AREA 3,JATIM,SURABAYA,PT2,Telkom Akses,566,9. PT2/Batch 2,Prio September,NY Go Live,0,Y,y,20 Branch,#N/A,01. Persiapan,Ready,,,,25/09/2026,,,,,,#N/A,,,,
11921906,3SBU-KNN-MD PT2 UNLOCK-ODP-KND-FDM-30,16,  -   ,830659,519.161.875,AREA 3,JATIM,SURABAYA,PT2,Telkom Akses,559,9. PT2/Batch 2,Prio September,NY Go Live,0,Y,y,20 Branch,#N/A,01. Persiapan,Ready,,,,25/09/2026,,,,,,#N/A,,,,
11921753,3SBU-KNN-MD PT2 UNLOCK-ODP-KND-FDM-22,16,  -   ,830659,519.161.875,AREA 3,JATIM,SURABAYA,PT2,Telkom Akses,558,9. PT2/Batch 2,Prio September,NY Go Live,0,Y,y,20 Branch,#N/A,01. Persiapan,Ready,,,,25/09/2026,,,,,,#N/A,,,,
11867778,3SBU-KNN-MD PT2 EXPAND-ODP-TDS-FHB-27,8,  -   ,1421271,177.658.875,AREA 3,JATIM,SURABAYA,PT2,Telkom Akses,556,9. PT2/Batch 2,Prio September,NY Go Live,0,Y,y,20 Branch,#N/A,01. Persiapan,Ready,,,,25/09/2026,,,,,,#N/A,,,,
11867416,3SBU-KNN-MD PT2 EXPAND-ODP-TDS-FBT-29,8,  -   ,1421271,177.658.875,AREA 3,JATIM,SURABAYA,PT2,Telkom Akses,554,9. PT2/Batch 2,Prio September,NY Go Live,0,Y,y,20 Branch,#N/A,01. Persiapan,Ready,,,,25/09/2026,,,,,,#N/A,,,,
11923617,3SBU-KLN-MD PT2 EXPAND-ODP-TDS-FBU-01,8,  -   ,1421271,177.658.875,AREA 3,JATIM,SURABAYA,PT2,Telkom Akses,551,9. PT2/Batch 2,Prio September,NY Go Live,0,Y,y,20 Branch,#N/A,01. Persiapan,Ready,,,,25/09/2026,,,,,,#N/A,,,,
11923591,3SBU-KLN-MD PT2 UNLOCK-ODP-KLN-FH-30,16,  -   ,830659,519.161.875,AREA 3,JATIM,SURABAYA,PT2,Telkom Akses,550,9. PT2/Batch 2,Prio September,NY Go Live,0,Y,y,20 Branch,#N/A,01. Persiapan,Ready,,,,25/09/2026,,,,,,#N/A,,,,
11923583,3SBU-KLN-MD PT2 EXPAND-ODP-KLN-FAU-09,8,  -   ,1421271,177.658.875,AREA 3,JATIM,SURABAYA,PT2,Telkom Akses,549,9. PT2/Batch 2,Prio September,NY Go Live,0,Y,y,20 Branch,#N/A,01. Persiapan,Ready,,,,25/09/2026,,,,,,#N/A,,,,
11923446,3SBU-KLN-MD PT2 UNLOCK-ODP-KBL-FWH-30,16,  -   ,830659,519.161.875,AREA 3,JATIM,SURABAYA,PT2,Telkom Akses,548,9. PT2/Batch 2,Prio September,NY Go Live,0,Y,y,20 Branch,#N/A,01. Persiapan,Ready,,,,25/09/2026,,,,,,#N/A,,,,
11923344,3SBU-KLN-MD PT2 UNLOCK-ODP-KBL-FVQ-38,16,  -   ,830659,519.161.875,AREA 3,JATIM,SURABAYA,PT2,Telkom Akses,545,9. PT2/Batch 2,Prio September,NY Go Live,0,Y,y,20 Branch,#N/A,01. Persiapan,Ready,,,,25/09/2026,,,,,,#N/A,,,,
11923341,3SBU-KLN-MD PT2 UNLOCK-ODP-KBL-FVQ-37,16,  -   ,830659,519.161.875,AREA 3,JATIM,SURABAYA,PT2,Telkom Akses,544,9. PT2/Batch 2,Prio September,NY Go Live,0,Y,y,20 Branch,#N/A,01. Persiapan,Ready,,,,26/09/2026,,,,,,#N/A,,,,
11923330,3SBU-KLN-MD PT2 UNLOCK-ODP-KBL-FVQ-19,16,  -   ,830659,519.161.875,AREA 3,JATIM,SURABAYA,PT2,Telkom Akses,543,9. PT2/Batch 2,Prio September,NY Go Live,0,Y,y,20 Branch,#N/A,01. Persiapan,Ready,,,,26/09/2026,,,,,,#N/A,,,,
11923273,3SBU-KLN-MD PT2 UNLOCK-ODP-KBL-FTD-113,16,  -   ,830659,519.161.875,AREA 3,JATIM,SURABAYA,PT2,Telkom Akses,542,9. PT2/Batch 2,Prio September,NY Go Live,0,Y,y,20 Branch,#N/A,01. Persiapan,Ready,,,,26/09/2026,,,,,,#N/A,,,,
11923267,3SBU-KLN-MD PT2 UNLOCK-ODP-KBL-FTD-107,16,  -   ,830659,519.161.875,AREA 3,JATIM,SURABAYA,PT2,Telkom Akses,541,9. PT2/Batch 2,Prio September,NY Go Live,0,Y,y,20 Branch,#N/A,01. Persiapan,Ready,,,,26/09/2026,,,,,,#N/A,,,,
11923258,3SBU-KLN-MD PT2 UNLOCK-ODP-KBL-FTD-102,16,  -   ,830659,519.161.875,AREA 3,JATIM,SURABAYA,PT2,Telkom Akses,540,9. PT2/Batch 2,Prio September,NY Go Live,0,Y,y,20 Branch,#N/A,01. Persiapan,Ready,,,,26/09/2026,,,,,,#N/A,,,,
11923017,3SBU-KJR-MD PT2 UNLOCK-ODP-MYR-FHA-18,16,  -   ,830659,519.161.875,AREA 3,JATIM,SURABAYA,PT2,Telkom Akses,539,9. PT2/Batch 2,Prio September,NY Go Live,0,Y,y,20 Branch,#N/A,01. Persiapan,Ready,,,,26/09/2026,,,,,,#N/A,,,,
11923477,3SBU-KBL-MD PT2 UNLOCK-ODP-KBL-FWG-68,16,  -   ,830659,519.161.875,AREA 3,JATIM,SURABAYA,PT2,Telkom Akses,536,9. PT2/Batch 2,Prio September,NY Go Live,0,Y,y,20 Branch,#N/A,01. Persiapan,Ready,,,,24/09/2026,,,,,,#N/A,,,,
11923473,3SBU-KBL-MD PT2 UNLOCK-ODP-KBL-FWG-63,16,  -   ,830659,519.161.875,AREA 3,JATIM,SURABAYA,PT2,Telkom Akses,535,9. PT2/Batch 2,Prio September,NY Go Live,0,Y,y,20 Branch,#N/A,01. Persiapan,Ready,,,,24/09/2026,,,,,,#N/A,,,,
11923447,3SBU-KBL-MD PT2 UNLOCK-ODP-KBL-FWG-39,16,  -   ,830659,519.161.875,AREA 3,JATIM,SURABAYA,PT2,Telkom Akses,534,9. PT2/Batch 2,Prio September,NY Go Live,0,Y,y,20 Branch,#N/A,01. Persiapan,Ready,,,,24/09/2026,,,,,,#N/A,,,,
11923374,3SBU-KBL-MD PT2 UNLOCK-ODP-KBL-FWG-25,16,  -   ,830659,519.161.875,AREA 3,JATIM,SURABAYA,PT2,Telkom Akses,533,9. PT2/Batch 2,Prio September,NY Go Live,0,Y,y,20 Branch,#N/A,01. Persiapan,Ready,,,,24/09/2026,,,,,,#N/A,,,,
11923136,3SBU-KBL-MD PT2 UNLOCK-ODP-KBL-FVQ-13,16,  -   ,830659,519.161.875,AREA 3,JATIM,SURABAYA,PT2,Telkom Akses,532,9. PT2/Batch 2,Prio September,NY Go Live,0,Y,y,20 Branch,#N/A,01. Persiapan,Ready,,,,24/09/2026,,,,,,#N/A,,,,
11922378,3SBU-KBL-MD PT2 UNLOCK-ODP-KBL-FTD-50,16,  -   ,830659,519.161.875,AREA 3,JATIM,SURABAYA,PT2,Telkom Akses,530,9. PT2/Batch 2,Prio September,NY Go Live,0,Y,y,20 Branch,#N/A,01. Persiapan,Ready,,,,24/09/2026,,,,,,#N/A,,,,
11922377,3SBU-KBL-MD PT2 UNLOCK-ODP-KBL-FTD-44,16,  -   ,830659,519.161.875,AREA 3,JATIM,SURABAYA,PT2,Telkom Akses,529,9. PT2/Batch 2,Prio September,NY Go Live,0,Y,y,20 Branch,#N/A,01. Persiapan,Ready,,,,24/09/2026,,,,,,#N/A,,,,
11922284,3SBU-KBL-MD PT2 UNLOCK-ODP-KBL-FTB-33,16,  -   ,830659,519.161.875,AREA 3,JATIM,SURABAYA,PT2,Telkom Akses,527,9. PT2/Batch 2,Prio September,NY Go Live,0,Y,y,20 Branch,#N/A,01. Persiapan,Ready,,,,24/09/2026,,,,,,#N/A,,,,
11922210,3SBU-KBL-MD PT2 EXPAND-ODP-KBL-FVH-08,8,  -   ,1421271,177.658.875,AREA 3,JATIM,SURABAYA,PT2,Telkom Akses,522,9. PT2/Batch 2,Prio September,NY Go Live,0,Y,y,20 Branch,#N/A,01. Persiapan,Ready,,,,24/09/2026,,,,,,#N/A,,,,
11922187,3SBU-KBL-MD PT2 UNLOCK-ODP-KBL-FEF-42,16,  -   ,830659,519.161.875,AREA 3,JATIM,SURABAYA,PT2,Telkom Akses,520,9. PT2/Batch 2,Prio September,NY Go Live,0,Y,y,20 Branch,#N/A,01. Persiapan,Ready,,,,24/09/2026,,,,,,#N/A,,,,
11922141,3SBU-KBL-MD PT2 EXPAND-ODP-KBL-FVF-58,8,  -   ,1421271,177.658.875,AREA 3,JATIM,SURABAYA,PT2,Telkom Akses,519,9. PT2/Batch 2,Prio September,NY Go Live,0,Y,y,20 Branch,#N/A,01. Persiapan,Ready,,,,24/09/2026,,,,,,#N/A,,,,
11922086,3SBU-KBL-MD PT2 EXPAND-ODP-KBL-FVD-27,8,  -   ,1421271,177.658.875,AREA 3,JATIM,SURABAYA,PT2,Telkom Akses,517,9. PT2/Batch 2,Prio September,NY Go Live,0,Y,y,20 Branch,#N/A,01. Persiapan,Ready,,,,24/09/2026,,,,,,#N/A,,,,
11270649,3MDR-ARB-PT2 EXPAND-ODP-ARB-FC-41,8,  -   ,1180823,147.602.875,AREA 3,JATIM,SURABAYA,PT2,Telkom Akses,512,9. PT2/Batch 2,Prio September,NY Go Live,0,Y,y,20 Branch,#N/A,01. Persiapan,Ready,,,,24/09/2026,,,,,,#N/A,,,,
11909004,3SBU-TNS-MD PT2 EXPAND-ODP-TDS-FDF-32,8,  -   ,1421271,177.658.875,AREA 3,JATIM,SURABAYA,PT2,Telkom Akses,166,9. PT2/Batch 2,Prio September,NY Go Live,0,Y,y,20 Branch,#N/A,05. Go Live,Ready,,,,,,,,,,#N/A,,,,
11932076,3SBU-MGO-MD PT2 UNLOCK-ODP-DMO-FPL-29,16,  -   ,830659,519.161.875,AREA 3,JATIM,SURABAYA,PT2,Telkom Akses,164,9. PT2/Batch 2,Prio September,NY Go Live,0,Y,y,20 Branch,#N/A,01. Persiapan,Ready,,,,24/09/2026,,,,,,#N/A,,,,
11931916,3SBU-LKI-MD PT2 UNLOCK-ODP-KRP-FAU-10,16,  -   ,830659,519.161.875,AREA 3,JATIM,SURABAYA,PT2,Telkom Akses,163,9. PT2/Batch 2,Prio September,NY Go Live,0,Y,y,20 Branch,#N/A,01. Persiapan,Ready,,,,26/09/2026,,,,,,#N/A,,,,
11923203,3SBU-KPS-MD PT2 UNLOCK-ODP-KBL-FBL-29,16,  -   ,830659,519.161.875,AREA 3,JATIM,SURABAYA,PT2,Telkom Akses,152,9. PT2/Batch 2,Prio September,NY Go Live,0,Y,y,20 Branch,#N/A,01. Persiapan,Ready,,,,26/09/2026,,,,,,#N/A,,,,
11931739,3SBU-KJR-MD PT2 UNLOCK-ODP-MYR-FVA-30,16,  -   ,830659,519.161.875,AREA 3,JATIM,SURABAYA,PT2,Telkom Akses,146,9. PT2/Batch 2,Prio September,NY Go Live,0,Y,y,20 Branch,#N/A,01. Persiapan,Ready,,,,26/09/2026,,,,,,#N/A,,,,
13277329,ODP-TDS-FHB/27,8,  -   ,2022556,"252819,5",AREA 3,JATIM,SURABAYA,PT2,Telkom Akses,70,21. PT2/Batch 7 thp 3,Prio September,NY Go Live,0,Y,y,20 Branch,#N/A,00. Propose Drop,Ready,,,,26/09/2026,"Irisan Cleansing Port 2,3 Jt",,,,,#N/A,,,,
13277187,ODP-TDS-FFD/28,8,  8 ,744141,93.017.625,AREA 3,JATIM,SURABAYA,PT2,Telkom Akses,68,21. PT2/Batch 7 thp 3,Prio September,NY Go Live,0,Y,y,20 Branch,#N/A,05. Go Live,Ready,,,,,,,,,,#N/A,,,,
13276867,ODP-TDS-FAL/44,8,  8 ,744141,93.017.625,AREA 3,JATIM,SURABAYA,PT2,Telkom Akses,62,21. PT2/Batch 7 thp 3,Prio September,NY Go Live,0,Y,y,20 Branch,#N/A,05. Go Live,Ready,,,,,,,,,,#N/A,,,,
13276858,ODP-TDS-FAL/42,8,  -   ,744141,93.017.625,AREA 3,JATIM,SURABAYA,PT2,Telkom Akses,61,21. PT2/Batch 7 thp 3,Prio September,NY Go Live,0,Y,y,20 Branch,#N/A,01. Persiapan,Ready,,,,26/09/2026,,,,,,#N/A,,,,
13276819,ODP-TDS-FFB/15,8,  -   ,744141,93.017.625,AREA 3,JATIM,SURABAYA,PT2,Telkom Akses,59,21. PT2/Batch 7 thp 3,Prio September,NY Go Live,0,Y,y,20 Branch,#N/A,05. Go Live,Ready,,,,,,,,,,#N/A,,,,
13276760,ODP-TDS-FFD/17,8,  8 ,744141,93.017.625,AREA 3,JATIM,SURABAYA,PT2,Telkom Akses,52,21. PT2/Batch 7 thp 3,Prio September,NY Go Live,0,Y,y,20 Branch,#N/A,05. Go Live,Ready,,,,,,,,,,#N/A,,,,
13276696,ODP-TDS-FFD/15,8,  -   ,744141,93.017.625,AREA 3,JATIM,SURABAYA,PT2,Telkom Akses,49,21. PT2/Batch 7 thp 3,Prio September,NY Go Live,0,Y,y,20 Branch,#N/A,05. Go Live,Ready,,,,,,,,,,#N/A,,,,
13276676,ODP-TDS-FCW/18,8,  -   ,2022556,"252819,5",AREA 3,JATIM,SURABAYA,PT2,Telkom Akses,48,21. PT2/Batch 7 thp 3,Prio September,NY Go Live,0,Y,y,20 Branch,#N/A,00. Propose Drop,Ready,,,,26/09/2026,"Irisan Cleansing Port 2,3 Jt",,,,,#N/A,,,,
13276523,ODP-KND-FCA/12,8,  -   ,2022556,"252819,5",AREA 3,JATIM,SURABAYA,PT2,Telkom Akses,42,21. PT2/Batch 7 thp 3,Prio September,NY Go Live,0,Y,y,20 Branch,#N/A,00. Propose Drop,Ready,,,,26/09/2026,"Irisan Cleansing Port 2,3 Jt",,,,,#N/A,,,,
13276451,ODP-SPG-FW/44,8,  -   ,744141,93.017.625,AREA 3,JATIM,SURABAYA,PT2,Telkom Akses,37,21. PT2/Batch 7 thp 3,Prio September,NY Go Live,0,Y,y,20 Branch,#N/A,00. Propose Drop,Ready,,,,26/09/2026,"Irisan Cleansing Port 2,3 Jt",,,,,#N/A,,,,
13276357,ODP-PME-FAM/89,8,  -   ,744141,93.017.625,AREA 3,JATIM,SURABAYA,PT2,Telkom Akses,33,21. PT2/Batch 7 thp 3,Prio September,NY Go Live,0,Y,y,20 Branch,#N/A,01. Persiapan,Ready,,,,26/09/2026,,,,,,#N/A,,,,
13275856,ODP-KND-FEE/21,8,  -   ,1530066,"191258,25",AREA 3,JATIM,SURABAYA,PT2,Telkom Akses,26,21. PT2/Batch 7 thp 3,Prio September,NY Go Live,0,Y,y,20 Branch,#N/A,05. Go Live,Ready,,,,,,,,,,#N/A,,,,
13275702,ODP-KND-FEE/09,8,  -   ,1530066,"191258,25",AREA 3,JATIM,SURABAYA,PT2,Telkom Akses,25,21. PT2/Batch 7 thp 3,Prio September,NY Go Live,0,Y,y,20 Branch,#N/A,05. Go Live,Ready,,,,,,,,,,#N/A,,,,
13275464,ODP-RKT-FGC/88,8,  -   ,2058756,"257344,5",AREA 3,JATIM,SURABAYA,PT2,Telkom Akses,22,21. PT2/Batch 7 thp 3,Prio September,NY Go Live,0,Y,y,20 Branch,#N/A,01. Persiapan,Ready,,,,26/09/2026,,,,,,#N/A,,,,
13275462,ODP-RKT-FGC/111,8,  -   ,744141,93.017.625,AREA 3,JATIM,SURABAYA,PT2,Telkom Akses,21,21. PT2/Batch 7 thp 3,Prio September,NY Go Live,0,Y,y,20 Branch,#N/A,05. Go Live,Ready,,,,,,,,,,#N/A,,,,
13275442,ODP-RKT-FGC/100,8,  -   ,2058756,"257344,5",AREA 3,JATIM,SURABAYA,PT2,Telkom Akses,19,21. PT2/Batch 7 thp 3,Prio September,NY Go Live,0,Y,y,20 Branch,#N/A,01. Persiapan,Ready,,,,26/09/2026,,,,,,#N/A,,,,
13275432,ODP-MYR-FVL/115,8,  -   ,744141,93.017.625,AREA 3,JATIM,SURABAYA,PT2,Telkom Akses,16,21. PT2/Batch 7 thp 3,Prio September,NY Go Live,0,Y,y,20 Branch,#N/A,05. Go Live,Ready,,,,,,,,,,#N/A,,,,
13275399,ODP-RKT-FFK/40,8,  -   ,744141,93.017.625,AREA 3,JATIM,SURABAYA,PT2,Telkom Akses,14,21. PT2/Batch 7 thp 3,Prio September,NY Go Live,0,Y,y,20 Branch,#N/A,00. Propose Drop,Ready,,,,26/09/2026,"Irisan Cleansing Port 2,3 Jt",,,,,#N/A,,,,
13236453,ODP-ARB-FH/30,8,  -   ,697141,87.142.625,AREA 3,JATIM,SURABAYA,PT2,Telkom Akses,143,20. PT2/Batch 7,Prio Agustus,NY Go Live,0,Y,y,20 Branch,PT2,01. Persiapan,Ready,,,,26/09/2026,,,,,,#N/A,,,,
13249185,ODP-TDS-FKU/18,8,  -   ,1225831,153.228.875,AREA 3,JATIM,SURABAYA,PT2,Telkom Akses,204,20. PT2/Batch 7,Prio Agustus,NY Go Live,0,Y,y,20 Branch,PT2,00. Propose Drop,Ready,,,,26/09/2026,"Irisan Cleansing Port 2,3 Jt",,,,,#N/A,,,,
13249010,ODP-KBL-FTD/37,8,  -   ,1225831,153.228.875,AREA 3,JATIM,SURABAYA,PT2,Telkom Akses,205,20. PT2/Batch 7,Prio Agustus,NY Go Live,0,Y,y,20 Branch,PT2,00. Propose Drop,Ready,,,,26/09/2026,"Irisan Cleansing Port 2,3 Jt",,,,,#N/A,,,,
13243767,ODP-KPP-FF/54,8,  -   ,697141,87.142.625,AREA 3,JATIM,SURABAYA,PT2,Telkom Akses,209,20. PT2/Batch 7,Prio Agustus,NY Go Live,0,Y,y,20 Branch,PT2,01. Persiapan,Ready,,,,26/09/2026,,,,,,#N/A,,,,
13249428,ODP-TDS-FHE/43,8,  -   ,1225831,153.228.875,AREA 3,JATIM,SURABAYA,PT2,Telkom Akses,233,20. PT2/Batch 7,Prio Agustus,NY Go Live,0,Y,y,20 Branch,PT2,01. Persiapan,Ready,,,,26/09/2026,,,,,,#N/A,,,,
13157051,ODP-SPG-FW/54,8,  -   ,697141,87.142.625,AREA 3,JATIM,SURABAYA,PT2,Telkom Akses,234,20. PT2/Batch 7,Prio Agustus,NY Go Live,0,Y,y,20 Branch,PT2,01. Persiapan,Ready,,,,26/09/2026,,,,,,#N/A,,,,
13243713,ODP-SPG-FW/55,8,  -   ,697141,87.142.625,AREA 3,JATIM,SURABAYA,PT2,Telkom Akses,235,20. PT2/Batch 7,Prio Agustus,NY Go Live,0,Y,y,20 Branch,PT2,01. Persiapan,Ready,,,,26/09/2026,,,,,,#N/A,,,,
13243604,ODP-SPG-FBB/51,8,  -   ,697141,87.142.625,AREA 3,JATIM,SURABAYA,PT2,Telkom Akses,249,20. PT2/Batch 7,Prio Agustus,NY Go Live,0,Y,y,20 Branch,PT2,01. Persiapan,Ready,,,,26/09/2026,,,,,,#N/A,,,,
13243521,ODP-BKL-FBK/15,8,  -   ,697141,87.142.625,AREA 3,JATIM,SURABAYA,PT2,Telkom Akses,281,20. PT2/Batch 7,Prio Agustus,NY Go Live,0,Y,y,20 Branch,PT2,01. Persiapan,Ready,,,,26/09/2026,,,,,,#N/A,,,,
13243296,ODP-KML-FD/65,8,  -   ,697141,87.142.625,AREA 3,JATIM,SURABAYA,PT2,Telkom Akses,307,20. PT2/Batch 7,Prio Agustus,NY Go Live,0,Y,y,20 Branch,PT2,01. Persiapan,Ready,,,,26/09/2026,,,,,,#N/A,,,,
13243313,ODP-ARB-FF/16,8,  -   ,697141,87.142.625,AREA 3,JATIM,SURABAYA,PT2,Telkom Akses,310,20. PT2/Batch 7,Prio Agustus,NY Go Live,0,Y,y,20 Branch,PT2,01. Persiapan,Ready,,,,26/09/2026,,,,,,#N/A,,,,
13243393,ODP-SPG-FM/62,8,  -   ,697141,87.142.625,AREA 3,JATIM,SURABAYA,PT2,Telkom Akses,317,20. PT2/Batch 7,Prio Agustus,NY Go Live,0,Y,y,20 Branch,PT2,00. Propose Drop,Ready,,,,26/09/2026,"Irisan Cleansing Port 2,3 Jt",,,,,#N/A,,,,
13249660,ODP-TDS-FLM/24,8,  -   ,1225831,153.228.875,AREA 3,JATIM,SURABAYA,PT2,Telkom Akses,318,20. PT2/Batch 7,Prio Agustus,NY Go Live,0,Y,y,20 Branch,PT2,01. Persiapan,Ready,,,,26/09/2026,,,,,,#N/A,,,,
13249657,ODP-TDS-FLM/23,8,  -   ,1225831,153.228.875,AREA 3,JATIM,SURABAYA,PT2,Telkom Akses,319,20. PT2/Batch 7,Prio Agustus,NY Go Live,0,Y,y,20 Branch,PT2,01. Persiapan,Ready,,,,24/09/2026,,,,,,#N/A,,,,
13248607,ODP-KBL-FKC/130,8,  -   ,1225831,153.228.875,AREA 3,JATIM,SURABAYA,PT2,Telkom Akses,320,20. PT2/Batch 7,Prio Agustus,NY Go Live,0,Y,y,20 Branch,PT2,01. Persiapan,Ready,,,,26/09/2026,,,,,,#N/A,,,,
13249299,ODP-TDS-FHB/30,8,  -   ,1225831,153.228.875,AREA 3,JATIM,SURABAYA,PT2,Telkom Akses,341,20. PT2/Batch 7,Prio Agustus,NY Go Live,0,Y,y,20 Branch,PT2,01. Persiapan,Ready,,,,26/09/2026,,,,,,#N/A,,,,
13249425,ODP-TDS-FHB/31,8,  -   ,1225831,153.228.875,AREA 3,JATIM,SURABAYA,PT2,Telkom Akses,342,20. PT2/Batch 7,Prio Agustus,NY Go Live,0,Y,y,20 Branch,PT2,00. Propose Drop,Ready,,,,26/09/2026,"Irisan Cleansing Port 2,3 Jt",,,,,#N/A,,,,
13243498,ODP-OMB-FAA/78,8,  -   ,697141,87.142.625,AREA 3,JATIM,SURABAYA,PT2,Telkom Akses,343,20. PT2/Batch 7,Prio Agustus,NY Go Live,0,Y,y,20 Branch,PT2,01. Persiapan,Ready,,,,26/09/2026,,,,,,#N/A,,,,
13243501,ODP-OMB-FAA/74,8,  -   ,697141,87.142.625,AREA 3,JATIM,SURABAYA,PT2,Telkom Akses,344,20. PT2/Batch 7,Prio Agustus,NY Go Live,0,Y,y,20 Branch,PT2,00. Propose Drop,Ready,,,,26/09/2026,"Irisan Cleansing Port 2,3 Jt",,,,,#N/A,,,,
13249229,ODP-TDS-FFD/38,8,  -   ,1225831,153.228.875,AREA 3,JATIM,SURABAYA,PT2,Telkom Akses,345,20. PT2/Batch 7,Prio Agustus,NY Go Live,0,Y,y,20 Branch,PT2,01. Persiapan,Ready,,,,26/09/2026,,,,,,#N/A,,,,
13243580,ODP-SPG-FY/04,8,  -   ,697141,87.142.625,AREA 3,JATIM,SURABAYA,PT2,Telkom Akses,353,20. PT2/Batch 7,Prio Agustus,NY Go Live,0,Y,y,20 Branch,PT2,01. Persiapan,Ready,,,,26/09/2026,,,,,,#N/A,,,,
13240720,ODP-OMB-FC/10,8,  -   ,697141,87.142.625,AREA 3,JATIM,SURABAYA,PT2,Telkom Akses,356,20. PT2/Batch 7,Prio Agustus,NY Go Live,0,Y,y,20 Branch,PT2,00. Propose Drop,Ready,,,,24/09/2026,"Irisan Cleansing Port 2,3 Jt",,,,,#N/A,,,,
13244054,ODP-SPG-FM/51,8,  -   ,697141,87.142.625,AREA 3,JATIM,SURABAYA,PT2,Telkom Akses,366,20. PT2/Batch 7,Prio Agustus,NY Go Live,0,Y,y,20 Branch,PT2,00. Propose Drop,Ready,,,,26/09/2026,"Irisan Cleansing Port 2,3 Jt",,,,,#N/A,,,,
13244039,ODP-SPG-FW/22,8,  -   ,697141,87.142.625,AREA 3,JATIM,SURABAYA,PT2,Telkom Akses,373,20. PT2/Batch 7,Prio Agustus,NY Go Live,0,Y,y,20 Branch,PT2,01. Persiapan,Ready,,,,26/09/2026,,,,,,#N/A,,,,
13244029,ODP-SPG-FW/03,8,  -   ,697141,87.142.625,AREA 3,JATIM,SURABAYA,PT2,Telkom Akses,374,20. PT2/Batch 7,Prio Agustus,NY Go Live,0,Y,y,20 Branch,PT2,01. Persiapan,Ready,,,,26/09/2026,,,,,,#N/A,,,,
13244010,ODP-SPG-FW/26,8,  -   ,697141,87.142.625,AREA 3,JATIM,SURABAYA,PT2,Telkom Akses,375,20. PT2/Batch 7,Prio Agustus,NY Go Live,0,Y,y,20 Branch,PT2,00. Propose Drop,Ready,,,,26/09/2026,"Irisan Cleansing Port 2,3 Jt",,,,,#N/A,,,,
13243980,ODP-SPG-FW/04,8,  -   ,697141,87.142.625,AREA 3,JATIM,SURABAYA,PT2,Telkom Akses,376,20. PT2/Batch 7,Prio Agustus,NY Go Live,0,Y,y,20 Branch,PT2,01. Persiapan,Ready,,,,26/09/2026,,,,,,#N/A,,,,
13249775,ODP-TDS-FPJ/29,8,  -   ,1225831,153.228.875,AREA 3,JATIM,SURABAYA,PT2,Telkom Akses,378,20. PT2/Batch 7,Prio Agustus,NY Go Live,0,Y,y,20 Branch,PT2,00. Propose Drop,Ready,,,,26/09/2026,"Irisan Cleansing Port 2,3 Jt",,,,,#N/A,,,,
13243901,ODP-ARB-FE/03,8,  -   ,697141,87.142.625,AREA 3,JATIM,SURABAYA,PT2,Telkom Akses,380,20. PT2/Batch 7,Prio Agustus,NY Go Live,0,Y,y,20 Branch,PT2,01. Persiapan,Ready,,,,26/09/2026,,,,,,#N/A,,,,
13243875,ODP-ARB-FB/42,8,  -   ,697141,87.142.625,AREA 3,JATIM,SURABAYA,PT2,Telkom Akses,383,20. PT2/Batch 7,Prio Agustus,NY Go Live,0,Y,y,20 Branch,PT2,00. Propose Drop,Ready,,,,26/09/2026,"Irisan Cleansing Port 2,3 Jt",,,,,#N/A,,,,
13249778,ODP-TDS-FPJ/27,8,  -   ,1225831,153.228.875,AREA 3,JATIM,SURABAYA,PT2,Telkom Akses,392,20. PT2/Batch 7,Prio Agustus,NY Go Live,0,Y,y,20 Branch,PT2,01. Persiapan,Ready,,,,26/09/2026,,,,,,#N/A,,,,
13249771,ODP-TDS-FPJ/06,8,  -   ,1225831,153.228.875,AREA 3,JATIM,SURABAYA,PT2,Telkom Akses,414,20. PT2/Batch 7,Prio Agustus,NY Go Live,0,Y,y,20 Branch,PT2,01. Persiapan,Ready,,,,26/09/2026,,,,,,#N/A,,,,
13243704,ODP-BKL-FAT/105,8,  -   ,697141,87.142.625,AREA 3,JATIM,SURABAYA,PT2,Telkom Akses,470,20. PT2/Batch 7,Prio Agustus,NY Go Live,0,Y,y,20 Branch,PT2,01. Persiapan,Ready,,,,26/09/2026,,,,,,#N/A,,,,
13228668,ODP-KRP-FBS/14,8,  -   ,1056436,"132054,5",AREA 3,JATIM,SURABAYA,PT2,Telkom Akses,540,20. PT2/Batch 7,Prio Agustus,NY Go Live,0,Y,y,20 Branch,PT2,00. Propose Drop,Ready,,,,24/09/2026,"Irisan Cleansing Port 2,3 Jt",,,,,#N/A,,,,
13249655,ODP-TDS-FLM/12,8,  -   ,1225831,153.228.875,AREA 3,JATIM,SURABAYA,PT2,Telkom Akses,558,20. PT2/Batch 7,Prio Agustus,NY Go Live,0,Y,y,20 Branch,PT2,01. Persiapan,Ready,,,,27/09/2026,,,,,,#N/A,,,,
13247128,ODP-OMB-FAA/19,8,  -   ,697141,87.142.625,AREA 3,JATIM,SURABAYA,PT2,Telkom Akses,566,20. PT2/Batch 7,Prio Agustus,NY Go Live,0,Y,y,20 Branch,PT2,01. Persiapan,Ready,,,,27/09/2026,,,,,,#N/A,,,,
13247106,ODP-OMB-FAA/21,8,  -   ,697141,87.142.625,AREA 3,JATIM,SURABAYA,PT2,Telkom Akses,568,20. PT2/Batch 7,Prio Agustus,NY Go Live,0,Y,y,20 Branch,PT2,00. Propose Drop,Ready,,,,27/09/2026,"Irisan Cleansing Port 2,3 Jt",,,,,#N/A,,,,
13247032,ODP-BKL-FAQ/25,8,  -   ,697141,87.142.625,AREA 3,JATIM,SURABAYA,PT2,Telkom Akses,593,20. PT2/Batch 7,Prio Agustus,NY Go Live,0,Y,y,20 Branch,PT2,00. Propose Drop,Ready,,,,27/09/2026,"Irisan Cleansing Port 2,3 Jt",,,,,#N/A,,,,
13247094,ODP-TBU-FAA/69,8,  -   ,697141,87.142.625,AREA 3,JATIM,SURABAYA,PT2,Telkom Akses,648,20. PT2/Batch 7,Prio Agustus,NY Go Live,0,Y,y,20 Branch,PT2,01. Persiapan,Ready,,,,27/09/2026,,,,,,#N/A,,,,
13246946,ODP-BKL-FL/45,8,  -   ,697141,87.142.625,AREA 3,JATIM,SURABAYA,PT2,Telkom Akses,691,20. PT2/Batch 7,Prio Agustus,NY Go Live,0,Y,y,20 Branch,PT2,05. Go Live,Ready,,,,,,,,,,#N/A,,,,
13247109,ODP-ARB-FAB/50,8,  -   ,697141,87.142.625,AREA 3,JATIM,SURABAYA,PT2,Telkom Akses,708,20. PT2/Batch 7,Prio Agustus,NY Go Live,0,Y,y,20 Branch,PT2,00. Propose Drop,Ready,,,,27/09/2026,"Irisan Cleansing Port 2,3 Jt",,,,,#N/A,,,,
13249295,ODP-TDS-FHB/26,8,  -   ,1225831,153.228.875,AREA 3,JATIM,SURABAYA,PT2,Telkom Akses,712,20. PT2/Batch 7,Prio Agustus,NY Go Live,0,Y,y,20 Branch,PT2,00. Propose Drop,Ready,,,,27/09/2026,"Irisan Cleansing Port 2,3 Jt",,,,,#N/A,,,,
13249653,ODP-TDS-FLA/05,8,  -   ,1225831,153.228.875,AREA 3,JATIM,SURABAYA,PT2,Telkom Akses,756,20. PT2/Batch 7,Prio Agustus,NY Go Live,0,Y,y,20 Branch,PT2,01. Persiapan,Ready,,,,24/09/2026,,,,,,#N/A,,,,
13249161,GCL-KRP-09/01,8,  -   ,1225831,153.228.875,AREA 3,JATIM,SURABAYA,PT2,Telkom Akses,854,20. PT2/Batch 7,Prio Agustus,NY Go Live,0,Y,y,20 Branch,PT2,05. Go Live,Ready,,,,,,,,,,#N/A,,,,
13249228,ODP-KND-FDM/28,8,  -   ,1225831,153.228.875,AREA 3,JATIM,SURABAYA,PT2,Telkom Akses,927,20. PT2/Batch 7,Prio Agustus,NY Go Live,0,Y,y,20 Branch,PT2,00. Propose Drop,Ready,,,,27/09/2026,"Irisan Cleansing Port 2,3 Jt",,,,,#N/A,,,,
11858749,3MDR-KML-PT2-PS16-ODP-KML-FF-40,16,  8 ,643221,402.013.125,AREA 3,JATIM,SURABAYA,PT2,Telkom Akses,932,16. PT2/Batch 6,Prio Agustus,NY Go Live,0,Y,y,20 Branch,PT2,05. Go Live,Ready,,,,,,,,,,#N/A,,,,
11242185,MD2025-KDG-FP-PT3-TJL_Malilingin_HSS,48,  -   ,87993097,1.833.189.521,AREA 4,KALIMANTAN,BANJARMASIN,PT3,Telkom Akses,1,1. PT3/Batch 1,Prio September,NY Go Live,0,Y,y,20 Branch,#N/A,00. Propose Drop,,,,,,PT1 - Disolusikan Dengan Alpro Lain,drop tercover alpor existing,,00. Propose Drop,00. Ny Golive,Drop,,,,
13138914,MD2026-KYG-FAK-DESA PULAU ALALAK,272,  -   ,334157889,1.228.521.651,AREA 4,KALIMANTAN,BANJARMASIN,PT3,Telkom Akses,5,10. PT3/Batch 5 thp 1,Prio September,NY Go Live,0,Y,y,20 Branch,#N/A,02. Matdel,Ready,9100,-,,30/09/2026,,,,02. Material Delivery,00. Ny Golive,30/09/2026,,,,
13119094,MD2026-LUL-FAQ-KOMPLEK PERMATA GOLF 1,48,  -   ,64625386,1.346.362.208,AREA 4,KALIMANTAN,BANJARMASIN,PT3,Telkom Akses,6,10. PT3/Batch 5 thp 1,Prio September,NY Go Live,0,Y,y,20 Branch,#N/A,02. Matdel,Ready,2585,-,,30/09/2026,,perizinan kembali karena developer sudah ada provider lain,,02. Material Delivery,00. Ny Golive,30/09/2026,,,,
12166653,MD2026-PLE-FH-KOST PUTRI NEVI TARA,40,  -   ,49803125,1.245.078.125,AREA 4,KALIMANTAN,BANJARMASIN,PT3,Telkom Akses,9,10. PT3/Batch 5 thp 1,Prio September,NY Go Live,0,Y,y,20 Branch,#N/A,01. Persiapan,Ready,2300,-,,30/09/2026,,,,01. Persiapan,00. Ny Golive,30/09/2026,,,,
13125987,MD2026-PLE-FV-SMA NEGERI 1 BATU AMPAR,64,  -   ,55762452,8.712.883.125,AREA 4,KALIMANTAN,BANJARMASIN,PT3,Telkom Akses,10,10. PT3/Batch 5 thp 1,Prio September,NY Go Live,0,Y,y,20 Branch,#N/A,02. Matdel,Ready,925,-,,24/09/2026,,,,02. Material Delivery,00. Ny Golive,26/09/2026,,,,
13141746,MD2026-ULI-FCQ-LANGGAR BABUSSALAM SULUT,24,  -   ,31705868,1.321.077.833,AREA 4,KALIMANTAN,BANJARMASIN,PT3,Telkom Akses,12,10. PT3/Batch 5 thp 1,Prio September,NY Go Live,0,Y,y,20 Branch,#N/A,02. Matdel,Ready,840,-,,25/09/2026,,perizinan kembali karena developer sudah ada provider lain,,02. Material Delivery,00. Ny Golive,25/09/2026,,,,
12161269,MD2026-LUL-FAT-JL KASTURI DAPUR REVA,16,  -   ,15441967,9.651.229.375,AREA 4,KALIMANTAN,BANJARMASIN,PT3,Telkom Akses,13,10. PT3/Batch 5 thp 1,Prio September,NY Go Live,0,Y,y,20 Branch,#N/A,02. Matdel,Ready,285,-,,26/09/2026,,,,02. Material Delivery,00. Ny Golive,26/09/2026,,,,
12160028,MD2026-KYG-FAS-JL ALALAK UTARA KP HARUAI,32,  -   ,39990716,1.249.709.875,AREA 4,KALIMANTAN,BANJARMASIN,PT3,Telkom Akses,16,8. PT3/Batch 4b thp 2,Prio September,NY Go Live,0,Y,y,20 Branch,#N/A,02. Matdel,Ready,1985,-,,30/09/2026,,,,02. Material Delivery,00. Ny Golive,30/09/2026,,,,
12743897,MD2026-MRB-FM-JL JEND SUDIRMAN TOKO UNO,280,  -   ,610538337,2.180.494.061,AREA 4,KALIMANTAN,BANJARMASIN,PT3,Telkom Akses,11,8. PT3/Batch 4b thp 2,Prio September,NY Go Live,0,Y,y,20 Branch,#N/A,01. Persiapan,Ready,8750,4.650,,30/09/2026,,,,01. Persiapan,00. Ny Golive,30/09/2026,,,,
13053739,MD2026-MRB-FF-KANTOR CAMAT RANTAU BADAUH,96,  -   ,77431816,8.065.814.167,AREA 4,KALIMANTAN,BANJARMASIN,PT3,Telkom Akses,4,8. PT3/Batch 4b thp 2,Prio September,NY Go Live,0,Y,y,20 Branch,#N/A,01. Persiapan,Ready,1375,2.275,K24 Ny Ready,30/09/2026,,,,01. Persiapan,00. Ny Golive,30/09/2026,,,,
11289955,MD2025-KPL-FY-KPL_GR AKASIA PT3 INS,16,  -   ,16488984,"1030561,5",AREA 4,KALIMANTAN,BANJARMASIN,PT3,Telkom Akses,22,3. PT3/Batch 2,Prio September,NY Go Live,0,Y,y,20 Branch,#N/A,00. Propose Drop,,1201,-,,,CPP Tinggi,Drop Perizinan,,00. Propose Drop,00. Ny Golive,Drop,,16,33.512.306,2.094.519
11086137,MD2025-SER-FAG-KALIMANTAN SELATAN_762,32,  -   ,35199198,1.099.974.938,AREA 4,KALIMANTAN,BANJARMASIN,PT3,Telkom Akses,21,3. PT3/Batch 2,Prio September,NY Go Live,0,Y,y,20 Branch,#N/A,00. Propose Drop,,606,-,,,CPP Tinggi,Drop perizinan,,00. Propose Drop,00. Ny Golive,Drop,,64,35.199.198,549.987
11391748,MD2025-LUL-FDF-SIFA_LUL_KALSEL_10648_new,280,  152 ,340583384,1.216.369.229,AREA 4,KALIMANTAN,BANJARMASIN,PT3,Telkom Akses,8,3. PT3/Batch 2,Prio September,NY Go Live,0,Y,y,20 Branch,#N/A,05. Go Live,Ready,-,-,,,,Golive,,GOLIVE,01. Golive,Done,,,,
11346220,MD2025-GMB-FD-GMB_MRGASNA - PD RUMBIA 2,32,  -   ,35904106,1.122.003.313,AREA 4,KALIMANTAN,BANJARMASIN,PT3,Telkom Akses,1,3. PT3/Batch 2,Prio Agustus,NY Go Live,0,Y,y,20 Branch,PT3,00. Propose Drop,,,,,,PT1 - Disolusikan Dengan Alpro Lain,drop tercover alpor existing,,00. Propose Drop,00. Ny Golive,Drop,,,,
11398960,MD2025-LUL-FAV-LUL_KEL GUNTUNG MANGGIS A,400,  -   ,315767905,7.894.197.625,AREA 4,KALIMANTAN,BANJARMASIN,PT3,Telkom Akses,1,3. PT3/Batch 2,Prio Agustus,NY Go Live,0,Y,y,20 Branch,PT3,00. Propose Drop,,,,,,PT1 - Disolusikan Dengan Alpro Lain,drop tercover alpor existing,,00. Propose Drop,00. Ny Golive,Drop,,,,
11473321,MD2025-ULI-FCL-ULI_PERUMAHAN R LAND,56,  -   ,30415643,5.431.364.821,AREA 4,KALIMANTAN,BANJARMASIN,PT3,Telkom Akses,1,3. PT3/Batch 2,Prio Agustus,NY Go Live,0,Y,y,20 Branch,PT3,00. Propose Drop,,,,,,CPP Tinggi,drop perizinan warga,,00. Propose Drop,00. Ny Golive,Drop,,56,48.505.617,866.172
12725744,MD2025-LUL-FAQ-JL GOLF PR GRIYA ANTASARI,24,  -   ,25509228,"1062884,5",AREA 4,KALIMANTAN,BANJARMASIN,PT3,Telkom Akses,1,4. PT3/Batch 3,Prio Agustus,NY Go Live,0,Y,y,20 Branch,PT3,00. Propose Drop,,,,,,CPP Tinggi,drop perizinan warga,,00. Propose Drop,00. Ny Golive,Drop,,24,25.509.228,1.062.885
12550244,MD2025-ULI-FCL-PERUM CENTRAL MAHANTAS,136,  -   ,174976602,1.286.592.662,AREA 4,KALIMANTAN,BANJARMASIN,PT3,Telkom Akses,1,6. PT3/Batch 4a,Prio Agustus,NY Go Live,0,Y,y,20 Branch,PT3,02. Matdel,Ready,400,1.850,K24 Ny Ready,24/09/2026,,,,02. Material Delivery,00. Ny Golive,27/09/2026,,,,
12161249,MD2026-MTP-FK-KANTOR BALAI DESA KERAMAT,16,  -   ,15591503,9.744.689.375,AREA 4,KALIMANTAN,BANJARMASIN,PT3,Telkom Akses,1,8. PT3/Batch 4b,Prio Agustus,NY Go Live,0,Y,y,20 Branch,PT3,02. Matdel,Ready,-,2.150,K24 Ny Ready,30/09/2026,,,,02. Material Delivery,00. Ny Golive,30/09/2026,,,,
12549146,MD2026-MTP-FV-PERUMAHAN SYIHAB PERSADA 2,24,  -   ,33289823,1.387.075.958,AREA 4,KALIMANTAN,BANJARMASIN,PT3,Telkom Akses,1,8. PT3/Batch 4b,Prio Agustus,NY Go Live,0,Y,y,20 Branch,PT3,02. Matdel,Ready,530,-,,24/09/2026,,perizinan kembali karena developer sudah ada provider lain,,,00. Ny Golive,27/09/2026,,,,
12160300,MD2026-ULI-FCQ-KOMP KARYA BUDI RAYA 3,32,  -   ,41977744,"1311804,5",AREA 4,KALIMANTAN,BANJARMASIN,PT3,Telkom Akses,1,8. PT3/Batch 4b,Prio Agustus,NY Go Live,0,Y,y,20 Branch,PT3,02. Matdel,Ready,820,-,,26/09/2026,,,,,00. Ny Golive,26/09/2026,,,,
13122497,MD2026-BBR-FAP-PERUM-JERUK RAYA BLOK H,24,  -   ,21021235,8.758.847.917,AREA 4,KALIMANTAN,BANJARMASIN,PT3,Telkom Akses,1,10. PT3/Batch 5,Prio Agustus,NY Go Live,0,Y,y,20 Branch,PT3,02. Matdel,Ready,530,-,,25/09/2026,,,,,00. Ny Golive,25/09/2026,,,,
13122512,MD2026-BBR-FAZ-MUSTIKA ABADI GRIYATAMA,48,  -   ,66697723,1.389.535.896,AREA 4,KALIMANTAN,BANJARMASIN,PT3,Telkom Akses,1,10. PT3/Batch 5,Prio Agustus,NY Go Live,0,Y,y,20 Branch,PT3,02. Matdel,Ready,2145,-,,30/09/2026,,,,,00. Ny Golive,30/09/2026,,,,
13072593,MD2026-BJM-FAU-GRANDPURNAMA 2,88,  -   ,91650500,1.041.482.955,AREA 4,KALIMANTAN,BANJARMASIN,PT3,Telkom Akses,1,10. PT3/Batch 5,Prio Agustus,NY Go Live,0,Y,y,20 Branch,PT3,02. Matdel,Ready,4000,-,,25/09/2026,,,,,00. Ny Golive,25/09/2026,,,,
13119122,MD2026-GMB-FD-KOMPLEK GRIYA FLAMBOYAN,24,  -   ,14233690,5.930.704.167,AREA 4,KALIMANTAN,BANJARMASIN,PT3,Telkom Akses,1,10. PT3/Batch 5,Prio Agustus,NY Go Live,0,Y,y,20 Branch,PT3,02. Matdel,Ready,500,-,,30/09/2026,,,,,00. Ny Golive,27/09/2026,,,,
12161241,MD2026-LUL-FAQ-Pondok Indah Golf,40,  -   ,45929515,1.148.237.875,AREA 4,KALIMANTAN,BANJARMASIN,PT3,Telkom Akses,1,10. PT3/Batch 5,Prio Agustus,NY Go Live,0,Y,y,20 Branch,PT3,02. Matdel,Ready,1425,-,,27/09/2026,,perizinan kembali karena developer sudah ada provider lain,,,00. Ny Golive,27/09/2026,,,,
13122588,MD2026-PLE-FA-PERUMAHAN GRIYA ZIVA 2,96,  -   ,101147076,1.053.615.375,AREA 4,KALIMANTAN,BANJARMASIN,PT3,Telkom Akses,1,10. PT3/Batch 5,Prio Agustus,NY Go Live,0,Y,y,20 Branch,PT3,02. Matdel,Ready,1350,-,,25/09/2026,,perizinan kembali karena developer sudah ada provider lain,,,00. Ny Golive,25/09/2026,,,,
13136724,MD2026-PLE-FW-SD NEGERI RANGGANG DALAM,96,  -   ,121794629,1.268.694.052,AREA 4,KALIMANTAN,BANJARMASIN,PT3,Telkom Akses,1,10. PT3/Batch 5,Prio Agustus,NY Go Live,0,Y,y,20 Branch,PT3,02. Matdel,Ready,2850,-,,26/09/2026,,,,,00. Ny Golive,26/09/2026,,,,
13125941,MD2026-ULI-FCK-BUNYAMIN RESIDENCE,104,  -   ,74585350,7.171.668.269,AREA 4,KALIMANTAN,BANJARMASIN,PT3,Telkom Akses,1,10. PT3/Batch 5,Prio Agustus,NY Go Live,0,Y,y,20 Branch,PT3,02. Matdel,Ready,3000,-,,25/09/2026,,perizinan kembali karena developer sudah ada provider lain,,,00. Ny Golive,25/09/2026,,,,
13139703,MD2026-ULI-FBA-ROYAL MAHATAMA RESIDENCE,32,  -   ,32660451,1.020.639.094,AREA 4,KALIMANTAN,BANJARMASIN,PT3,Telkom Akses,1,10. PT3/Batch 5,Prio Agustus,NY Go Live,0,Y,y,20 Branch,PT3,02. Matdel,Ready,950,-,,25/09/2026,,perizinan kembali karena developer sudah ada provider lain,,,00. Ny Golive,25/09/2026,,,,
13072797,MD2026-BBR-FCM-SDIT ROBBANI 2,176,  -   ,179224398,1.018.320.443,AREA 4,KALIMANTAN,BANJARMASIN,PT3,Telkom Akses,2,10. PT3/Batch 5,Prio Agustus,NY Go Live,0,Y,y,20 Branch,PT3,02. Matdel,Ready,3450,-,,26/09/2026,,,,,00. Ny Golive,26/09/2026,,,,
12727123,MD2025-KYG-FAW-JL TRANS KIOS ERWIN,56,  -   ,55492852,9.909.437.857,AREA 4,KALIMANTAN,BANJARMASIN,PT3,Telkom Akses,3,4. PT3/Batch 3,Prio Agustus,NY Go Live,0,Y,y,20 Branch,PT3,00. Propose Drop,,,,,,CPP Tinggi,drop krna cpp diatas 10% (50%),,,00. Ny Golive,Drop,,56,55.492.852,990.944
13149843,EXP2026-ODP-BLC-FE-036,8,  -   ,610903,76.362.875,AREA 4,KALIMANTAN,BANJARMASIN,PT2,Telkom Akses,308,11. PT2/Batch 3,Prio September,NY Go Live,0,Y,y,20 Branch,#N/A,00. Propose Drop,,,,,,"Irisan Cleansing Port 2,3 Jt",,,,,#N/A,,,,
13149849,EXP2026-ODP-BLC-FL-117,8,  -   ,610903,76.362.875,AREA 4,KALIMANTAN,BANJARMASIN,PT2,Telkom Akses,309,11. PT2/Batch 3,Prio September,NY Go Live,0,Y,y,20 Branch,#N/A,00. Propose Drop,,,,,,QE Repair Core,,,,,#N/A,,,,
13149851,EXP2026-ODP-BLC-FM-142,8,  -   ,1976533,247.066.625,AREA 4,KALIMANTAN,BANJARMASIN,PT2,Telkom Akses,310,11. PT2/Batch 3,Prio September,NY Go Live,0,Y,y,20 Branch,#N/A,00. Propose Drop,,,,,,"Irisan Cleansing Port 2,3 Jt",,,,,#N/A,,,,
13149852,EXP2026-ODP-BLC-FAC-046,8,  -   ,610903,76.362.875,AREA 4,KALIMANTAN,BANJARMASIN,PT2,Telkom Akses,313,11. PT2/Batch 3,Prio September,NY Go Live,0,Y,y,20 Branch,#N/A,00. Propose Drop,,,,,,"Irisan Cleansing Port 2,3 Jt",,,,,#N/A,,,,
13149921,EXP2026-ODP-BLC-FG-024,8,  -   ,1976533,247.066.625,AREA 4,KALIMANTAN,BANJARMASIN,PT2,Telkom Akses,314,11. PT2/Batch 3,Prio September,NY Go Live,0,Y,y,20 Branch,#N/A,00. Propose Drop,,,,,,"Irisan Cleansing Port 2,3 Jt",,,,,#N/A,,,,
13149926,EXP2026-ODP-BLC-FH-069,8,  -   ,610903,76.362.875,AREA 4,KALIMANTAN,BANJARMASIN,PT2,Telkom Akses,315,11. PT2/Batch 3,Prio September,NY Go Live,0,Y,y,20 Branch,#N/A,00. Propose Drop,,,,,,QE Repair Core,,,,,#N/A,,,,
13149947,EXP2026-ODP-BLC-FJ-059,8,  -   ,1976533,247.066.625,AREA 4,KALIMANTAN,BANJARMASIN,PT2,Telkom Akses,317,11. PT2/Batch 3,Prio September,NY Go Live,0,Y,y,20 Branch,#N/A,00. Propose Drop,,,,,,"Irisan Cleansing Port 2,3 Jt",,,,,#N/A,,,,
13149967,EXP2026-ODP-BLC-FK-105,8,  -   ,1976533,247.066.625,AREA 4,KALIMANTAN,BANJARMASIN,PT2,Telkom Akses,318,11. PT2/Batch 3,Prio September,NY Go Live,0,Y,y,20 Branch,#N/A,00. Propose Drop,,,,,,"Irisan Cleansing Port 2,3 Jt",,,,,#N/A,,,,
13149970,EXP2026-ODP-BLC-FK-082,8,  -   ,1976533,247.066.625,AREA 4,KALIMANTAN,BANJARMASIN,PT2,Telkom Akses,319,11. PT2/Batch 3,Prio September,NY Go Live,0,Y,y,20 Branch,#N/A,00. Propose Drop,,,,,,QE Repair Core,,,,,#N/A,,,,
13149782,EXP2026-ODP-BLC-FQ-053,8,  -   ,1976533,247.066.625,AREA 4,KALIMANTAN,BANJARMASIN,PT2,Telkom Akses,321,11. PT2/Batch 3,Prio September,NY Go Live,0,Y,y,20 Branch,#N/A,00. Propose Drop,,,,,,"Irisan Cleansing Port 2,3 Jt",,,,,#N/A,,,,
13149914,EXP2026-ODP-BLC-FQ-063,8,  -   ,610903,76.362.875,AREA 4,KALIMANTAN,BANJARMASIN,PT2,Telkom Akses,322,11. PT2/Batch 3,Prio September,NY Go Live,0,Y,y,20 Branch,#N/A,00. Propose Drop,,,,,,"Irisan Cleansing Port 2,3 Jt",,,,,#N/A,,,,
13149872,EXP2026-ODP-KPL-FAA-082,8,  -   ,610903,76.362.875,AREA 4,KALIMANTAN,BANJARMASIN,PT2,Telkom Akses,325,11. PT2/Batch 3,Prio September,NY Go Live,0,Y,y,20 Branch,#N/A,00. Propose Drop,,,,,,"Irisan Cleansing Port 2,3 Jt",,,,,#N/A,,,,
13149877,EXP2026-ODP-KPL-FC-016,8,  -   ,1976533,247.066.625,AREA 4,KALIMANTAN,BANJARMASIN,PT2,Telkom Akses,326,11. PT2/Batch 3,Prio September,NY Go Live,0,Y,y,20 Branch,#N/A,00. Propose Drop,,,,,,"Irisan Cleansing Port 2,3 Jt",,,,,#N/A,,,,
13149890,EXP2026-ODP-KPL-FW-057,8,  -   ,1976533,247.066.625,AREA 4,KALIMANTAN,BANJARMASIN,PT2,Telkom Akses,328,11. PT2/Batch 3,Prio September,NY Go Live,0,Y,y,20 Branch,#N/A,00. Propose Drop,,,,,,QE Repair Core,,,,,#N/A,,,,
13149892,EXP2026-ODP-KPL-FW-060,8,  -   ,1976533,247.066.625,AREA 4,KALIMANTAN,BANJARMASIN,PT2,Telkom Akses,329,11. PT2/Batch 3,Prio September,NY Go Live,0,Y,y,20 Branch,#N/A,00. Propose Drop,,,,,,"Irisan Cleansing Port 2,3 Jt",,,,,#N/A,,,,
13149963,EXP2026-ODP-KPL-FG-006,8,  -   ,1976533,247.066.625,AREA 4,KALIMANTAN,BANJARMASIN,PT2,Telkom Akses,331,11. PT2/Batch 3,Prio September,NY Go Live,0,Y,y,20 Branch,#N/A,00. Propose Drop,,,,,,QE Repair Core,,,,,#N/A,,,,
13149979,EXP2026-ODP-KPL-FK-003,8,  -   ,610903,76.362.875,AREA 4,KALIMANTAN,BANJARMASIN,PT2,Telkom Akses,333,11. PT2/Batch 3,Prio September,NY Go Live,0,Y,y,20 Branch,#N/A,00. Propose Drop,,,,,,"Irisan Cleansing Port 2,3 Jt",,,,,#N/A,,,,
13150027,EXP2026-ODP-KPL-FW-080,8,  -   ,1976533,247.066.625,AREA 4,KALIMANTAN,BANJARMASIN,PT2,Telkom Akses,335,11. PT2/Batch 3,Prio September,NY Go Live,0,Y,y,20 Branch,#N/A,00. Propose Drop,,,,,,"Irisan Cleansing Port 2,3 Jt",,,,,#N/A,,,,
13150000,EXP2026-ODP-KPL-FW-091,8,  -   ,1976533,247.066.625,AREA 4,KALIMANTAN,BANJARMASIN,PT2,Telkom Akses,337,11. PT2/Batch 3,Prio September,NY Go Live,0,Y,y,20 Branch,#N/A,00. Propose Drop,,,,,,"Irisan Cleansing Port 2,3 Jt",,,,,#N/A,,,,
13149867,EXP2026-ODP-KPL-FX-076,8,  -   ,1976533,247.066.625,AREA 4,KALIMANTAN,BANJARMASIN,PT2,Telkom Akses,338,11. PT2/Batch 3,Prio September,NY Go Live,0,Y,y,20 Branch,#N/A,00. Propose Drop,,,,,,QE Repair Core,,,,,#N/A,,,,
13149944,EXP2026-ODP-KPL-FZ-007,8,  -   ,1976533,247.066.625,AREA 4,KALIMANTAN,BANJARMASIN,PT2,Telkom Akses,341,11. PT2/Batch 3,Prio September,NY Go Live,0,Y,y,20 Branch,#N/A,00. Propose Drop,,,,,,"Irisan Cleansing Port 2,3 Jt",,,,,#N/A,,,,
13150015,EXP2026-ODP-PGT-FB-026,8,  -   ,1976533,247.066.625,AREA 4,KALIMANTAN,BANJARMASIN,PT2,Telkom Akses,344,11. PT2/Batch 3,Prio September,NY Go Live,0,Y,y,20 Branch,#N/A,00. Propose Drop,,,,,,"Irisan Cleansing Port 2,3 Jt",,,,,#N/A,,,,
13150020,EXP2026-ODP-PGT-FC-032,8,  -   ,1976533,247.066.625,AREA 4,KALIMANTAN,BANJARMASIN,PT2,Telkom Akses,345,11. PT2/Batch 3,Prio September,NY Go Live,0,Y,y,20 Branch,#N/A,00. Propose Drop,,,,,,"Irisan Cleansing Port 2,3 Jt",,,,,#N/A,,,,
13150646,EXP2026-ODP-SER-FAF-011,8,  -   ,610903,76.362.875,AREA 4,KALIMANTAN,BANJARMASIN,PT2,Telkom Akses,346,11. PT2/Batch 3,Prio September,NY Go Live,0,Y,y,20 Branch,#N/A,00. Propose Drop,,,,,,"Irisan Cleansing Port 2,3 Jt",,,,,#N/A,,,,
13149853,EXP2026-ODP-SER-FAF-007,8,  -   ,610903,76.362.875,AREA 4,KALIMANTAN,BANJARMASIN,PT2,Telkom Akses,347,11. PT2/Batch 3,Prio September,NY Go Live,0,Y,y,20 Branch,#N/A,00. Propose Drop,,,,,,QE Repair Core,,,,,#N/A,,,,
12976960,PT2UN26-PLE-FK-AOi42601191246541897899e0,8,  -   ,2582192,322774,AREA 4,KALIMANTAN,BANJARMASIN,PT2,Telkom Akses,6,12. PT2/Batch 4 UNTSEL,Prio September,NY Go Live,0,Y,y,20 Branch,#N/A,00. Propose Drop,,,,,,Duplikasi Order,,,,,#N/A,,,,
12948912,PT2UN26-PLE-FK-AOk4260202191604325671ca0,8,  -   ,2582192,322774,AREA 4,KALIMANTAN,BANJARMASIN,PT2,Telkom Akses,7,12. PT2/Batch 4 UNTSEL,Prio September,NY Go Live,0,Y,y,20 Branch,#N/A,00. Propose Drop,,,,,,Duplikasi Order,,,,,#N/A,,,,
13024434,PT2UN26-BJM-FS-AOk42603111548144051ae9a0,8,  -   ,2582192,322774,AREA 4,KALIMANTAN,BANJARMASIN,PT2,Telkom Akses,8,12. PT2/Batch 4 UNTSEL,Prio September,NY Go Live,0,Y,y,20 Branch,#N/A,00. Propose Drop,,,,,,QE Repair Core,,,,,#N/A,,,,
13023586,PT2UN26-GMB-FD-AOk4260311112744540458260,8,  -   ,2582192,322774,AREA 4,KALIMANTAN,BANJARMASIN,PT2,Telkom Akses,9,12. PT2/Batch 4 UNTSEL,Prio September,NY Go Live,0,Y,y,20 Branch,#N/A,00. Propose Drop,,,,,,QE Repair Core,,,,,#N/A,,,,
13107967,PT2UN26-BBR-FAH-AOk426042114313301009f09,8,  -   ,2508258,"313532,25",AREA 4,KALIMANTAN,BANJARMASIN,PT2,Telkom Akses,10,12. PT2/Batch 4 UNTSEL,Prio September,NY Go Live,0,Y,y,20 Branch,#N/A,00. Propose Drop,,,,,,QE Repair Core,,,,,#N/A,,,,
13107890,PT2UN26-BBR-FG-AOk426042114182878779e7c0,8,  -   ,2508258,"313532,25",AREA 4,KALIMANTAN,BANJARMASIN,PT2,Telkom Akses,11,12. PT2/Batch 4 UNTSEL,Prio September,NY Go Live,0,Y,y,20 Branch,#N/A,00. Propose Drop,,,,,,QE Repair Core,,,,,#N/A,,,,
13063842,PT2UN26-BBR-FCB-AOk42603311222228525e5b5,8,  -   ,2582192,322774,AREA 4,KALIMANTAN,BANJARMASIN,PT2,Telkom Akses,12,12. PT2/Batch 4 UNTSEL,Prio September,NY Go Live,0,Y,y,20 Branch,#N/A,00. Propose Drop,,,,,,QE Repair Core,,,,,#N/A,,,,
13030421,PT2UN26-BBR-FBF-AOk42603041026573145c575,8,  -   ,2417058,"302132,25",AREA 4,KALIMANTAN,BANJARMASIN,PT2,Telkom Akses,13,12. PT2/Batch 4 UNTSEL,Prio September,NY Go Live,0,Y,y,20 Branch,#N/A,00. Propose Drop,,,,,,QE Repair Core,,,,,#N/A,,,,
12959000,"12959000-PT2-BBR-FAG-GUNTUNGMANGGIS, LAN",8,  -   ,1398524,"174815,5",AREA 4,KALIMANTAN,BANJARMASIN,PT2,Telkom Akses,14,12. PT2/Batch 4 UNTSEL,Prio September,NY Go Live,0,Y,y,20 Branch,#N/A,00. Propose Drop,,,,,,QE Repair Core,,,,,#N/A,,,,
13070304,PT2UN26-BTB-FH-AOk4260406134040514577a20,8,  -   ,2582192,322774,AREA 4,KALIMANTAN,BANJARMASIN,PT2,Telkom Akses,15,12. PT2/Batch 4 UNTSEL,Prio September,NY Go Live,0,Y,y,20 Branch,#N/A,00. Propose Drop,,,,,,QE Repair Core,,,,,#N/A,,,,
13075237,PT2UN26-BTB-FH-AOk42603071055121320fc9d0,8,  -   ,2582192,322774,AREA 4,KALIMANTAN,BANJARMASIN,PT2,Telkom Akses,16,12. PT2/Batch 4 UNTSEL,Prio September,NY Go Live,0,Y,y,20 Branch,#N/A,00. Propose Drop,,,,,,QE Repair Core,,,,,#N/A,,,,
13107835,PT2UN26-MRB-FC-AOk4260421141617833c75390,8,  -   ,2508258,"313532,25",AREA 4,KALIMANTAN,BANJARMASIN,PT2,Telkom Akses,17,12. PT2/Batch 4 UNTSEL,Prio September,NY Go Live,0,Y,y,20 Branch,#N/A,00. Propose Drop,,,,,,QE Repair Core,,,,,#N/A,,,,
13028970,PT2UN26-MRB-FF-AOk42603131111346098ebd70,8,  -   ,2582192,322774,AREA 4,KALIMANTAN,BANJARMASIN,PT2,Telkom Akses,18,12. PT2/Batch 4 UNTSEL,Prio September,NY Go Live,0,Y,y,20 Branch,#N/A,00. Propose Drop,,,,,,QE Repair Core,,,,,#N/A,,,,
13108198,PT2UN26-ULI-FAS-AOk42604211427151000b651,8,  -   ,2508258,"313532,25",AREA 4,KALIMANTAN,BANJARMASIN,PT2,Telkom Akses,19,12. PT2/Batch 4 UNTSEL,Prio September,NY Go Live,0,Y,y,20 Branch,#N/A,00. Propose Drop,,,,,,QE Repair Core,,,,,#N/A,,,,
13033492,PT2UN26-ULI-FCJ-AOk4260315161125170746df,8,  -   ,2582192,322774,AREA 4,KALIMANTAN,BANJARMASIN,PT2,Telkom Akses,20,12. PT2/Batch 4 UNTSEL,Prio September,NY Go Live,0,Y,y,20 Branch,#N/A,00. Propose Drop,,,,,,QE Repair Core,,,,,#N/A,,,,
13019235,PT2UN26-ULI-FCJ-AOk426030917311637717608,8,  -   ,2582192,322774,AREA 4,KALIMANTAN,BANJARMASIN,PT2,Telkom Akses,21,12. PT2/Batch 4 UNTSEL,Prio September,NY Go Live,0,Y,y,20 Branch,#N/A,00. Propose Drop,,,,,,Duplikasi Order,,,,,#N/A,,,,
13015388,PT2UN26-ULI-FB-AOk4260308123721832433990,8,  -   ,2508258,"313532,25",AREA 4,KALIMANTAN,BANJARMASIN,PT2,Telkom Akses,22,12. PT2/Batch 4 UNTSEL,Prio September,NY Go Live,0,Y,y,20 Branch,#N/A,00. Propose Drop,,,,,,QE Repair Core,,,,,#N/A,,,,
13108243,PT2UN26-LUL-FW-AOk4260421143502489993fb0,8,  -   ,2508258,"313532,25",AREA 4,KALIMANTAN,BANJARMASIN,PT2,Telkom Akses,23,12. PT2/Batch 4 UNTSEL,Prio September,NY Go Live,0,Y,y,20 Branch,#N/A,00. Propose Drop,,,,,,QE Repair Core,,,,,#N/A,,,,
12998431,PT2UN26-LUL-FJ-AOk4260301125725030d66a60,8,  -   ,2582192,322774,AREA 4,KALIMANTAN,BANJARMASIN,PT2,Telkom Akses,24,12. PT2/Batch 4 UNTSEL,Prio September,NY Go Live,0,Y,y,20 Branch,#N/A,00. Propose Drop,,,,,,QE Repair Core,,,,,#N/A,,,,
12952486,PT2UN26-LUL-FL-AOk426012617285641893e7c0,8,  -   ,2582192,322774,AREA 4,KALIMANTAN,BANJARMASIN,PT2,Telkom Akses,25,12. PT2/Batch 4 UNTSEL,Prio September,NY Go Live,0,Y,y,20 Branch,#N/A,00. Propose Drop,,,,,,QE Repair Core,,,,,#N/A,,,,
12973694,PT2UN26-KYG-FJ-AOk426021713345322802bfa0,8,  -   ,2582192,322774,AREA 4,KALIMANTAN,BANJARMASIN,PT2,Telkom Akses,31,12. PT2/Batch 4 UNTSEL,Prio September,NY Go Live,0,Y,y,20 Branch,#N/A,00. Propose Drop,,,,,,QE Repair Core,,,,,#N/A,,,,
13107928,PT2UN26-MTP-FW-AOk4260421142351570b4fbf0,8,  -   ,2508258,"313532,25",AREA 4,KALIMANTAN,BANJARMASIN,PT2,Telkom Akses,32,12. PT2/Batch 4 UNTSEL,Prio September,NY Go Live,0,Y,y,20 Branch,#N/A,00. Propose Drop,,,,,,QE Repair Core,,,,,#N/A,,,,
13066707,PT2UN26-MTP-FU-AOk4260401162920832b5a1d0,8,  -   ,2582192,322774,AREA 4,KALIMANTAN,BANJARMASIN,PT2,Telkom Akses,33,12. PT2/Batch 4 UNTSEL,Prio September,NY Go Live,0,Y,y,20 Branch,#N/A,00. Propose Drop,,,,,,QE Repair Core,,,,,#N/A,,,,
12976831,PT2UN26-MTP-FU-AOi4260203071348165a3a140,8,  -   ,2582192,322774,AREA 4,KALIMANTAN,BANJARMASIN,PT2,Telkom Akses,34,12. PT2/Batch 4 UNTSEL,Prio September,NY Go Live,0,Y,y,20 Branch,#N/A,00. Propose Drop,,,,,,QE Repair Core,,,,,#N/A,,,,
13107795,PT2UN26-KYG-FAQ-AOk426042114143097546b8a,8,  -   ,2508258,"313532,25",AREA 4,KALIMANTAN,BANJARMASIN,PT2,Telkom Akses,225,12. PT2/Batch 4 UNTSEL,Prio September,NY Go Live,0,Y,y,20 Branch,#N/A,00. Propose Drop,,,,,,QE Repair Core,,,,,#N/A,,,,
13059132,PT2UN26-KYG-FJ-AOk4260329125743126a92370,8,  -   ,2582192,322774,AREA 4,KALIMANTAN,BANJARMASIN,PT2,Telkom Akses,226,12. PT2/Batch 4 UNTSEL,Prio September,NY Go Live,0,Y,y,20 Branch,#N/A,00. Propose Drop,,,,,,QE Repair Core,,,,,#N/A,,,,
13038651,PT2UN26-KYG-FAQ-AOk4260317103904487aa30a,8,  -   ,2582192,322774,AREA 4,KALIMANTAN,BANJARMASIN,PT2,Telkom Akses,227,12. PT2/Batch 4 UNTSEL,Prio September,NY Go Live,0,Y,y,20 Branch,#N/A,00. Propose Drop,,,,,,QE Repair Core,,,,,#N/A,,,,
13000214,PT2UN26-KYG-FAV-AOi4250826013923116031bf,8,  -   ,2508258,"313532,25",AREA 4,KALIMANTAN,BANJARMASIN,PT2,Telkom Akses,228,12. PT2/Batch 4 UNTSEL,Prio September,NY Go Live,0,Y,y,20 Branch,#N/A,00. Propose Drop,,,,,,QE Repair Core,,,,,#N/A,,,,
12976923,PT2UN26-KYG-FAX-AOi42602161248479278164e,8,  -   ,2582192,322774,AREA 4,KALIMANTAN,BANJARMASIN,PT2,Telkom Akses,229,12. PT2/Batch 4 UNTSEL,Prio September,NY Go Live,0,Y,y,20 Branch,#N/A,00. Propose Drop,,,,,,QE Repair Core,,,,,#N/A,,,,
13109351,PT2UN26-SER-FV-AOk42604211847138917aa510,8,  -   ,2508258,"313532,25",AREA 4,KALIMANTAN,BANJARMASIN,PT2,Telkom Akses,356,12. PT2/Batch 4 UNTSEL,Prio September,NY Go Live,0,Y,y,20 Branch,#N/A,00. Propose Drop,,,,,,QE Repair Core,,,,,#N/A,,,,
13081097,PT2UN26-SER-FAF-AOk4260410134206121386c8,8,  -   ,2582192,322774,AREA 4,KALIMANTAN,BANJARMASIN,PT2,Telkom Akses,357,12. PT2/Batch 4 UNTSEL,Prio September,NY Go Live,0,Y,y,20 Branch,#N/A,00. Propose Drop,,,,,,QE Repair Core,,,,,#N/A,,,,
12968405,PT2UN26-SER-FH-AOk4260212122308669f49fe0,8,  -   ,2582192,322774,AREA 4,KALIMANTAN,BANJARMASIN,PT2,Telkom Akses,358,12. PT2/Batch 4 UNTSEL,Prio September,NY Go Live,0,Y,y,20 Branch,#N/A,00. Propose Drop,,,,,,QE Repair Core,,,,,#N/A,,,,
12972894,PT2UN26-KPL-FAD-AOi4260216145651691b1f3b,8,  -   ,2582192,322774,AREA 4,KALIMANTAN,BANJARMASIN,PT2,Telkom Akses,359,12. PT2/Batch 4 UNTSEL,Prio September,NY Go Live,0,Y,y,20 Branch,#N/A,00. Propose Drop,,,,,,QE Repair Core,,,,,#N/A,,,,
12968489,PT2UN26-KPL-FAH-AOi42602091011215177493e,8,  -   ,2582192,322774,AREA 4,KALIMANTAN,BANJARMASIN,PT2,Telkom Akses,360,12. PT2/Batch 4 UNTSEL,Prio September,NY Go Live,0,Y,y,20 Branch,#N/A,00. Propose Drop,,,,,,QE Repair Core,,,,,#N/A,,,,
13081280,PT2UN26-STI-FM-AOk42604101423256047c8380,8,  -   ,2582192,322774,AREA 4,KALIMANTAN,BANJARMASIN,PT2,Telkom Akses,361,12. PT2/Batch 4 UNTSEL,Prio September,NY Go Live,0,Y,y,20 Branch,#N/A,00. Propose Drop,,,,,,QE Repair Core,,,,,#N/A,,,,
13049607,PT2UN26-STI-FF-AOk4260324185910118faf380,8,  -   ,2582192,322774,AREA 4,KALIMANTAN,BANJARMASIN,PT2,Telkom Akses,362,12. PT2/Batch 4 UNTSEL,Prio September,NY Go Live,0,Y,y,20 Branch,#N/A,00. Propose Drop,,,,,,QE Repair Core,,,,,#N/A,,,,
13021699,PT2UN26-STI-FK-AOk4260310164043920aaec50,8,  -   ,2508258,"313532,25",AREA 4,KALIMANTAN,BANJARMASIN,PT2,Telkom Akses,363,12. PT2/Batch 4 UNTSEL,Prio September,NY Go Live,0,Y,y,20 Branch,#N/A,00. Propose Drop,,,,,,QE Repair Core,,,,,#N/A,,,,
13103141,PT2UN26-BLC-FAG-AOk4260419165558584630e3,8,  -   ,2508258,"313532,25",AREA 4,KALIMANTAN,BANJARMASIN,PT2,Telkom Akses,364,12. PT2/Batch 4 UNTSEL,Prio September,NY Go Live,0,Y,y,20 Branch,#N/A,01. Persiapan,Ready,,,,,,,,,,#N/A,,,,
13107465,PT2UN26-BLC-FAH-AOk426041914472990398f32,8,  -   ,2508258,"313532,25",AREA 4,KALIMANTAN,BANJARMASIN,PT2,Telkom Akses,365,12. PT2/Batch 4 UNTSEL,Prio September,NY Go Live,0,Y,y,20 Branch,#N/A,00. Propose Drop,,,,,,QE Repair Core,,,,,#N/A,,,,
13056517,PT2UN26-BLC-FAH-AOk4260327185339060edc46,8,  -   ,2582192,322774,AREA 4,KALIMANTAN,BANJARMASIN,PT2,Telkom Akses,366,12. PT2/Batch 4 UNTSEL,Prio September,NY Go Live,0,Y,y,20 Branch,#N/A,00. Propose Drop,,,,,,QE Repair Core,,,,,#N/A,,,,
13033250,PT2UN26-BLC-FAJ-AOk42603151411149852bce8,8,  -   ,2582192,322774,AREA 4,KALIMANTAN,BANJARMASIN,PT2,Telkom Akses,367,12. PT2/Batch 4 UNTSEL,Prio September,NY Go Live,0,Y,y,20 Branch,#N/A,00. Propose Drop,,,,,,QE Repair Core,,,,,#N/A,,,,
13011491,PT2UN26-BLC-FAM-AOi42603030430265657b88d,8,  -   ,2582192,322774,AREA 4,KALIMANTAN,BANJARMASIN,PT2,Telkom Akses,368,12. PT2/Batch 4 UNTSEL,Prio September,NY Go Live,0,Y,y,20 Branch,#N/A,00. Propose Drop,,,,,,QE Repair Core,,,,,#N/A,,,,
12959307,PT2UN26-BLC-FAJ-AOk4260208162836549c434f,8,  -   ,2582192,322774,AREA 4,KALIMANTAN,BANJARMASIN,PT2,Telkom Akses,369,12. PT2/Batch 4 UNTSEL,Prio September,NY Go Live,0,Y,y,20 Branch,#N/A,00. Propose Drop,,,,,,QE Repair Core,,,,,#N/A,,,,
13069234,PT2UN26-PGT-FK-AOk4260404164803984462a70,8,  -   ,2582192,322774,AREA 4,KALIMANTAN,BANJARMASIN,PT2,Telkom Akses,370,12. PT2/Batch 4 UNTSEL,Prio September,NY Go Live,0,Y,y,20 Branch,#N/A,00. Propose Drop,,,,,,QE Repair Core,,,,,#N/A,,,,
12940828,PT2UN26-PGT-FF-AOk4260127161732476deab50,8,  -   ,2582192,322774,AREA 4,KALIMANTAN,BANJARMASIN,PT2,Telkom Akses,371,12. PT2/Batch 4 UNTSEL,Prio September,NY Go Live,0,Y,y,20 Branch,#N/A,00. Propose Drop,,,,,,QE Repair Core,,,,,#N/A,,,,
13102959,PT2UN26-PLE-FH-AOk4260419134240906225940,8,  -   ,2508258,"313532,25",AREA 4,KALIMANTAN,BANJARMASIN,PT2,Telkom Akses,372,12. PT2/Batch 4 UNTSEL,Prio September,NY Go Live,0,Y,y,20 Branch,#N/A,00. Propose Drop,,,,,,QE Repair Core,,,,,#N/A,,,,
13072785,PT2UN26-PLE-FA-AOk4260407160558676ed3780,8,  -   ,2582192,322774,AREA 4,KALIMANTAN,BANJARMASIN,PT2,Telkom Akses,373,12. PT2/Batch 4 UNTSEL,Prio September,NY Go Live,0,Y,y,20 Branch,#N/A,00. Propose Drop,,,,,,QE Repair Core,,,,,#N/A,,,,
13041778,PT2UN26-PLE-FG-AOk4260319073541634b922d0,8,  -   ,2582192,322774,AREA 4,KALIMANTAN,BANJARMASIN,PT2,Telkom Akses,374,12. PT2/Batch 4 UNTSEL,Prio September,NY Go Live,0,Y,y,20 Branch,#N/A,00. Propose Drop,,,,,,QE Repair Core,,,,,#N/A,,,,
13019188,PT2UN26-PLE-FXA-AOk4260309172137522b013c,8,  -   ,2582192,322774,AREA 4,KALIMANTAN,BANJARMASIN,PT2,Telkom Akses,375,12. PT2/Batch 4 UNTSEL,Prio September,NY Go Live,0,Y,y,20 Branch,#N/A,00. Propose Drop,,,,,,QE Repair Core,,,,,#N/A,,,,
13001222,PT2UN26-PLE-FK-AOk42603021712462100ecfc0,8,  -   ,2582192,322774,AREA 4,KALIMANTAN,BANJARMASIN,PT2,Telkom Akses,376,12. PT2/Batch 4 UNTSEL,Prio September,NY Go Live,0,Y,y,20 Branch,#N/A,00. Propose Drop,,,,,,Duplikasi Order,,,,,#N/A,,,,
13055340,MD2026-BLC-FAF-DAPUR MAMA SHAFA,8,  -   ,2417058,"302132,25",AREA 4,KALIMANTAN,BANJARMASIN,PT2,Telkom Akses,594,16. PT2/Batch 6 thp 1,Prio September,NY Go Live,0,Y,y,20 Branch,#N/A,01. Persiapan,Ready,,,,,,,,,,#N/A,,,,
12670674,SOEX25-BJM-FBB-057,8,  -   ,671863,83.982.875,AREA 4,KALIMANTAN,BANJARMASIN,PT2,Telkom Akses,204,19. PT2/Batch 7 UNTSEL,Prio September,NY Go Live,0,Y,y,20 Branch,#N/A,05. Go Live,Ready,,,,,,,,,,#N/A,,,,
12670662,SOEX25-BJM-FBB-026,8,  -   ,671863,83.982.875,AREA 4,KALIMANTAN,BANJARMASIN,PT2,Telkom Akses,205,19. PT2/Batch 7 UNTSEL,Prio September,NY Go Live,0,Y,y,20 Branch,#N/A,05. Go Live,Ready,,,,,,,,,,#N/A,,,,
12670656,S2EX25-BJM-FBB-006,8,  -   ,1398250,"174781,25",AREA 4,KALIMANTAN,BANJARMASIN,PT2,Telkom Akses,206,19. PT2/Batch 7 UNTSEL,Prio September,NY Go Live,0,Y,y,20 Branch,#N/A,05. Go Live,Ready,,,,,,,,,,#N/A,,,,
12670650,S2EX25-BJM-FBL-073,8,  -   ,1398250,"174781,25",AREA 4,KALIMANTAN,BANJARMASIN,PT2,Telkom Akses,207,19. PT2/Batch 7 UNTSEL,Prio September,NY Go Live,0,Y,y,20 Branch,#N/A,05. Go Live,Ready,,,,,,,,,,#N/A,,,,
12666324,SOEX25-BJM-FBB-078,8,  -   ,671863,83.982.875,AREA 4,KALIMANTAN,BANJARMASIN,PT2,Telkom Akses,208,19. PT2/Batch 7 UNTSEL,Prio September,NY Go Live,0,Y,y,20 Branch,#N/A,05. Go Live,Ready,,,,,,,,,,#N/A,,,,
12666313,SOEX25-BJM-FBB-074,8,  -   ,671863,83.982.875,AREA 4,KALIMANTAN,BANJARMASIN,PT2,Telkom Akses,209,19. PT2/Batch 7 UNTSEL,Prio September,NY Go Live,0,Y,y,20 Branch,#N/A,05. Go Live,Ready,,,,,,,,,,#N/A,,,,
12666293,SOEX25-BJM-FBB-064,8,  -   ,671863,83.982.875,AREA 4,KALIMANTAN,BANJARMASIN,PT2,Telkom Akses,210,19. PT2/Batch 7 UNTSEL,Prio September,NY Go Live,0,Y,y,20 Branch,#N/A,05. Go Live,Ready,,,,,,,,,,#N/A,,,,
12666285,SOEX25-BJM-FBB-090,8,  -   ,671863,83.982.875,AREA 4,KALIMANTAN,BANJARMASIN,PT2,Telkom Akses,211,19. PT2/Batch 7 UNTSEL,Prio September,NY Go Live,0,Y,y,20 Branch,#N/A,05. Go Live,Ready,,,,,,,,,,#N/A,,,,
12666232,SOEX25-BJM-FBL-178,8,  -   ,671863,83.982.875,AREA 4,KALIMANTAN,BANJARMASIN,PT2,Telkom Akses,212,19. PT2/Batch 7 UNTSEL,Prio September,NY Go Live,0,Y,y,20 Branch,#N/A,05. Go Live,Ready,,,,,,,,,,#N/A,,,,
12670680,S2EX25-GMB-FF-086,8,  -   ,1398250,"174781,25",AREA 4,KALIMANTAN,BANJARMASIN,PT2,Telkom Akses,220,19. PT2/Batch 7 UNTSEL,Prio September,NY Go Live,0,Y,y,20 Branch,#N/A,05. Go Live,Ready,,,,,,,,,,#N/A,,,,
12670633,S2EX25-GMB-FF-168 REG,8,  -   ,1398250,"174781,25",AREA 4,KALIMANTAN,BANJARMASIN,PT2,Telkom Akses,221,19. PT2/Batch 7 UNTSEL,Prio September,NY Go Live,0,Y,y,20 Branch,#N/A,05. Go Live,Ready,,,,,,,,,,#N/A,,,,
12664751,SOEX25-LUL-FAU-038 REG,8,  -   ,671863,83.982.875,AREA 4,KALIMANTAN,BANJARMASIN,PT2,Telkom Akses,246,19. PT2/Batch 7 UNTSEL,Prio September,NY Go Live,0,Y,y,20 Branch,#N/A,05. Go Live,Ready,,,,,,,,,,#N/A,,,,
12912033,SOEX26-MTP-FM-095,8,  -   ,671863,83.982.875,AREA 4,KALIMANTAN,BANJARMASIN,PT2,Telkom Akses,290,19. PT2/Batch 7 UNTSEL,Prio September,NY Go Live,0,Y,y,20 Branch,#N/A,05. Go Live,Ready,,,,,,,,,,#N/A,,,,
12664890,S2EX25-ULI-FAX-087,8,  -   ,1398250,"174781,25",AREA 4,KALIMANTAN,BANJARMASIN,PT2,Telkom Akses,293,19. PT2/Batch 7 UNTSEL,Prio September,NY Go Live,0,Y,y,20 Branch,#N/A,05. Go Live,Ready,,,,,,,,,,#N/A,,,,
12664875,S2EX25-ULI-FBY-016,8,  -   ,1398250,"174781,25",AREA 4,KALIMANTAN,BANJARMASIN,PT2,Telkom Akses,294,19. PT2/Batch 7 UNTSEL,Prio September,NY Go Live,0,Y,y,20 Branch,#N/A,05. Go Live,Ready,,,,,,,,,,#N/A,,,,
12664869,S2EX25-ULI-FAZ-025,8,  -   ,1398250,"174781,25",AREA 4,KALIMANTAN,BANJARMASIN,PT2,Telkom Akses,295,19. PT2/Batch 7 UNTSEL,Prio September,NY Go Live,0,Y,y,20 Branch,#N/A,05. Go Live,Ready,,,,,,,,,,#N/A,,,,
12664862,S2EX25-ULI-FAZ-039,8,  -   ,1398250,"174781,25",AREA 4,KALIMANTAN,BANJARMASIN,PT2,Telkom Akses,296,19. PT2/Batch 7 UNTSEL,Prio September,NY Go Live,0,Y,y,20 Branch,#N/A,05. Go Live,Ready,,,,,,,,,,#N/A,,,,
12664851,S2EX25-ULI-FAZ-053,8,  -   ,1398250,"174781,25",AREA 4,KALIMANTAN,BANJARMASIN,PT2,Telkom Akses,297,19. PT2/Batch 7 UNTSEL,Prio September,NY Go Live,0,Y,y,20 Branch,#N/A,05. Go Live,Ready,,,,,,,,,,#N/A,,,,
12664845,S2EX25-ULI-FBY-026,8,  -   ,1398250,"174781,25",AREA 4,KALIMANTAN,BANJARMASIN,PT2,Telkom Akses,298,19. PT2/Batch 7 UNTSEL,Prio September,NY Go Live,0,Y,y,20 Branch,#N/A,05. Go Live,Ready,,,,,,,,,,#N/A,,,,
12664835,S2EX25-ULI-FAC-050,8,  -   ,1398250,"174781,25",AREA 4,KALIMANTAN,BANJARMASIN,PT2,Telkom Akses,299,19. PT2/Batch 7 UNTSEL,Prio September,NY Go Live,0,Y,y,20 Branch,#N/A,05. Go Live,Ready,,,,,,,,,,#N/A,,,,
12664825,S2EX25-ULI-FAU-010,8,  -   ,1398250,"174781,25",AREA 4,KALIMANTAN,BANJARMASIN,PT2,Telkom Akses,300,19. PT2/Batch 7 UNTSEL,Prio September,NY Go Live,0,Y,y,20 Branch,#N/A,05. Go Live,Ready,,,,,,,,,,#N/A,,,,
12664816,S2EX25-ULI-FAZ-070,8,  -   ,1398250,"174781,25",AREA 4,KALIMANTAN,BANJARMASIN,PT2,Telkom Akses,301,19. PT2/Batch 7 UNTSEL,Prio September,NY Go Live,0,Y,y,20 Branch,#N/A,05. Go Live,Ready,,,,,,,,,,#N/A,,,,
13069056,SOEX26-EXP-ODP-STI-FW 005 CL,8,  -   ,610903,76.362.875,AREA 4,KALIMANTAN,BANJARMASIN,PT2,Telkom Akses,603,19. PT2/Batch 7 UNTSEL,Prio September,NY Go Live,0,Y,y,20 Branch,#N/A,01. Persiapan,Ready,,,,,,,,,,#N/A,,,,
12912050,S2EX26-BLC-FAB-003,8,  -   ,1398250,"174781,25",AREA 4,KALIMANTAN,BANJARMASIN,PT2,Telkom Akses,604,19. PT2/Batch 7 UNTSEL,Prio September,NY Go Live,0,Y,y,20 Branch,#N/A,05. Go Live,Ready,,,,,,,,,,#N/A,,,,
12670712,SOEX25-KPL-FAA-149,8,  -   ,671863,83.982.875,AREA 4,KALIMANTAN,BANJARMASIN,PT2,Telkom Akses,605,19. PT2/Batch 7 UNTSEL,Prio September,NY Go Live,0,Y,y,20 Branch,#N/A,05. Go Live,Ready,,,,,,,,,,#N/A,,,,
12670709,SOEX25-KPL-FAA-145,8,  -   ,671863,83.982.875,AREA 4,KALIMANTAN,BANJARMASIN,PT2,Telkom Akses,606,19. PT2/Batch 7 UNTSEL,Prio September,NY Go Live,0,Y,y,20 Branch,#N/A,05. Go Live,Ready,,,,,,,,,,#N/A,,,,
12670706,SOEX25-KPL-FAA-133,8,  -   ,671863,83.982.875,AREA 4,KALIMANTAN,BANJARMASIN,PT2,Telkom Akses,607,19. PT2/Batch 7 UNTSEL,Prio September,NY Go Live,0,Y,y,20 Branch,#N/A,05. Go Live,Ready,,,,,,,,,,#N/A,,,,
12670699,SOEX25-KPL-FAA-124,8,  -   ,671863,83.982.875,AREA 4,KALIMANTAN,BANJARMASIN,PT2,Telkom Akses,608,19. PT2/Batch 7 UNTSEL,Prio September,NY Go Live,0,Y,y,20 Branch,#N/A,05. Go Live,Ready,,,,,,,,,,#N/A,,,,
12670692,SOEX25-KPL-FX-194,8,  -   ,671863,83.982.875,AREA 4,KALIMANTAN,BANJARMASIN,PT2,Telkom Akses,609,19. PT2/Batch 7 UNTSEL,Prio September,NY Go Live,0,Y,y,20 Branch,#N/A,05. Go Live,Ready,,,,,,,,,,#N/A,,,,
12670641,S2EX25-BLC-FK-077,8,  -   ,1398250,"174781,25",AREA 4,KALIMANTAN,BANJARMASIN,PT2,Telkom Akses,610,19. PT2/Batch 7 UNTSEL,Prio September,NY Go Live,0,Y,y,20 Branch,#N/A,05. Go Live,Ready,,,,,,,,,,#N/A,,,,
12664884,S2EX25-BLC-FH-101,8,  -   ,1398250,"174781,25",AREA 4,KALIMANTAN,BANJARMASIN,PT2,Telkom Akses,611,19. PT2/Batch 7 UNTSEL,Prio September,NY Go Live,0,Y,y,20 Branch,#N/A,05. Go Live,Ready,,,,,,,,,,#N/A,,,,
13234106,ODP-PLE-FE/070,8,  -   ,865630,"108203,75",AREA 4,KALIMANTAN,BANJARMASIN,PT2,Telkom Akses,39,20. PT2/Batch 7 thp 2,Prio September,NY Go Live,0,Y,y,20 Branch,#N/A,01. Persiapan,Ready,,,,,,,,,,#N/A,,,,
13238289,ODP-PLE-FZ/058,8,  -   ,865630,"108203,75",AREA 4,KALIMANTAN,BANJARMASIN,PT2,Telkom Akses,40,20. PT2/Batch 7 thp 2,Prio September,NY Go Live,0,Y,y,20 Branch,#N/A,00. Propose Drop,Ready,,,,,"Irisan Cleansing Port 2,3 Jt",,,,,#N/A,,,,
13238295,ODP-PLE-FZ/059,8,  -   ,865630,"108203,75",AREA 4,KALIMANTAN,BANJARMASIN,PT2,Telkom Akses,41,20. PT2/Batch 7 thp 2,Prio September,NY Go Live,0,Y,y,20 Branch,#N/A,00. Propose Drop,Ready,,,,,"Irisan Cleansing Port 2,3 Jt",,,,,#N/A,,,,
13246793,ODP-PLE-FZ/057,8,  -   ,865630,"108203,75",AREA 4,KALIMANTAN,BANJARMASIN,PT2,Telkom Akses,42,20. PT2/Batch 7 thp 2,Prio September,NY Go Live,0,Y,y,20 Branch,#N/A,00. Propose Drop,Ready,,,,,"Irisan Cleansing Port 2,3 Jt",,,,,#N/A,,,,
13234908,ODP-PLE-FV/104,8,  -   ,865630,"108203,75",AREA 4,KALIMANTAN,BANJARMASIN,PT2,Telkom Akses,43,20. PT2/Batch 7 thp 2,Prio September,NY Go Live,0,Y,y,20 Branch,#N/A,00. Propose Drop,Ready,,,,,"Irisan Cleansing Port 2,3 Jt",,,,,#N/A,,,,
13246785,ODP-PLE-FZ/046,8,  -   ,865630,"108203,75",AREA 4,KALIMANTAN,BANJARMASIN,PT2,Telkom Akses,44,20. PT2/Batch 7 thp 2,Prio September,NY Go Live,0,Y,y,20 Branch,#N/A,00. Propose Drop,Ready,,,,,"Irisan Cleansing Port 2,3 Jt",,,,,#N/A,,,,
13246784,ODP-PLE-FZ/045,8,  -   ,865630,"108203,75",AREA 4,KALIMANTAN,BANJARMASIN,PT2,Telkom Akses,45,20. PT2/Batch 7 thp 2,Prio September,NY Go Live,0,Y,y,20 Branch,#N/A,00. Propose Drop,Ready,,,,,"Irisan Cleansing Port 2,3 Jt",,,,,#N/A,,,,
13241884,ODP-PLE-FP/055,8,  -   ,865630,"108203,75",AREA 4,KALIMANTAN,BANJARMASIN,PT2,Telkom Akses,46,20. PT2/Batch 7 thp 2,Prio September,NY Go Live,0,Y,y,20 Branch,#N/A,00. Propose Drop,Ready,,,,,"Irisan Cleansing Port 2,3 Jt",,,,,#N/A,,,,
13234691,ODP-PLE-FV/056,8,  -   ,865630,"108203,75",AREA 4,KALIMANTAN,BANJARMASIN,PT2,Telkom Akses,48,20. PT2/Batch 7 thp 2,Prio September,NY Go Live,0,Y,y,20 Branch,#N/A,00. Propose Drop,Ready,,,,,"Irisan Cleansing Port 2,3 Jt",,,,,#N/A,,,,
13238237,ODP-PLE-FJ/076,8,  -   ,865630,"108203,75",AREA 4,KALIMANTAN,BANJARMASIN,PT2,Telkom Akses,49,20. PT2/Batch 7 thp 2,Prio September,NY Go Live,0,Y,y,20 Branch,#N/A,00. Propose Drop,Ready,,,,,"Irisan Cleansing Port 2,3 Jt",,,,,#N/A,,,,
13238231,ODP-PLE-FZ/020,8,  -   ,865630,"108203,75",AREA 4,KALIMANTAN,BANJARMASIN,PT2,Telkom Akses,51,20. PT2/Batch 7 thp 2,Prio September,NY Go Live,0,Y,y,20 Branch,#N/A,00. Propose Drop,Ready,,,,,"Irisan Cleansing Port 2,3 Jt",,,,,#N/A,,,,
13235088,ODP-PLE-FZ/006,8,  -   ,865630,"108203,75",AREA 4,KALIMANTAN,BANJARMASIN,PT2,Telkom Akses,52,20. PT2/Batch 7 thp 2,Prio September,NY Go Live,0,Y,y,20 Branch,#N/A,00. Propose Drop,Ready,,,,,"Irisan Cleansing Port 2,3 Jt",,,,,#N/A,,,,
13238228,ODP-PLE-FZ/011,8,  -   ,865630,"108203,75",AREA 4,KALIMANTAN,BANJARMASIN,PT2,Telkom Akses,53,20. PT2/Batch 7 thp 2,Prio September,NY Go Live,0,Y,y,20 Branch,#N/A,00. Propose Drop,Ready,,,,,"Irisan Cleansing Port 2,3 Jt",,,,,#N/A,,,,
13241867,ODP-PLE-FN/182,8,  -   ,865630,"108203,75",AREA 4,KALIMANTAN,BANJARMASIN,PT2,Telkom Akses,54,20. PT2/Batch 7 thp 2,Prio September,NY Go Live,0,Y,y,20 Branch,#N/A,00. Propose Drop,Ready,,,,,"Irisan Cleansing Port 2,3 Jt",,,,,#N/A,,,,
13246846,ODP-PLE-FT/025,8,  -   ,2356500,"294562,5",AREA 4,KALIMANTAN,BANJARMASIN,PT2,Telkom Akses,58,20. PT2/Batch 7 thp 2,Prio September,NY Go Live,0,Y,y,20 Branch,#N/A,00. Propose Drop,Ready,,,,,"Irisan Cleansing Port 2,3 Jt",,,,,#N/A,,,,
13241855,ODP-PLE-FN/125,8,  -   ,865630,"108203,75",AREA 4,KALIMANTAN,BANJARMASIN,PT2,Telkom Akses,60,20. PT2/Batch 7 thp 2,Prio September,NY Go Live,0,Y,y,20 Branch,#N/A,01. Persiapan,Ready,,,,,,,,,,#N/A,,,,
13246813,ODP-PLE-FL/016,8,  -   ,2356500,"294562,5",AREA 4,KALIMANTAN,BANJARMASIN,PT2,Telkom Akses,62,20. PT2/Batch 7 thp 2,Prio September,NY Go Live,0,Y,y,20 Branch,#N/A,00. Propose Drop,Ready,,,,,"Irisan Cleansing Port 2,3 Jt",,,,,#N/A,,,,
13246920,ODP-PLE-FU/004,8,  -   ,2356500,"294562,5",AREA 4,KALIMANTAN,BANJARMASIN,PT2,Telkom Akses,63,20. PT2/Batch 7 thp 2,Prio September,NY Go Live,0,Y,y,20 Branch,#N/A,00. Propose Drop,Ready,,,,,"Irisan Cleansing Port 2,3 Jt",,,,,#N/A,,,,
13246799,ODP-PLE-FL/005,8,  -   ,2356500,"294562,5",AREA 4,KALIMANTAN,BANJARMASIN,PT2,Telkom Akses,68,20. PT2/Batch 7 thp 2,Prio September,NY Go Live,0,Y,y,20 Branch,#N/A,00. Propose Drop,Ready,,,,,"Irisan Cleansing Port 2,3 Jt",,,,,#N/A,,,,
13246801,ODP-PLE-FL/009,8,  -   ,2356500,"294562,5",AREA 4,KALIMANTAN,BANJARMASIN,PT2,Telkom Akses,69,20. PT2/Batch 7 thp 2,Prio September,NY Go Live,0,Y,y,20 Branch,#N/A,00. Propose Drop,Ready,,,,,"Irisan Cleansing Port 2,3 Jt",,,,,#N/A,,,,
13241759,ODP-PLE-FXA/065,8,  -   ,2356500,"294562,5",AREA 4,KALIMANTAN,BANJARMASIN,PT2,Telkom Akses,70,20. PT2/Batch 7 thp 2,Prio September,NY Go Live,0,Y,y,20 Branch,#N/A,00. Propose Drop,Ready,,,,,"Irisan Cleansing Port 2,3 Jt",,,,,#N/A,,,,
13241758,ODP-PLE-FXA/064,8,  -   ,2356500,"294562,5",AREA 4,KALIMANTAN,BANJARMASIN,PT2,Telkom Akses,71,20. PT2/Batch 7 thp 2,Prio September,NY Go Live,0,Y,y,20 Branch,#N/A,00. Propose Drop,Ready,,,,,"Irisan Cleansing Port 2,3 Jt",,,,,#N/A,,,,
13234567,ODP-PLE-FJ/042,8,  -   ,2356500,"294562,5",AREA 4,KALIMANTAN,BANJARMASIN,PT2,Telkom Akses,72,20. PT2/Batch 7 thp 2,Prio September,NY Go Live,0,Y,y,20 Branch,#N/A,00. Propose Drop,Ready,,,,,"Irisan Cleansing Port 2,3 Jt",,,,,#N/A,,,,
13241757,ODP-PLE-FXA/023,8,  -   ,2356500,"294562,5",AREA 4,KALIMANTAN,BANJARMASIN,PT2,Telkom Akses,75,20. PT2/Batch 7 thp 2,Prio September,NY Go Live,0,Y,y,20 Branch,#N/A,00. Propose Drop,Ready,,,,,"Irisan Cleansing Port 2,3 Jt",,,,,#N/A,,,,
13242904,ODP-PLE-FK/027,8,  -   ,2356500,"294562,5",AREA 4,KALIMANTAN,BANJARMASIN,PT2,Telkom Akses,76,20. PT2/Batch 7 thp 2,Prio September,NY Go Live,0,Y,y,20 Branch,#N/A,00. Propose Drop,Ready,,,,,"Irisan Cleansing Port 2,3 Jt",,,,,#N/A,,,,
13234764,ODP-PLE-FV/079,8,  -   ,865630,"108203,75",AREA 4,KALIMANTAN,BANJARMASIN,PT2,Telkom Akses,77,20. PT2/Batch 7 thp 2,Prio September,NY Go Live,0,Y,y,20 Branch,#N/A,00. Propose Drop,Ready,,,,,"Irisan Cleansing Port 2,3 Jt",,,,,#N/A,,,,
13238271,ODP-PLE-FZ/040,8,  -   ,865630,"108203,75",AREA 4,KALIMANTAN,BANJARMASIN,PT2,Telkom Akses,78,20. PT2/Batch 7 thp 2,Prio September,NY Go Live,0,Y,y,20 Branch,#N/A,00. Propose Drop,Ready,,,,,"Irisan Cleansing Port 2,3 Jt",,,,,#N/A,,,,
13241908,ODP-PLE-FU/040,8,  -   ,865630,"108203,75",AREA 4,KALIMANTAN,BANJARMASIN,PT2,Telkom Akses,79,20. PT2/Batch 7 thp 2,Prio September,NY Go Live,0,Y,y,20 Branch,#N/A,00. Propose Drop,Ready,,,,,"Irisan Cleansing Port 2,3 Jt",,,,,#N/A,,,,
13235103,ODP-PLE-FZ/007,8,  -   ,865630,"108203,75",AREA 4,KALIMANTAN,BANJARMASIN,PT2,Telkom Akses,80,20. PT2/Batch 7 thp 2,Prio September,NY Go Live,0,Y,y,20 Branch,#N/A,01. Persiapan,Ready,,,,,,,,,,#N/A,,,,
13238365,ODP-PLE-FL/021,8,  -   ,865630,"108203,75",AREA 4,KALIMANTAN,BANJARMASIN,PT2,Telkom Akses,82,20. PT2/Batch 7 thp 2,Prio September,NY Go Live,0,Y,y,20 Branch,#N/A,00. Propose Drop,Ready,,,,,"Irisan Cleansing Port 2,3 Jt",,,,,#N/A,,,,
13247402,ODP-PLE-FA/038,8,  -   ,2356500,"294562,5",AREA 4,KALIMANTAN,BANJARMASIN,PT2,Telkom Akses,83,20. PT2/Batch 7 thp 2,Prio September,NY Go Live,0,Y,y,20 Branch,#N/A,00. Propose Drop,Ready,,,,,"Irisan Cleansing Port 2,3 Jt",,,,,#N/A,,,,
13238300,ODP-PLE-FZ/062,8,  -   ,865630,"108203,75",AREA 4,KALIMANTAN,BANJARMASIN,PT2,Telkom Akses,86,20. PT2/Batch 7 thp 2,Prio September,NY Go Live,0,Y,y,20 Branch,#N/A,00. Propose Drop,Ready,,,,,"Irisan Cleansing Port 2,3 Jt",,,,,#N/A,,,,
13246792,ODP-PLE-FZ/055,8,  -   ,865630,"108203,75",AREA 4,KALIMANTAN,BANJARMASIN,PT2,Telkom Akses,88,20. PT2/Batch 7 thp 2,Prio September,NY Go Live,0,Y,y,20 Branch,#N/A,00. Propose Drop,Ready,,,,,"Irisan Cleansing Port 2,3 Jt",,,,,#N/A,,,,
13238280,ODP-PLE-FZ/056,8,  -   ,865630,"108203,75",AREA 4,KALIMANTAN,BANJARMASIN,PT2,Telkom Akses,90,20. PT2/Batch 7 thp 2,Prio September,NY Go Live,0,Y,y,20 Branch,#N/A,00. Propose Drop,Ready,,,,,"Irisan Cleansing Port 2,3 Jt",,,,,#N/A,,,,
13238296,ODP-PLE-FZ/061,8,  -   ,865630,"108203,75",AREA 4,KALIMANTAN,BANJARMASIN,PT2,Telkom Akses,91,20. PT2/Batch 7 thp 2,Prio September,NY Go Live,0,Y,y,20 Branch,#N/A,01. Persiapan,Ready,,,,,,,,,,#N/A,,,,
13234800,ODP-PLE-FV/095,8,  -   ,865630,"108203,75",AREA 4,KALIMANTAN,BANJARMASIN,PT2,Telkom Akses,95,20. PT2/Batch 7 thp 2,Prio September,NY Go Live,0,Y,y,20 Branch,#N/A,00. Propose Drop,Ready,,,,,"Irisan Cleansing Port 2,3 Jt",,,,,#N/A,,,,
13241752,ODP-PLE-FV/063,8,  -   ,2356500,"294562,5",AREA 4,KALIMANTAN,BANJARMASIN,PT2,Telkom Akses,98,20. PT2/Batch 7 thp 2,Prio September,NY Go Live,0,Y,y,20 Branch,#N/A,00. Propose Drop,Ready,,,,,"Irisan Cleansing Port 2,3 Jt",,,,,#N/A,,,,
13241749,ODP-PLE-FV/058,8,  -   ,2356500,"294562,5",AREA 4,KALIMANTAN,BANJARMASIN,PT2,Telkom Akses,99,20. PT2/Batch 7 thp 2,Prio September,NY Go Live,0,Y,y,20 Branch,#N/A,00. Propose Drop,Ready,,,,,"Irisan Cleansing Port 2,3 Jt",,,,,#N/A,,,,
13241914,ODP-PLE-FU/041,8,  -   ,865630,"108203,75",AREA 4,KALIMANTAN,BANJARMASIN,PT2,Telkom Akses,100,20. PT2/Batch 7 thp 2,Prio September,NY Go Live,0,Y,y,20 Branch,#N/A,00. Propose Drop,Ready,,,,,"Irisan Cleansing Port 2,3 Jt",,,,,#N/A,,,,
13241922,ODP-PLE-FU/043,8,  -   ,865630,"108203,75",AREA 4,KALIMANTAN,BANJARMASIN,PT2,Telkom Akses,101,20. PT2/Batch 7 thp 2,Prio September,NY Go Live,0,Y,y,20 Branch,#N/A,00. Propose Drop,Ready,,,,,"Irisan Cleansing Port 2,3 Jt",,,,,#N/A,,,,
13246779,ODP-PLE-FZ/001,8,  -   ,865630,"108203,75",AREA 4,KALIMANTAN,BANJARMASIN,PT2,Telkom Akses,105,20. PT2/Batch 7 thp 2,Prio September,NY Go Live,0,Y,y,20 Branch,#N/A,00. Propose Drop,Ready,,,,,"Irisan Cleansing Port 2,3 Jt",,,,,#N/A,,,,
13235084,ODP-PLE-FZ/005,8,  -   ,865630,"108203,75",AREA 4,KALIMANTAN,BANJARMASIN,PT2,Telkom Akses,106,20. PT2/Batch 7 thp 2,Prio September,NY Go Live,0,Y,y,20 Branch,#N/A,00. Propose Drop,Ready,,,,,"Irisan Cleansing Port 2,3 Jt",,,,,#N/A,,,,
13241948,ODP-PLE-FV/045,8,  -   ,865630,"108203,75",AREA 4,KALIMANTAN,BANJARMASIN,PT2,Telkom Akses,108,20. PT2/Batch 7 thp 2,Prio September,NY Go Live,0,Y,y,20 Branch,#N/A,01. Persiapan,Ready,,,,,,,,,,#N/A,,,,
13247183,ODP-PLE-FV/031,8,  -   ,2356500,"294562,5",AREA 4,KALIMANTAN,BANJARMASIN,PT2,Telkom Akses,109,20. PT2/Batch 7 thp 2,Prio September,NY Go Live,0,Y,y,20 Branch,#N/A,00. Propose Drop,Ready,,,,,"Irisan Cleansing Port 2,3 Jt",,,,,#N/A,,,,
13247171,ODP-PLE-FV/030,8,  -   ,2356500,"294562,5",AREA 4,KALIMANTAN,BANJARMASIN,PT2,Telkom Akses,110,20. PT2/Batch 7 thp 2,Prio September,NY Go Live,0,Y,y,20 Branch,#N/A,00. Propose Drop,Ready,,,,,"Irisan Cleansing Port 2,3 Jt",,,,,#N/A,,,,
13238285,ODP-PLE-FK/109,8,  -   ,865630,"108203,75",AREA 4,KALIMANTAN,BANJARMASIN,PT2,Telkom Akses,111,20. PT2/Batch 7 thp 2,Prio September,NY Go Live,0,Y,y,20 Branch,#N/A,00. Propose Drop,Ready,,,,,"Irisan Cleansing Port 2,3 Jt",,,,,#N/A,,,,
13234386,ODP-PLE-FH/048,8,  -   ,865630,"108203,75",AREA 4,KALIMANTAN,BANJARMASIN,PT2,Telkom Akses,113,20. PT2/Batch 7 thp 2,Prio September,NY Go Live,0,Y,y,20 Branch,#N/A,01. Persiapan,Ready,,,,,,,,,,#N/A,,,,
13247153,ODP-PLE-FV/025,8,  -   ,2356500,"294562,5",AREA 4,KALIMANTAN,BANJARMASIN,PT2,Telkom Akses,114,20. PT2/Batch 7 thp 2,Prio September,NY Go Live,0,Y,y,20 Branch,#N/A,01. Persiapan,Ready,,,,,,,,,,#N/A,,,,
13234473,ODP-PLE-FH/022,8,  -   ,2356500,"294562,5",AREA 4,KALIMANTAN,BANJARMASIN,PT2,Telkom Akses,116,20. PT2/Batch 7 thp 2,Prio September,NY Go Live,0,Y,y,20 Branch,#N/A,00. Propose Drop,Ready,,,,,"Irisan Cleansing Port 2,3 Jt",,,,,#N/A,,,,
13238332,ODP-PLE-FL/018,8,  -   ,865630,"108203,75",AREA 4,KALIMANTAN,BANJARMASIN,PT2,Telkom Akses,118,20. PT2/Batch 7 thp 2,Prio September,NY Go Live,0,Y,y,20 Branch,#N/A,01. Persiapan,Ready,,,,,,,,,,#N/A,,,,
13238501,ODP-PLE-FN/122,8,  -   ,865630,"108203,75",AREA 4,KALIMANTAN,BANJARMASIN,PT2,Telkom Akses,119,20. PT2/Batch 7 thp 2,Prio September,NY Go Live,0,Y,y,20 Branch,#N/A,01. Persiapan,Ready,,,,,,,,,,#N/A,,,,
13241990,ODP-PLE-FJ/054,8,  -   ,2356500,"294562,5",AREA 4,KALIMANTAN,BANJARMASIN,PT2,Telkom Akses,122,20. PT2/Batch 7 thp 2,Prio September,NY Go Live,0,Y,y,20 Branch,#N/A,00. Propose Drop,Ready,,,,,"Irisan Cleansing Port 2,3 Jt",,,,,#N/A,,,,
13242839,ODP-PLE-FJ/055,8,  -   ,2356500,"294562,5",AREA 4,KALIMANTAN,BANJARMASIN,PT2,Telkom Akses,123,20. PT2/Batch 7 thp 2,Prio September,NY Go Live,0,Y,y,20 Branch,#N/A,00. Propose Drop,Ready,,,,,"Irisan Cleansing Port 2,3 Jt",,,,,#N/A,,,,
13246902,ODP-PLE-FU/002,8,  -   ,2356500,"294562,5",AREA 4,KALIMANTAN,BANJARMASIN,PT2,Telkom Akses,124,20. PT2/Batch 7 thp 2,Prio September,NY Go Live,0,Y,y,20 Branch,#N/A,00. Propose Drop,Ready,,,,,"Irisan Cleansing Port 2,3 Jt",,,,,#N/A,,,,
13246862,ODP-PLE-FU/001,8,  -   ,2356500,"294562,5",AREA 4,KALIMANTAN,BANJARMASIN,PT2,Telkom Akses,125,20. PT2/Batch 7 thp 2,Prio September,NY Go Live,0,Y,y,20 Branch,#N/A,01. Persiapan,Ready,,,,,,,,,,#N/A,,,,
13241773,ODP-PLE-FXA/086,8,  -   ,2356500,"294562,5",AREA 4,KALIMANTAN,BANJARMASIN,PT2,Telkom Akses,127,20. PT2/Batch 7 thp 2,Prio September,NY Go Live,0,Y,y,20 Branch,#N/A,00. Propose Drop,Ready,,,,,"Irisan Cleansing Port 2,3 Jt",,,,,#N/A,,,,
13241761,ODP-PLE-FXA/070,8,  -   ,2356500,"294562,5",AREA 4,KALIMANTAN,BANJARMASIN,PT2,Telkom Akses,129,20. PT2/Batch 7 thp 2,Prio September,NY Go Live,0,Y,y,20 Branch,#N/A,00. Propose Drop,Ready,,,,,"Irisan Cleansing Port 2,3 Jt",,,,,#N/A,,,,
13234591,ODP-PLE-FJ/043,8,  -   ,2356500,"294562,5",AREA 4,KALIMANTAN,BANJARMASIN,PT2,Telkom Akses,130,20. PT2/Batch 7 thp 2,Prio September,NY Go Live,0,Y,y,20 Branch,#N/A,01. Persiapan,Ready,,,,,,,,,,#N/A,,,,
13236123,ODP-PLE-FJ/044,8,  -   ,2356500,"294562,5",AREA 4,KALIMANTAN,BANJARMASIN,PT2,Telkom Akses,131,20. PT2/Batch 7 thp 2,Prio September,NY Go Live,0,Y,y,20 Branch,#N/A,01. Persiapan,Ready,,,,,,,,,,#N/A,,,,
13241968,ODP-PLE-FJ/047,8,  -   ,2356500,"294562,5",AREA 4,KALIMANTAN,BANJARMASIN,PT2,Telkom Akses,132,20. PT2/Batch 7 thp 2,Prio September,NY Go Live,0,Y,y,20 Branch,#N/A,01. Persiapan,Ready,,,,,,,,,,#N/A,,,,
13247441,ODP-PLE-FE/037,8,  -   ,2356500,"294562,5",AREA 4,KALIMANTAN,BANJARMASIN,PT2,Telkom Akses,133,20. PT2/Batch 7 thp 2,Prio September,NY Go Live,0,Y,y,20 Branch,#N/A,00. Propose Drop,Ready,,,,,"Irisan Cleansing Port 2,3 Jt",,,,,#N/A,,,,
13234504,ODP-PLE-FJ/006,8,  -   ,2356500,"294562,5",AREA 4,KALIMANTAN,BANJARMASIN,PT2,Telkom Akses,134,20. PT2/Batch 7 thp 2,Prio September,NY Go Live,0,Y,y,20 Branch,#N/A,00. Propose Drop,Ready,,,,,"Irisan Cleansing Port 2,3 Jt",,,,,#N/A,,,,
13242921,ODP-PLE-FK/031,8,  -   ,2356500,"294562,5",AREA 4,KALIMANTAN,BANJARMASIN,PT2,Telkom Akses,135,20. PT2/Batch 7 thp 2,Prio September,NY Go Live,0,Y,y,20 Branch,#N/A,00. Propose Drop,Ready,,,,,"Irisan Cleansing Port 2,3 Jt",,,,,#N/A,,,,
13238292,ODP-TKI-FA/048,8,  -   ,865630,"108203,75",AREA 4,KALIMANTAN,BANJARMASIN,PT2,Telkom Akses,139,20. PT2/Batch 7 thp 2,Prio September,NY Go Live,0,Y,y,20 Branch,#N/A,00. Propose Drop,Ready,,,,,"Irisan Cleansing Port 2,3 Jt",,,,,#N/A,,,,
13235421,ODP-TKI-FB/003,8,  -   ,865630,"108203,75",AREA 4,KALIMANTAN,BANJARMASIN,PT2,Telkom Akses,144,20. PT2/Batch 7 thp 2,Prio September,NY Go Live,0,Y,y,20 Branch,#N/A,00. Propose Drop,Ready,,,,,"Irisan Cleansing Port 2,3 Jt",,,,,#N/A,,,,
13247444,ODP-TKI-FA/042,8,  -   ,2356500,"294562,5",AREA 4,KALIMANTAN,BANJARMASIN,PT2,Telkom Akses,147,20. PT2/Batch 7 thp 2,Prio September,NY Go Live,0,Y,y,20 Branch,#N/A,00. Propose Drop,Ready,,,,,"Irisan Cleansing Port 2,3 Jt",,,,,#N/A,,,,
13247400,ODP-TKI-FA/029,8,  -   ,2356500,"294562,5",AREA 4,KALIMANTAN,BANJARMASIN,PT2,Telkom Akses,148,20. PT2/Batch 7 thp 2,Prio September,NY Go Live,0,Y,y,20 Branch,#N/A,00. Propose Drop,Ready,,,,,"Irisan Cleansing Port 2,3 Jt",,,,,#N/A,,,,
13238991,ODP-BTB-FH/099,8,  -   ,865630,"108203,75",AREA 4,KALIMANTAN,BANJARMASIN,PT2,Telkom Akses,151,20. PT2/Batch 7 thp 2,Prio September,NY Go Live,0,Y,y,20 Branch,#N/A,00. Propose Drop,Ready,,,,,"Irisan Cleansing Port 2,3 Jt",,,,,#N/A,,,,
13238988,ODP-BTB-FH/077,8,  -   ,865630,"108203,75",AREA 4,KALIMANTAN,BANJARMASIN,PT2,Telkom Akses,153,20. PT2/Batch 7 thp 2,Prio September,NY Go Live,0,Y,y,20 Branch,#N/A,00. Propose Drop,Ready,,,,,"Irisan Cleansing Port 2,3 Jt",,,,,#N/A,,,,
13238887,ODP-BTB-FH/066,8,  -   ,865630,"108203,75",AREA 4,KALIMANTAN,BANJARMASIN,PT2,Telkom Akses,154,20. PT2/Batch 7 thp 2,Prio September,NY Go Live,0,Y,y,20 Branch,#N/A,00. Propose Drop,Ready,,,,,"Irisan Cleansing Port 2,3 Jt",,,,,#N/A,,,,
13238981,ODP-BTB-FH/067,8,  -   ,865630,"108203,75",AREA 4,KALIMANTAN,BANJARMASIN,PT2,Telkom Akses,155,20. PT2/Batch 7 thp 2,Prio September,NY Go Live,0,Y,y,20 Branch,#N/A,01. Persiapan,Ready,,,,,,,,,,#N/A,,,,
13247546,ODP-BTB-FH/049,8,  -   ,865630,"108203,75",AREA 4,KALIMANTAN,BANJARMASIN,PT2,Telkom Akses,156,20. PT2/Batch 7 thp 2,Prio September,NY Go Live,0,Y,y,20 Branch,#N/A,00. Propose Drop,Ready,,,,,"Irisan Cleansing Port 2,3 Jt",,,,,#N/A,,,,
13247574,ODP-BTB-FH/050,8,  -   ,865630,"108203,75",AREA 4,KALIMANTAN,BANJARMASIN,PT2,Telkom Akses,157,20. PT2/Batch 7 thp 2,Prio September,NY Go Live,0,Y,y,20 Branch,#N/A,00. Propose Drop,Ready,,,,,"Irisan Cleansing Port 2,3 Jt",,,,,#N/A,,,,
13247673,ODP-BTB-FE/031,8,  -   ,2356500,"294562,5",AREA 4,KALIMANTAN,BANJARMASIN,PT2,Telkom Akses,161,20. PT2/Batch 7 thp 2,Prio September,NY Go Live,0,Y,y,20 Branch,#N/A,00. Propose Drop,Ready,,,,,"Irisan Cleansing Port 2,3 Jt",,,,,#N/A,,,,
13238987,ODP-BTB-FH/071,8,  -   ,865630,"108203,75",AREA 4,KALIMANTAN,BANJARMASIN,PT2,Telkom Akses,164,20. PT2/Batch 7 thp 2,Prio September,NY Go Live,0,Y,y,20 Branch,#N/A,01. Persiapan,Ready,,,,,,,,,,#N/A,,,,
13247592,ODP-BTB-FH/058,8,  -   ,865630,"108203,75",AREA 4,KALIMANTAN,BANJARMASIN,PT2,Telkom Akses,165,20. PT2/Batch 7 thp 2,Prio September,NY Go Live,0,Y,y,20 Branch,#N/A,00. Propose Drop,Ready,,,,,"Irisan Cleansing Port 2,3 Jt",,,,,#N/A,,,,
13247605,ODP-BTB-FH/059,8,  -   ,865630,"108203,75",AREA 4,KALIMANTAN,BANJARMASIN,PT2,Telkom Akses,167,20. PT2/Batch 7 thp 2,Prio September,NY Go Live,0,Y,y,20 Branch,#N/A,00. Propose Drop,Ready,,,,,"Irisan Cleansing Port 2,3 Jt",,,,,#N/A,,,,
13247439,ODP-BTB-FD/029,8,  -   ,865630,"108203,75",AREA 4,KALIMANTAN,BANJARMASIN,PT2,Telkom Akses,169,20. PT2/Batch 7 thp 2,Prio September,NY Go Live,0,Y,y,20 Branch,#N/A,00. Propose Drop,Ready,,,,,"Irisan Cleansing Port 2,3 Jt",,,,,#N/A,,,,
13247955,ODP-BTB-FF/053,8,  -   ,865630,"108203,75",AREA 4,KALIMANTAN,BANJARMASIN,PT2,Telkom Akses,172,20. PT2/Batch 7 thp 2,Prio September,NY Go Live,0,Y,y,20 Branch,#N/A,00. Propose Drop,Ready,,,,,"Irisan Cleansing Port 2,3 Jt",,,,,#N/A,,,,
13242458,ODP-BBR-FBF/161,8,  -   ,865630,"108203,75",AREA 4,KALIMANTAN,BANJARMASIN,PT2,Telkom Akses,175,20. PT2/Batch 7 thp 2,Prio September,NY Go Live,0,Y,y,20 Branch,#N/A,01. Persiapan,Ready,,,,,,,,,,#N/A,,,,
13242481,ODP-BBR-FBL/068,8,  -   ,865630,"108203,75",AREA 4,KALIMANTAN,BANJARMASIN,PT2,Telkom Akses,177,20. PT2/Batch 7 thp 2,Prio September,NY Go Live,0,Y,y,20 Branch,#N/A,00. Propose Drop,Ready,,,,,"Irisan Cleansing Port 2,3 Jt",,,,,#N/A,,,,
13247127,ODP-BBR-FG/155,8,  -   ,865630,"108203,75",AREA 4,KALIMANTAN,BANJARMASIN,PT2,Telkom Akses,179,20. PT2/Batch 7 thp 2,Prio September,NY Go Live,0,Y,y,20 Branch,#N/A,01. Persiapan,Ready,,,,,,,,,,#N/A,,,,
13247199,ODP-BBR-FBF/019,8,  -   ,2356500,"294562,5",AREA 4,KALIMANTAN,BANJARMASIN,PT2,Telkom Akses,182,20. PT2/Batch 7 thp 2,Prio September,NY Go Live,0,Y,y,20 Branch,#N/A,01. Persiapan,Ready,,,,,,,,,,#N/A,,,,
13247192,ODP-BBR-FBF/011,8,  -   ,2356500,"294562,5",AREA 4,KALIMANTAN,BANJARMASIN,PT2,Telkom Akses,183,20. PT2/Batch 7 thp 2,Prio September,NY Go Live,0,Y,y,20 Branch,#N/A,00. Propose Drop,Ready,,,,,"Irisan Cleansing Port 2,3 Jt",,,,,#N/A,,,,
13247286,ODP-BBR-FY/070,8,  -   ,2356500,"294562,5",AREA 4,KALIMANTAN,BANJARMASIN,PT2,Telkom Akses,185,20. PT2/Batch 7 thp 2,Prio September,NY Go Live,0,Y,y,20 Branch,#N/A,01. Persiapan,Ready,,,,,,,,,,#N/A,,,,
13242516,ODP-BBR-FCC/008,8,  -   ,865630,"108203,75",AREA 4,KALIMANTAN,BANJARMASIN,PT2,Telkom Akses,189,20. PT2/Batch 7 thp 2,Prio September,NY Go Live,0,Y,y,20 Branch,#N/A,00. Propose Drop,Ready,,,,,"Irisan Cleansing Port 2,3 Jt",,,,,#N/A,,,,
13242495,ODP-BBR-FBS/155,8,  -   ,865630,"108203,75",AREA 4,KALIMANTAN,BANJARMASIN,PT2,Telkom Akses,190,20. PT2/Batch 7 thp 2,Prio September,NY Go Live,0,Y,y,20 Branch,#N/A,00. Propose Drop,Ready,,,,,"Irisan Cleansing Port 2,3 Jt",,,,,#N/A,,,,
13247124,ODP-BBR-FG/156,8,  -   ,865630,"108203,75",AREA 4,KALIMANTAN,BANJARMASIN,PT2,Telkom Akses,191,20. PT2/Batch 7 thp 2,Prio September,NY Go Live,0,Y,y,20 Branch,#N/A,00. Propose Drop,Ready,,,,,"Irisan Cleansing Port 2,3 Jt",,,,,#N/A,,,,
13247268,ODP-BBR-FBS/101,8,  -   ,2356500,"294562,5",AREA 4,KALIMANTAN,BANJARMASIN,PT2,Telkom Akses,192,20. PT2/Batch 7 thp 2,Prio September,NY Go Live,0,Y,y,20 Branch,#N/A,00. Propose Drop,Ready,,,,,"Irisan Cleansing Port 2,3 Jt",,,,,#N/A,,,,
13247244,ODP-BBR-FBF/072,8,  -   ,2356500,"294562,5",AREA 4,KALIMANTAN,BANJARMASIN,PT2,Telkom Akses,193,20. PT2/Batch 7 thp 2,Prio September,NY Go Live,0,Y,y,20 Branch,#N/A,00. Propose Drop,Ready,,,,,"Irisan Cleansing Port 2,3 Jt",,,,,#N/A,,,,
13247235,ODP-BBR-FBF/068,8,  -   ,2356500,"294562,5",AREA 4,KALIMANTAN,BANJARMASIN,PT2,Telkom Akses,194,20. PT2/Batch 7 thp 2,Prio September,NY Go Live,0,Y,y,20 Branch,#N/A,00. Propose Drop,Ready,,,,,"Irisan Cleansing Port 2,3 Jt",,,,,#N/A,,,,
13247228,ODP-BBR-FBF/065,8,  -   ,2356500,"294562,5",AREA 4,KALIMANTAN,BANJARMASIN,PT2,Telkom Akses,195,20. PT2/Batch 7 thp 2,Prio September,NY Go Live,0,Y,y,20 Branch,#N/A,00. Propose Drop,Ready,,,,,"Irisan Cleansing Port 2,3 Jt",,,,,#N/A,,,,
13247279,ODP-BBR-FM/021,8,  -   ,2356500,"294562,5",AREA 4,KALIMANTAN,BANJARMASIN,PT2,Telkom Akses,197,20. PT2/Batch 7 thp 2,Prio September,NY Go Live,0,Y,y,20 Branch,#N/A,01. Persiapan,Ready,,,,,,,,,,#N/A,,,,
13240323,ODP-GMB-FM/019,8,  -   ,865630,"108203,75",AREA 4,KALIMANTAN,BANJARMASIN,PT2,Telkom Akses,213,20. PT2/Batch 7 thp 2,Prio September,NY Go Live,0,Y,y,20 Branch,#N/A,01. Persiapan,Ready,,,,,,,,,,#N/A,,,,
13240329,ODP-GMB-FM/018,8,  -   ,865630,"108203,75",AREA 4,KALIMANTAN,BANJARMASIN,PT2,Telkom Akses,214,20. PT2/Batch 7 thp 2,Prio September,NY Go Live,0,Y,y,20 Branch,#N/A,00. Propose Drop,Ready,,,,,"Irisan Cleansing Port 2,3 Jt",,,,,#N/A,,,,
13240319,ODP-GMB-FK/075,8,  -   ,865630,"108203,75",AREA 4,KALIMANTAN,BANJARMASIN,PT2,Telkom Akses,215,20. PT2/Batch 7 thp 2,Prio September,NY Go Live,0,Y,y,20 Branch,#N/A,01. Persiapan,Ready,,,,,,,,,,#N/A,,,,
13239013,ODP-GMB-FK/074,8,  -   ,865630,"108203,75",AREA 4,KALIMANTAN,BANJARMASIN,PT2,Telkom Akses,216,20. PT2/Batch 7 thp 2,Prio September,NY Go Live,0,Y,y,20 Branch,#N/A,00. Propose Drop,Ready,,,,,"Irisan Cleansing Port 2,3 Jt",,,,,#N/A,,,,
13247077,ODP-KYG-FAB/053,8,  -   ,865630,"108203,75",AREA 4,KALIMANTAN,BANJARMASIN,PT2,Telkom Akses,230,20. PT2/Batch 7 thp 2,Prio September,NY Go Live,0,Y,y,20 Branch,#N/A,00. Propose Drop,Ready,,,,,"Irisan Cleansing Port 2,3 Jt",,,,,#N/A,,,,
13247072,ODP-LUL-FAP/038,8,  -   ,865630,"108203,75",AREA 4,KALIMANTAN,BANJARMASIN,PT2,Telkom Akses,233,20. PT2/Batch 7 thp 2,Prio September,NY Go Live,0,Y,y,20 Branch,#N/A,00. Propose Drop,Ready,,,,,"Irisan Cleansing Port 2,3 Jt",,,,,#N/A,,,,
13247031,ODP-LUL-FAG/109,8,  -   ,865630,"108203,75",AREA 4,KALIMANTAN,BANJARMASIN,PT2,Telkom Akses,235,20. PT2/Batch 7 thp 2,Prio September,NY Go Live,0,Y,y,20 Branch,#N/A,00. Propose Drop,Ready,,,,,"Irisan Cleansing Port 2,3 Jt",,,,,#N/A,,,,
13241774,ODP-LUL-FAJ/001,8,  -   ,2356500,"294562,5",AREA 4,KALIMANTAN,BANJARMASIN,PT2,Telkom Akses,237,20. PT2/Batch 7 thp 2,Prio September,NY Go Live,0,Y,y,20 Branch,#N/A,01. Persiapan,Ready,,,,,,,,,,#N/A,,,,
13238035,ODP-LUL-FAN/051,8,  -   ,2356500,"294562,5",AREA 4,KALIMANTAN,BANJARMASIN,PT2,Telkom Akses,241,20. PT2/Batch 7 thp 2,Prio September,NY Go Live,0,Y,y,20 Branch,#N/A,00. Propose Drop,Ready,,,,,"Irisan Cleansing Port 2,3 Jt",,,,,#N/A,,,,
13233953,ODP-LUL-FAH/036,8,  -   ,2356500,"294562,5",AREA 4,KALIMANTAN,BANJARMASIN,PT2,Telkom Akses,242,20. PT2/Batch 7 thp 2,Prio September,NY Go Live,0,Y,y,20 Branch,#N/A,00. Propose Drop,Ready,,,,,"Irisan Cleansing Port 2,3 Jt",,,,,#N/A,,,,
13233943,ODP-LUL-FAJ/014,8,  -   ,2356500,"294562,5",AREA 4,KALIMANTAN,BANJARMASIN,PT2,Telkom Akses,244,20. PT2/Batch 7 thp 2,Prio September,NY Go Live,0,Y,y,20 Branch,#N/A,01. Persiapan,Ready,,,,,,,,,,#N/A,,,,
13247065,ODP-MRB-FB/074,8,  -   ,865630,"108203,75",AREA 4,KALIMANTAN,BANJARMASIN,PT2,Telkom Akses,248,20. PT2/Batch 7 thp 2,Prio September,NY Go Live,0,Y,y,20 Branch,#N/A,00. Propose Drop,Ready,,,,,"Irisan Cleansing Port 2,3 Jt",,,,,#N/A,,,,
13246989,ODP-MRB-FC/042,8,  -   ,2356500,"294562,5",AREA 4,KALIMANTAN,BANJARMASIN,PT2,Telkom Akses,249,20. PT2/Batch 7 thp 2,Prio September,NY Go Live,0,Y,y,20 Branch,#N/A,00. Propose Drop,Ready,,,,,"Irisan Cleansing Port 2,3 Jt",,,,,#N/A,,,,
13241778,ODP-MRB-FD/045,8,  -   ,2356500,"294562,5",AREA 4,KALIMANTAN,BANJARMASIN,PT2,Telkom Akses,250,20. PT2/Batch 7 thp 2,Prio September,NY Go Live,0,Y,y,20 Branch,#N/A,00. Propose Drop,Ready,,,,,"Irisan Cleansing Port 2,3 Jt",,,,,#N/A,,,,
13238199,ODP-MTP-FW/006,8,  -   ,865630,"108203,75",AREA 4,KALIMANTAN,BANJARMASIN,PT2,Telkom Akses,252,20. PT2/Batch 7 thp 2,Prio September,NY Go Live,0,Y,y,20 Branch,#N/A,00. Propose Drop,Ready,,,,,"Irisan Cleansing Port 2,3 Jt",,,,,#N/A,,,,
13238187,ODP-MTP-FU/035,8,  -   ,865630,"108203,75",AREA 4,KALIMANTAN,BANJARMASIN,PT2,Telkom Akses,254,20. PT2/Batch 7 thp 2,Prio September,NY Go Live,0,Y,y,20 Branch,#N/A,00. Propose Drop,Ready,,,,,"Irisan Cleansing Port 2,3 Jt",,,,,#N/A,,,,
13238135,ODP-MTP-FU/027,8,  -   ,865630,"108203,75",AREA 4,KALIMANTAN,BANJARMASIN,PT2,Telkom Akses,256,20. PT2/Batch 7 thp 2,Prio September,NY Go Live,0,Y,y,20 Branch,#N/A,00. Propose Drop,Ready,,,,,"Irisan Cleansing Port 2,3 Jt",,,,,#N/A,,,,
13234636,ODP-MTP-FU/015,8,  -   ,865630,"108203,75",AREA 4,KALIMANTAN,BANJARMASIN,PT2,Telkom Akses,257,20. PT2/Batch 7 thp 2,Prio September,NY Go Live,0,Y,y,20 Branch,#N/A,01. Persiapan,Ready,,,,,,,,,,#N/A,,,,
13234485,ODP-MTP-FU/009,8,  -   ,865630,"108203,75",AREA 4,KALIMANTAN,BANJARMASIN,PT2,Telkom Akses,258,20. PT2/Batch 7 thp 2,Prio September,NY Go Live,0,Y,y,20 Branch,#N/A,00. Propose Drop,Ready,,,,,"Irisan Cleansing Port 2,3 Jt",,,,,#N/A,,,,
13238074,ODP-MTP-FU/020,8,  -   ,865630,"108203,75",AREA 4,KALIMANTAN,BANJARMASIN,PT2,Telkom Akses,260,20. PT2/Batch 7 thp 2,Prio September,NY Go Live,0,Y,y,20 Branch,#N/A,00. Propose Drop,Ready,,,,,"Irisan Cleansing Port 2,3 Jt",,,,,#N/A,,,,
13238110,ODP-MTP-FU/021,8,  -   ,865630,"108203,75",AREA 4,KALIMANTAN,BANJARMASIN,PT2,Telkom Akses,261,20. PT2/Batch 7 thp 2,Prio September,NY Go Live,0,Y,y,20 Branch,#N/A,00. Propose Drop,Ready,,,,,"Irisan Cleansing Port 2,3 Jt",,,,,#N/A,,,,
13234507,ODP-MTP-FU/010,8,  -   ,865630,"108203,75",AREA 4,KALIMANTAN,BANJARMASIN,PT2,Telkom Akses,262,20. PT2/Batch 7 thp 2,Prio September,NY Go Live,0,Y,y,20 Branch,#N/A,01. Persiapan,Ready,,,,,,,,,,#N/A,,,,
13247048,ODP-MTP-FN/071,8,  -   ,865630,"108203,75",AREA 4,KALIMANTAN,BANJARMASIN,PT2,Telkom Akses,263,20. PT2/Batch 7 thp 2,Prio September,NY Go Live,0,Y,y,20 Branch,#N/A,00. Propose Drop,Ready,,,,,"Irisan Cleansing Port 2,3 Jt",,,,,#N/A,,,,
13247001,ODP-MTP-FP/016,8,  -   ,2356500,"294562,5",AREA 4,KALIMANTAN,BANJARMASIN,PT2,Telkom Akses,266,20. PT2/Batch 7 thp 2,Prio September,NY Go Live,0,Y,y,20 Branch,#N/A,00. Propose Drop,Ready,,,,,"Irisan Cleansing Port 2,3 Jt",,,,,#N/A,,,,
13246999,ODP-MTP-FP/004,8,  -   ,2356500,"294562,5",AREA 4,KALIMANTAN,BANJARMASIN,PT2,Telkom Akses,267,20. PT2/Batch 7 thp 2,Prio September,NY Go Live,0,Y,y,20 Branch,#N/A,00. Propose Drop,Ready,,,,,"Irisan Cleansing Port 2,3 Jt",,,,,#N/A,,,,
13242869,ODP-MTP-FN/030,8,  -   ,2356500,"294562,5",AREA 4,KALIMANTAN,BANJARMASIN,PT2,Telkom Akses,271,20. PT2/Batch 7 thp 2,Prio September,NY Go Live,0,Y,y,20 Branch,#N/A,00. Propose Drop,Ready,,,,,"Irisan Cleansing Port 2,3 Jt",,,,,#N/A,,,,
13241824,ODP-MTP-FH/025,8,  -   ,2356500,"294562,5",AREA 4,KALIMANTAN,BANJARMASIN,PT2,Telkom Akses,273,20. PT2/Batch 7 thp 2,Prio September,NY Go Live,0,Y,y,20 Branch,#N/A,00. Propose Drop,Ready,,,,,"Irisan Cleansing Port 2,3 Jt",,,,,#N/A,,,,
13241782,ODP-MTP-FN/002,8,  -   ,2356500,"294562,5",AREA 4,KALIMANTAN,BANJARMASIN,PT2,Telkom Akses,274,20. PT2/Batch 7 thp 2,Prio September,NY Go Live,0,Y,y,20 Branch,#N/A,00. Propose Drop,Ready,,,,,"Irisan Cleansing Port 2,3 Jt",,,,,#N/A,,,,
13241764,ODP-MTP-FN/054,8,  -   ,2356500,"294562,5",AREA 4,KALIMANTAN,BANJARMASIN,PT2,Telkom Akses,276,20. PT2/Batch 7 thp 2,Prio September,NY Go Live,0,Y,y,20 Branch,#N/A,00. Propose Drop,Ready,,,,,"Irisan Cleansing Port 2,3 Jt",,,,,#N/A,,,,
13234606,ODP-MTP-FU/012,8,  -   ,865630,"108203,75",AREA 4,KALIMANTAN,BANJARMASIN,PT2,Telkom Akses,282,20. PT2/Batch 7 thp 2,Prio September,NY Go Live,0,Y,y,20 Branch,#N/A,01. Persiapan,Ready,,,,,,,,,,#N/A,,,,
13238154,ODP-MTP-FU/028,8,  -   ,865630,"108203,75",AREA 4,KALIMANTAN,BANJARMASIN,PT2,Telkom Akses,284,20. PT2/Batch 7 thp 2,Prio September,NY Go Live,0,Y,y,20 Branch,#N/A,00. Propose Drop,Ready,,,,,"Irisan Cleansing Port 2,3 Jt",,,,,#N/A,,,,
13238120,ODP-MTP-FU/022,8,  -   ,865630,"108203,75",AREA 4,KALIMANTAN,BANJARMASIN,PT2,Telkom Akses,285,20. PT2/Batch 7 thp 2,Prio September,NY Go Live,0,Y,y,20 Branch,#N/A,01. Persiapan,Ready,,,,,,,,,,#N/A,,,,
13241822,ODP-MTP-FP/062,8,  -   ,865630,"108203,75",AREA 4,KALIMANTAN,BANJARMASIN,PT2,Telkom Akses,286,20. PT2/Batch 7 thp 2,Prio September,NY Go Live,0,Y,y,20 Branch,#N/A,00. Propose Drop,Ready,,,,,"Irisan Cleansing Port 2,3 Jt",,,,,#N/A,,,,
13241811,ODP-MTP-FP/056,8,  -   ,865630,"108203,75",AREA 4,KALIMANTAN,BANJARMASIN,PT2,Telkom Akses,287,20. PT2/Batch 7 thp 2,Prio September,NY Go Live,0,Y,y,20 Branch,#N/A,00. Propose Drop,Ready,,,,,"Irisan Cleansing Port 2,3 Jt",,,,,#N/A,,,,
13233961,ODP-MTP-FN/005,8,  -   ,2356500,"294562,5",AREA 4,KALIMANTAN,BANJARMASIN,PT2,Telkom Akses,288,20. PT2/Batch 7 thp 2,Prio September,NY Go Live,0,Y,y,20 Branch,#N/A,00. Propose Drop,Ready,,,,,"Irisan Cleansing Port 2,3 Jt",,,,,#N/A,,,,
13233957,ODP-MTP-FK/051,8,  -   ,2356500,"294562,5",AREA 4,KALIMANTAN,BANJARMASIN,PT2,Telkom Akses,289,20. PT2/Batch 7 thp 2,Prio September,NY Go Live,0,Y,y,20 Branch,#N/A,01. Persiapan,Ready,,,,,,,,,,#N/A,,,,
13235608,ODP-ULI-FCL/022,8,  -   ,865630,"108203,75",AREA 4,KALIMANTAN,BANJARMASIN,PT2,Telkom Akses,291,20. PT2/Batch 7 thp 2,Prio September,NY Go Live,0,Y,y,20 Branch,#N/A,01. Persiapan,Ready,,,,,,,,,,#N/A,,,,
13247344,ODP-PGT-FG/012,8,  -   ,865630,"108203,75",AREA 4,KALIMANTAN,BANJARMASIN,PT2,Telkom Akses,378,20. PT2/Batch 7 thp 2,Prio September,NY Go Live,0,Y,y,20 Branch,#N/A,01. Persiapan,Ready,,,,,,,,,,#N/A,,,,
13241905,ODP-PGN-FC/129,8,  -   ,865630,"108203,75",AREA 4,KALIMANTAN,BANJARMASIN,PT2,Telkom Akses,381,20. PT2/Batch 7 thp 2,Prio September,NY Go Live,0,Y,y,20 Branch,#N/A,00. Propose Drop,Ready,,,,,"Irisan Cleansing Port 2,3 Jt",,,,,#N/A,,,,
13241864,ODP-STI-FL/062,8,  -   ,865630,"108203,75",AREA 4,KALIMANTAN,BANJARMASIN,PT2,Telkom Akses,384,20. PT2/Batch 7 thp 2,Prio September,NY Go Live,0,Y,y,20 Branch,#N/A,00. Propose Drop,Ready,,,,,"Irisan Cleansing Port 2,3 Jt",,,,,#N/A,,,,
13241836,ODP-STI-FL/058,8,  -   ,865630,"108203,75",AREA 4,KALIMANTAN,BANJARMASIN,PT2,Telkom Akses,386,20. PT2/Batch 7 thp 2,Prio September,NY Go Live,0,Y,y,20 Branch,#N/A,00. Propose Drop,Ready,,,,,"Irisan Cleansing Port 2,3 Jt",,,,,#N/A,,,,
13241835,ODP-PGN-FS/036,8,  -   ,865630,"108203,75",AREA 4,KALIMANTAN,BANJARMASIN,PT2,Telkom Akses,387,20. PT2/Batch 7 thp 2,Prio September,NY Go Live,0,Y,y,20 Branch,#N/A,00. Propose Drop,Ready,,,,,"Irisan Cleansing Port 2,3 Jt",,,,,#N/A,,,,
13239019,ODP-BLC-FAK/060,8,  -   ,865630,"108203,75",AREA 4,KALIMANTAN,BANJARMASIN,PT2,Telkom Akses,389,20. PT2/Batch 7 thp 2,Prio September,NY Go Live,0,Y,y,20 Branch,#N/A,01. Persiapan,Ready,,,,,,,,,,#N/A,,,,
13238891,ODP-BLC-FAK/058,8,  -   ,865630,"108203,75",AREA 4,KALIMANTAN,BANJARMASIN,PT2,Telkom Akses,390,20. PT2/Batch 7 thp 2,Prio September,NY Go Live,0,Y,y,20 Branch,#N/A,01. Persiapan,Ready,,,,,,,,,,#N/A,,,,
13241833,ODP-STI-FK/049,8,  -   ,865630,"108203,75",AREA 4,KALIMANTAN,BANJARMASIN,PT2,Telkom Akses,391,20. PT2/Batch 7 thp 2,Prio September,NY Go Live,0,Y,y,20 Branch,#N/A,00. Propose Drop,Ready,,,,,"Irisan Cleansing Port 2,3 Jt",,,,,#N/A,,,,
13238350,ODP-RTA-FF/057,8,  -   ,865630,"108203,75",AREA 4,KALIMANTAN,BANJARMASIN,PT2,Telkom Akses,395,20. PT2/Batch 7 thp 2,Prio September,NY Go Live,0,Y,y,20 Branch,#N/A,00. Propose Drop,Ready,,,,,"Irisan Cleansing Port 2,3 Jt",,,,,#N/A,,,,
13247692,ODP-SER-FV/112,8,  -   ,865630,"108203,75",AREA 4,KALIMANTAN,BANJARMASIN,PT2,Telkom Akses,396,20. PT2/Batch 7 thp 2,Prio September,NY Go Live,0,Y,y,20 Branch,#N/A,00. Propose Drop,Ready,,,,,"Irisan Cleansing Port 2,3 Jt",,,,,#N/A,,,,
13247667,ODP-SER-FV/113,8,  -   ,865630,"108203,75",AREA 4,KALIMANTAN,BANJARMASIN,PT2,Telkom Akses,397,20. PT2/Batch 7 thp 2,Prio September,NY Go Live,0,Y,y,20 Branch,#N/A,01. Persiapan,Ready,,,,,,,,,,#N/A,,,,
13242820,ODP-SER-FV/115,8,  -   ,865630,"108203,75",AREA 4,KALIMANTAN,BANJARMASIN,PT2,Telkom Akses,398,20. PT2/Batch 7 thp 2,Prio September,NY Go Live,0,Y,y,20 Branch,#N/A,01. Persiapan,Ready,,,,,,,,,,#N/A,,,,
13234932,ODP-BLC-FAH/077,8,  -   ,865630,"108203,75",AREA 4,KALIMANTAN,BANJARMASIN,PT2,Telkom Akses,399,20. PT2/Batch 7 thp 2,Prio September,NY Go Live,0,Y,y,20 Branch,#N/A,00. Propose Drop,Ready,,,,,"Irisan Cleansing Port 2,3 Jt",,,,,#N/A,,,,
13247146,ODP-BLC-FAA/045,8,  -   ,865630,"108203,75",AREA 4,KALIMANTAN,BANJARMASIN,PT2,Telkom Akses,401,20. PT2/Batch 7 thp 2,Prio September,NY Go Live,0,Y,y,20 Branch,#N/A,00. Propose Drop,Ready,,,,,"Irisan Cleansing Port 2,3 Jt",,,,,#N/A,,,,
13242795,ODP-SER-FV/101,8,  -   ,865630,"108203,75",AREA 4,KALIMANTAN,BANJARMASIN,PT2,Telkom Akses,405,20. PT2/Batch 7 thp 2,Prio September,NY Go Live,0,Y,y,20 Branch,#N/A,00. Propose Drop,Ready,,,,,"Irisan Cleansing Port 2,3 Jt",,,,,#N/A,,,,
13241915,ODP-PGN-FE/122,8,  -   ,865630,"108203,75",AREA 4,KALIMANTAN,BANJARMASIN,PT2,Telkom Akses,406,20. PT2/Batch 7 thp 2,Prio September,NY Go Live,0,Y,y,20 Branch,#N/A,00. Propose Drop,Ready,,,,,"Irisan Cleansing Port 2,3 Jt",,,,,#N/A,,,,
13238822,ODP-BLC-FAK/041,8,  -   ,865630,"108203,75",AREA 4,KALIMANTAN,BANJARMASIN,PT2,Telkom Akses,408,20. PT2/Batch 7 thp 2,Prio September,NY Go Live,0,Y,y,20 Branch,#N/A,00. Propose Drop,Ready,,,,,"Irisan Cleansing Port 2,3 Jt",,,,,#N/A,,,,
13238575,ODP-BLC-FAK/004,8,  -   ,865630,"108203,75",AREA 4,KALIMANTAN,BANJARMASIN,PT2,Telkom Akses,409,20. PT2/Batch 7 thp 2,Prio September,NY Go Live,0,Y,y,20 Branch,#N/A,00. Propose Drop,Ready,,,,,"Irisan Cleansing Port 2,3 Jt",,,,,#N/A,,,,
13234607,ODP-BLC-FAH/010,8,  -   ,865630,"108203,75",AREA 4,KALIMANTAN,BANJARMASIN,PT2,Telkom Akses,410,20. PT2/Batch 7 thp 2,Prio September,NY Go Live,0,Y,y,20 Branch,#N/A,01. Persiapan,Ready,,,,,,,,,,#N/A,,,,
13238436,ODP-BLC-FAJ/027,8,  -   ,865630,"108203,75",AREA 4,KALIMANTAN,BANJARMASIN,PT2,Telkom Akses,411,20. PT2/Batch 7 thp 2,Prio September,NY Go Live,0,Y,y,20 Branch,#N/A,01. Persiapan,Ready,,,,,,,,,,#N/A,,,,
13238359,ODP-BLC-FAJ/026,8,  -   ,865630,"108203,75",AREA 4,KALIMANTAN,BANJARMASIN,PT2,Telkom Akses,412,20. PT2/Batch 7 thp 2,Prio September,NY Go Live,0,Y,y,20 Branch,#N/A,00. Propose Drop,Ready,,,,,"Irisan Cleansing Port 2,3 Jt",,,,,#N/A,,,,
13242151,ODP-KDG-FL/015,8,  -   ,865630,"108203,75",AREA 4,KALIMANTAN,BANJARMASIN,PT2,Telkom Akses,415,20. PT2/Batch 7 thp 2,Prio September,NY Go Live,0,Y,y,20 Branch,#N/A,00. Propose Drop,Ready,,,,,"Irisan Cleansing Port 2,3 Jt",,,,,#N/A,,,,
13242772,ODP-STI-FG/140,8,  -   ,865630,"108203,75",AREA 4,KALIMANTAN,BANJARMASIN,PT2,Telkom Akses,417,20. PT2/Batch 7 thp 2,Prio September,NY Go Live,0,Y,y,20 Branch,#N/A,00. Propose Drop,Ready,,,,,"Irisan Cleansing Port 2,3 Jt",,,,,#N/A,,,,
13241944,ODP-SER-FAF/040,8,  -   ,865630,"108203,75",AREA 4,KALIMANTAN,BANJARMASIN,PT2,Telkom Akses,418,20. PT2/Batch 7 thp 2,Prio September,NY Go Live,0,Y,y,20 Branch,#N/A,01. Persiapan,Ready,,,,,,,,,,#N/A,,,,
13241818,ODP-TJL-FAB/083,8,  -   ,865630,"108203,75",AREA 4,KALIMANTAN,BANJARMASIN,PT2,Telkom Akses,420,20. PT2/Batch 7 thp 2,Prio September,NY Go Live,0,Y,y,20 Branch,#N/A,00. Propose Drop,Ready,,,,,"Irisan Cleansing Port 2,3 Jt",,,,,#N/A,,,,
13247850,ODP-BLC-FAD/072,8,  -   ,865630,"108203,75",AREA 4,KALIMANTAN,BANJARMASIN,PT2,Telkom Akses,421,20. PT2/Batch 7 thp 2,Prio September,NY Go Live,0,Y,y,20 Branch,#N/A,01. Persiapan,Ready,,,,,,,,,,#N/A,,,,
13241918,ODP-RTA-FT/021,8,  -   ,865630,"108203,75",AREA 4,KALIMANTAN,BANJARMASIN,PT2,Telkom Akses,422,20. PT2/Batch 7 thp 2,Prio September,NY Go Live,0,Y,y,20 Branch,#N/A,01. Persiapan,Ready,,,,,,,,,,#N/A,,,,
13241910,ODP-RTA-FT/014,8,  -   ,865630,"108203,75",AREA 4,KALIMANTAN,BANJARMASIN,PT2,Telkom Akses,423,20. PT2/Batch 7 thp 2,Prio September,NY Go Live,0,Y,y,20 Branch,#N/A,00. Propose Drop,Ready,,,,,"Irisan Cleansing Port 2,3 Jt",,,,,#N/A,,,,
13241907,ODP-RTA-FQ/046,8,  -   ,865630,"108203,75",AREA 4,KALIMANTAN,BANJARMASIN,PT2,Telkom Akses,424,20. PT2/Batch 7 thp 2,Prio September,NY Go Live,0,Y,y,20 Branch,#N/A,00. Propose Drop,Ready,,,,,"Irisan Cleansing Port 2,3 Jt",,,,,#N/A,,,,
13247628,ODP-RTA-FW/016,8,  -   ,865630,"108203,75",AREA 4,KALIMANTAN,BANJARMASIN,PT2,Telkom Akses,426,20. PT2/Batch 7 thp 2,Prio September,NY Go Live,0,Y,y,20 Branch,#N/A,00. Propose Drop,Ready,,,,,"Irisan Cleansing Port 2,3 Jt",,,,,#N/A,,,,
13241931,ODP-PGN-FQ/004,8,  -   ,865630,"108203,75",AREA 4,KALIMANTAN,BANJARMASIN,PT2,Telkom Akses,430,20. PT2/Batch 7 thp 2,Prio September,NY Go Live,0,Y,y,20 Branch,#N/A,00. Propose Drop,Ready,,,,,"Irisan Cleansing Port 2,3 Jt",,,,,#N/A,,,,
13241816,ODP-STI-FS/032,8,  -   ,865630,"108203,75",AREA 4,KALIMANTAN,BANJARMASIN,PT2,Telkom Akses,431,20. PT2/Batch 7 thp 2,Prio September,NY Go Live,0,Y,y,20 Branch,#N/A,00. Propose Drop,Ready,,,,,"Irisan Cleansing Port 2,3 Jt",,,,,#N/A,,,,
13241860,ODP-TJL-FAM/014,8,  -   ,865630,"108203,75",AREA 4,KALIMANTAN,BANJARMASIN,PT2,Telkom Akses,432,20. PT2/Batch 7 thp 2,Prio September,NY Go Live,0,Y,y,20 Branch,#N/A,00. Propose Drop,Ready,,,,,"Irisan Cleansing Port 2,3 Jt",,,,,#N/A,,,,
13238407,ODP-AMT-FF/085,8,  -   ,865630,"108203,75",AREA 4,KALIMANTAN,BANJARMASIN,PT2,Telkom Akses,434,20. PT2/Batch 7 thp 2,Prio September,NY Go Live,0,Y,y,20 Branch,#N/A,00. Propose Drop,Ready,,,,,"Irisan Cleansing Port 2,3 Jt",,,,,#N/A,,,,
13238376,ODP-AMT-FF/064,8,  -   ,865630,"108203,75",AREA 4,KALIMANTAN,BANJARMASIN,PT2,Telkom Akses,438,20. PT2/Batch 7 thp 2,Prio September,NY Go Live,0,Y,y,20 Branch,#N/A,00. Propose Drop,Ready,,,,,"Irisan Cleansing Port 2,3 Jt",,,,,#N/A,,,,
13240327,ODP-KDG-FA/100,8,  -   ,865630,"108203,75",AREA 4,KALIMANTAN,BANJARMASIN,PT2,Telkom Akses,441,20. PT2/Batch 7 thp 2,Prio September,NY Go Live,0,Y,y,20 Branch,#N/A,00. Propose Drop,Ready,,,,,"Irisan Cleansing Port 2,3 Jt",,,,,#N/A,,,,
13247024,ODP-KPL-FE/023,8,  -   ,865630,"108203,75",AREA 4,KALIMANTAN,BANJARMASIN,PT2,Telkom Akses,442,20. PT2/Batch 7 thp 2,Prio September,NY Go Live,0,Y,y,20 Branch,#N/A,01. Persiapan,Ready,,,,,,,,,,#N/A,,,,
13238469,ODP-AMT-FL/113,8,  -   ,865630,"108203,75",AREA 4,KALIMANTAN,BANJARMASIN,PT2,Telkom Akses,443,20. PT2/Batch 7 thp 2,Prio September,NY Go Live,0,Y,y,20 Branch,#N/A,00. Propose Drop,Ready,,,,,"Irisan Cleansing Port 2,3 Jt",,,,,#N/A,,,,
13238385,ODP-RTA-FH/014,8,  -   ,865630,"108203,75",AREA 4,KALIMANTAN,BANJARMASIN,PT2,Telkom Akses,445,20. PT2/Batch 7 thp 2,Prio September,NY Go Live,0,Y,y,20 Branch,#N/A,00. Propose Drop,Ready,,,,,"Irisan Cleansing Port 2,3 Jt",,,,,#N/A,,,,
13238381,ODP-RTA-FH/012,8,  -   ,865630,"108203,75",AREA 4,KALIMANTAN,BANJARMASIN,PT2,Telkom Akses,446,20. PT2/Batch 7 thp 2,Prio September,NY Go Live,0,Y,y,20 Branch,#N/A,00. Propose Drop,Ready,,,,,"Irisan Cleansing Port 2,3 Jt",,,,,#N/A,,,,
13241872,ODP-STI-FJ/012,8,  -   ,865630,"108203,75",AREA 4,KALIMANTAN,BANJARMASIN,PT2,Telkom Akses,448,20. PT2/Batch 7 thp 2,Prio September,NY Go Live,0,Y,y,20 Branch,#N/A,00. Propose Drop,Ready,,,,,"Irisan Cleansing Port 2,3 Jt",,,,,#N/A,,,,
13247475,ODP-STI-FF/080,8,  -   ,865630,"108203,75",AREA 4,KALIMANTAN,BANJARMASIN,PT2,Telkom Akses,449,20. PT2/Batch 7 thp 2,Prio September,NY Go Live,0,Y,y,20 Branch,#N/A,00. Propose Drop,Ready,,,,,"Irisan Cleansing Port 2,3 Jt",,,,,#N/A,,,,
13247018,ODP-KPL-FY/053,8,  -   ,865630,"108203,75",AREA 4,KALIMANTAN,BANJARMASIN,PT2,Telkom Akses,450,20. PT2/Batch 7 thp 2,Prio September,NY Go Live,0,Y,y,20 Branch,#N/A,01. Persiapan,Ready,,,,,,,,,,#N/A,,,,
13242133,ODP-KDG-FH/018,8,  -   ,865630,"108203,75",AREA 4,KALIMANTAN,BANJARMASIN,PT2,Telkom Akses,451,20. PT2/Batch 7 thp 2,Prio September,NY Go Live,0,Y,y,20 Branch,#N/A,01. Persiapan,Ready,,,,,,,,,,#N/A,,,,
13242146,ODP-KDG-FK/008,8,  -   ,865630,"108203,75",AREA 4,KALIMANTAN,BANJARMASIN,PT2,Telkom Akses,453,20. PT2/Batch 7 thp 2,Prio September,NY Go Live,0,Y,y,20 Branch,#N/A,00. Propose Drop,Ready,,,,,"Irisan Cleansing Port 2,3 Jt",,,,,#N/A,,,,
13235505,ODP-AMT-FE/145,8,  -   ,2356500,"294562,5",AREA 4,KALIMANTAN,BANJARMASIN,PT2,Telkom Akses,455,20. PT2/Batch 7 thp 2,Prio September,NY Go Live,0,Y,y,20 Branch,#N/A,00. Propose Drop,Ready,,,,,"Irisan Cleansing Port 2,3 Jt",,,,,#N/A,,,,
13238262,ODP-PGN-FB/017,8,  -   ,865630,"108203,75",AREA 4,KALIMANTAN,BANJARMASIN,PT2,Telkom Akses,456,20. PT2/Batch 7 thp 2,Prio September,NY Go Live,0,Y,y,20 Branch,#N/A,00. Propose Drop,Ready,,,,,"Irisan Cleansing Port 2,3 Jt",,,,,#N/A,,,,
13247176,ODP-AMT-FN/018,8,  -   ,2356500,"294562,5",AREA 4,KALIMANTAN,BANJARMASIN,PT2,Telkom Akses,457,20. PT2/Batch 7 thp 2,Prio September,NY Go Live,0,Y,y,20 Branch,#N/A,00. Propose Drop,Ready,,,,,"Irisan Cleansing Port 2,3 Jt",,,,,#N/A,,,,
13238424,ODP-AMT-FK/073,8,  -   ,2356500,"294562,5",AREA 4,KALIMANTAN,BANJARMASIN,PT2,Telkom Akses,459,20. PT2/Batch 7 thp 2,Prio September,NY Go Live,0,Y,y,20 Branch,#N/A,00. Propose Drop,Ready,,,,,"Irisan Cleansing Port 2,3 Jt",,,,,#N/A,,,,
13247390,ODP-TJL-FAD/038,8,  -   ,2356500,"294562,5",AREA 4,KALIMANTAN,BANJARMASIN,PT2,Telkom Akses,461,20. PT2/Batch 7 thp 2,Prio September,NY Go Live,0,Y,y,20 Branch,#N/A,00. Propose Drop,Ready,,,,,"Irisan Cleansing Port 2,3 Jt",,,,,#N/A,,,,
13241786,ODP-RTA-FA/035,8,  -   ,2356500,"294562,5",AREA 4,KALIMANTAN,BANJARMASIN,PT2,Telkom Akses,463,20. PT2/Batch 7 thp 2,Prio September,NY Go Live,0,Y,y,20 Branch,#N/A,00. Propose Drop,Ready,,,,,"Irisan Cleansing Port 2,3 Jt",,,,,#N/A,,,,
13241800,ODP-RTA-FP/065,8,  -   ,2356500,"294562,5",AREA 4,KALIMANTAN,BANJARMASIN,PT2,Telkom Akses,464,20. PT2/Batch 7 thp 2,Prio September,NY Go Live,0,Y,y,20 Branch,#N/A,01. Persiapan,Ready,,,,,,,,,,#N/A,,,,
13248055,ODP-SER-FU/076,8,  -   ,2356500,"294562,5",AREA 4,KALIMANTAN,BANJARMASIN,PT2,Telkom Akses,466,20. PT2/Batch 7 thp 2,Prio September,NY Go Live,0,Y,y,20 Branch,#N/A,01. Persiapan,Ready,,,,,,,,,,#N/A,,,,
13247640,ODP-BLC-FZ/033,8,  -   ,2356500,"294562,5",AREA 4,KALIMANTAN,BANJARMASIN,PT2,Telkom Akses,469,20. PT2/Batch 7 thp 2,Prio September,NY Go Live,0,Y,y,20 Branch,#N/A,00. Propose Drop,Ready,,,,,"Irisan Cleansing Port 2,3 Jt",,,,,#N/A,,,,
13247996,ODP-SER-FV/035,8,  -   ,2356500,"294562,5",AREA 4,KALIMANTAN,BANJARMASIN,PT2,Telkom Akses,470,20. PT2/Batch 7 thp 2,Prio September,NY Go Live,0,Y,y,20 Branch,#N/A,01. Persiapan,Ready,,,,,,,,,,#N/A,,,,
13247505,ODP-TJL-FU/023,8,  -   ,2356500,"294562,5",AREA 4,KALIMANTAN,BANJARMASIN,PT2,Telkom Akses,471,20. PT2/Batch 7 thp 2,Prio September,NY Go Live,0,Y,y,20 Branch,#N/A,00. Propose Drop,Ready,,,,,"Irisan Cleansing Port 2,3 Jt",,,,,#N/A,,,,
13238240,ODP-NEG-FB/009,8,  -   ,2356500,"294562,5",AREA 4,KALIMANTAN,BANJARMASIN,PT2,Telkom Akses,472,20. PT2/Batch 7 thp 2,Prio September,NY Go Live,0,Y,y,20 Branch,#N/A,01. Persiapan,Ready,,,,,,,,,,#N/A,,,,
13247758,ODP-KDG-FC/079,8,  -   ,2356500,"294562,5",AREA 4,KALIMANTAN,BANJARMASIN,PT2,Telkom Akses,474,20. PT2/Batch 7 thp 2,Prio September,NY Go Live,0,Y,y,20 Branch,#N/A,00. Propose Drop,Ready,,,,,"Irisan Cleansing Port 2,3 Jt",,,,,#N/A,,,,
13241965,ODP-PGN-FS/010,8,  -   ,2356500,"294562,5",AREA 4,KALIMANTAN,BANJARMASIN,PT2,Telkom Akses,475,20. PT2/Batch 7 thp 2,Prio September,NY Go Live,0,Y,y,20 Branch,#N/A,00. Propose Drop,Ready,,,,,"Irisan Cleansing Port 2,3 Jt",,,,,#N/A,,,,
13241794,ODP-RTA-FG/025,8,  -   ,2356500,"294562,5",AREA 4,KALIMANTAN,BANJARMASIN,PT2,Telkom Akses,476,20. PT2/Batch 7 thp 2,Prio September,NY Go Live,0,Y,y,20 Branch,#N/A,00. Propose Drop,Ready,,,,,"Irisan Cleansing Port 2,3 Jt",,,,,#N/A,,,,
13247772,ODP-KDG-FF/047,8,  -   ,2356500,"294562,5",AREA 4,KALIMANTAN,BANJARMASIN,PT2,Telkom Akses,477,20. PT2/Batch 7 thp 2,Prio September,NY Go Live,0,Y,y,20 Branch,#N/A,00. Propose Drop,Ready,,,,,"Irisan Cleansing Port 2,3 Jt",,,,,#N/A,,,,
13247747,ODP-KDG-FC/046,8,  -   ,2356500,"294562,5",AREA 4,KALIMANTAN,BANJARMASIN,PT2,Telkom Akses,478,20. PT2/Batch 7 thp 2,Prio September,NY Go Live,0,Y,y,20 Branch,#N/A,00. Propose Drop,Ready,,,,,"Irisan Cleansing Port 2,3 Jt",,,,,#N/A,,,,
13247735,ODP-KDG-FC/042,8,  -   ,2356500,"294562,5",AREA 4,KALIMANTAN,BANJARMASIN,PT2,Telkom Akses,479,20. PT2/Batch 7 thp 2,Prio September,NY Go Live,0,Y,y,20 Branch,#N/A,00. Propose Drop,Ready,,,,,"Irisan Cleansing Port 2,3 Jt",,,,,#N/A,,,,
13247789,ODP-KPL-FA/035,8,  -   ,2356500,"294562,5",AREA 4,KALIMANTAN,BANJARMASIN,PT2,Telkom Akses,483,20. PT2/Batch 7 thp 2,Prio September,NY Go Live,0,Y,y,20 Branch,#N/A,00. Propose Drop,Ready,,,,,"Irisan Cleansing Port 2,3 Jt",,,,,#N/A,,,,
13241861,ODP-SER-FV/135,8,  -   ,865630,"108203,75",AREA 4,KALIMANTAN,BANJARMASIN,PT2,Telkom Akses,488,20. PT2/Batch 7 thp 2,Prio September,NY Go Live,0,Y,y,20 Branch,#N/A,00. Propose Drop,Ready,,,,,"Irisan Cleansing Port 2,3 Jt",,,,,#N/A,,,,
13238352,ODP-RTA-FG/110,8,  -   ,865630,"108203,75",AREA 4,KALIMANTAN,BANJARMASIN,PT2,Telkom Akses,492,20. PT2/Batch 7 thp 2,Prio September,NY Go Live,0,Y,y,20 Branch,#N/A,00. Propose Drop,Ready,,,,,"Irisan Cleansing Port 2,3 Jt",,,,,#N/A,,,,
13234696,ODP-BLC-FAH/026,8,  -   ,865630,"108203,75",AREA 4,KALIMANTAN,BANJARMASIN,PT2,Telkom Akses,493,20. PT2/Batch 7 thp 2,Prio September,NY Go Live,0,Y,y,20 Branch,#N/A,00. Propose Drop,Ready,,,,,"Irisan Cleansing Port 2,3 Jt",,,,,#N/A,,,,
13238396,ODP-RTA-FH/044,8,  -   ,865630,"108203,75",AREA 4,KALIMANTAN,BANJARMASIN,PT2,Telkom Akses,494,20. PT2/Batch 7 thp 2,Prio September,NY Go Live,0,Y,y,20 Branch,#N/A,00. Propose Drop,Ready,,,,,"Irisan Cleansing Port 2,3 Jt",,,,,#N/A,,,,
13238220,ODP-STI-FJ/048,8,  -   ,865630,"108203,75",AREA 4,KALIMANTAN,BANJARMASIN,PT2,Telkom Akses,495,20. PT2/Batch 7 thp 2,Prio September,NY Go Live,0,Y,y,20 Branch,#N/A,00. Propose Drop,Ready,,,,,"Irisan Cleansing Port 2,3 Jt",,,,,#N/A,,,,
13238552,ODP-RTA-FP/205,8,  -   ,865630,"108203,75",AREA 4,KALIMANTAN,BANJARMASIN,PT2,Telkom Akses,497,20. PT2/Batch 7 thp 2,Prio September,NY Go Live,0,Y,y,20 Branch,#N/A,01. Persiapan,Ready,,,,,,,,,,#N/A,,,,
13238534,ODP-SER-FAF/036,8,  -   ,865630,"108203,75",AREA 4,KALIMANTAN,BANJARMASIN,PT2,Telkom Akses,498,20. PT2/Batch 7 thp 2,Prio September,NY Go Live,0,Y,y,20 Branch,#N/A,00. Propose Drop,Ready,,,,,"Irisan Cleansing Port 2,3 Jt",,,,,#N/A,,,,
13235575,ODP-AMT-FE/185,8,  -   ,2356500,"294562,5",AREA 4,KALIMANTAN,BANJARMASIN,PT2,Telkom Akses,499,20. PT2/Batch 7 thp 2,Prio September,NY Go Live,0,Y,y,20 Branch,#N/A,00. Propose Drop,Ready,,,,,"Irisan Cleansing Port 2,3 Jt",,,,,#N/A,,,,
13241766,ODP-KPL-FE/030,8,  -   ,865630,"108203,75",AREA 4,KALIMANTAN,BANJARMASIN,PT2,Telkom Akses,500,20. PT2/Batch 7 thp 2,Prio September,NY Go Live,0,Y,y,20 Branch,#N/A,00. Propose Drop,Ready,,,,,"Irisan Cleansing Port 2,3 Jt",,,,,#N/A,,,,
13238444,ODP-AMT-FL/112,8,  -   ,865630,"108203,75",AREA 4,KALIMANTAN,BANJARMASIN,PT2,Telkom Akses,501,20. PT2/Batch 7 thp 2,Prio September,NY Go Live,0,Y,y,20 Branch,#N/A,01. Persiapan,Ready,,,,,,,,,,#N/A,,,,
13241765,ODP-KPL-FV/050,8,  -   ,865630,"108203,75",AREA 4,KALIMANTAN,BANJARMASIN,PT2,Telkom Akses,502,20. PT2/Batch 7 thp 2,Prio September,NY Go Live,0,Y,y,20 Branch,#N/A,00. Propose Drop,Ready,,,,,"Irisan Cleansing Port 2,3 Jt",,,,,#N/A,,,,
13241788,ODP-RTA-FA/066,8,  -   ,2356500,"294562,5",AREA 4,KALIMANTAN,BANJARMASIN,PT2,Telkom Akses,503,20. PT2/Batch 7 thp 2,Prio September,NY Go Live,0,Y,y,20 Branch,#N/A,00. Propose Drop,Ready,,,,,"Irisan Cleansing Port 2,3 Jt",,,,,#N/A,,,,
13247779,ODP-KDG-FG/015,8,  -   ,2356500,"294562,5",AREA 4,KALIMANTAN,BANJARMASIN,PT2,Telkom Akses,505,20. PT2/Batch 7 thp 2,Prio September,NY Go Live,0,Y,y,20 Branch,#N/A,01. Persiapan,Ready,,,,,,,,,,#N/A,,,,
13247716,ODP-KDG-FB/013,8,  -   ,2356500,"294562,5",AREA 4,KALIMANTAN,BANJARMASIN,PT2,Telkom Akses,506,20. PT2/Batch 7 thp 2,Prio September,NY Go Live,0,Y,y,20 Branch,#N/A,01. Persiapan,Ready,,,,,,,,,,#N/A,,,,
13247727,ODP-KDG-FC/007,8,  -   ,2356500,"294562,5",AREA 4,KALIMANTAN,BANJARMASIN,PT2,Telkom Akses,507,20. PT2/Batch 7 thp 2,Prio September,NY Go Live,0,Y,y,20 Branch,#N/A,00. Propose Drop,Ready,,,,,"Irisan Cleansing Port 2,3 Jt",,,,,#N/A,,,,
13241849,ODP-PGN-FS/037,8,  -   ,865630,"108203,75",AREA 4,KALIMANTAN,BANJARMASIN,PT2,Telkom Akses,512,20. PT2/Batch 7 thp 2,Prio September,NY Go Live,0,Y,y,20 Branch,#N/A,00. Propose Drop,Ready,,,,,"Irisan Cleansing Port 2,3 Jt",,,,,#N/A,,,,
13241863,ODP-PGT-FC/066,8,  -   ,865630,"108203,75",AREA 4,KALIMANTAN,BANJARMASIN,PT2,Telkom Akses,513,20. PT2/Batch 7 thp 2,Prio September,NY Go Live,0,Y,y,20 Branch,#N/A,01. Persiapan,Ready,,,,,,,,,,#N/A,,,,
13241881,ODP-BLC-FAM/033,8,  -   ,865630,"108203,75",AREA 4,KALIMANTAN,BANJARMASIN,PT2,Telkom Akses,515,20. PT2/Batch 7 thp 2,Prio September,NY Go Live,0,Y,y,20 Branch,#N/A,00. Propose Drop,Ready,,,,,"Irisan Cleansing Port 2,3 Jt",,,,,#N/A,,,,
13238489,ODP-SER-FV/111,8,  -   ,865630,"108203,75",AREA 4,KALIMANTAN,BANJARMASIN,PT2,Telkom Akses,517,20. PT2/Batch 7 thp 2,Prio September,NY Go Live,0,Y,y,20 Branch,#N/A,00. Propose Drop,Ready,,,,,"Irisan Cleansing Port 2,3 Jt",,,,,#N/A,,,,
13238466,ODP-SER-FV/114,8,  -   ,865630,"108203,75",AREA 4,KALIMANTAN,BANJARMASIN,PT2,Telkom Akses,518,20. PT2/Batch 7 thp 2,Prio September,NY Go Live,0,Y,y,20 Branch,#N/A,01. Persiapan,Ready,,,,,,,,,,#N/A,,,,
13247160,ODP-BLC-FAA/046,8,  -   ,865630,"108203,75",AREA 4,KALIMANTAN,BANJARMASIN,PT2,Telkom Akses,519,20. PT2/Batch 7 thp 2,Prio September,NY Go Live,0,Y,y,20 Branch,#N/A,01. Persiapan,Ready,,,,,,,,,,#N/A,,,,
13247163,ODP-BLC-FAA/049,8,  -   ,865630,"108203,75",AREA 4,KALIMANTAN,BANJARMASIN,PT2,Telkom Akses,520,20. PT2/Batch 7 thp 2,Prio September,NY Go Live,0,Y,y,20 Branch,#N/A,01. Persiapan,Ready,,,,,,,,,,#N/A,,,,
13242137,ODP-KDG-FH/062,8,  -   ,865630,"108203,75",AREA 4,KALIMANTAN,BANJARMASIN,PT2,Telkom Akses,521,20. PT2/Batch 7 thp 2,Prio September,NY Go Live,0,Y,y,20 Branch,#N/A,01. Persiapan,Ready,,,,,,,,,,#N/A,,,,
13241876,ODP-PGT-FF/080,8,  -   ,865630,"108203,75",AREA 4,KALIMANTAN,BANJARMASIN,PT2,Telkom Akses,523,20. PT2/Batch 7 thp 2,Prio September,NY Go Live,0,Y,y,20 Branch,#N/A,00. Propose Drop,Ready,,,,,"Irisan Cleansing Port 2,3 Jt",,,,,#N/A,,,,
13238408,ODP-SER-FV/117,8,  -   ,865630,"108203,75",AREA 4,KALIMANTAN,BANJARMASIN,PT2,Telkom Akses,524,20. PT2/Batch 7 thp 2,Prio September,NY Go Live,0,Y,y,20 Branch,#N/A,01. Persiapan,Ready,,,,,,,,,,#N/A,,,,
13234949,ODP-BLC-FAJ/003,8,  -   ,865630,"108203,75",AREA 4,KALIMANTAN,BANJARMASIN,PT2,Telkom Akses,525,20. PT2/Batch 7 thp 2,Prio September,NY Go Live,0,Y,y,20 Branch,#N/A,00. Propose Drop,Ready,,,,,"Irisan Cleansing Port 2,3 Jt",,,,,#N/A,,,,
13247442,ODP-RTA-FQ/064,8,  -   ,865630,"108203,75",AREA 4,KALIMANTAN,BANJARMASIN,PT2,Telkom Akses,527,20. PT2/Batch 7 thp 2,Prio September,NY Go Live,0,Y,y,20 Branch,#N/A,00. Propose Drop,Ready,,,,,"Irisan Cleansing Port 2,3 Jt",,,,,#N/A,,,,
13242440,ODP-AMT-FN/071,8,  -   ,865630,"108203,75",AREA 4,KALIMANTAN,BANJARMASIN,PT2,Telkom Akses,528,20. PT2/Batch 7 thp 2,Prio September,NY Go Live,0,Y,y,20 Branch,#N/A,00. Propose Drop,Ready,,,,,"Irisan Cleansing Port 2,3 Jt",,,,,#N/A,,,,
13238195,ODP-STI-FS/062,8,  -   ,865630,"108203,75",AREA 4,KALIMANTAN,BANJARMASIN,PT2,Telkom Akses,532,20. PT2/Batch 7 thp 2,Prio September,NY Go Live,0,Y,y,20 Branch,#N/A,01. Persiapan,Ready,,,,,,,,,,#N/A,,,,
13238179,ODP-TJL-FAB/084,8,  -   ,865630,"108203,75",AREA 4,KALIMANTAN,BANJARMASIN,PT2,Telkom Akses,534,20. PT2/Batch 7 thp 2,Prio September,NY Go Live,0,Y,y,20 Branch,#N/A,00. Propose Drop,Ready,,,,,"Irisan Cleansing Port 2,3 Jt",,,,,#N/A,,,,
13234625,ODP-RTA-FV/017,8,  -   ,865630,"108203,75",AREA 4,KALIMANTAN,BANJARMASIN,PT2,Telkom Akses,537,20. PT2/Batch 7 thp 2,Prio September,NY Go Live,0,Y,y,20 Branch,#N/A,00. Propose Drop,Ready,,,,,"Irisan Cleansing Port 2,3 Jt",,,,,#N/A,,,,
13241856,ODP-TJL-FU/114,8,  -   ,865630,"108203,75",AREA 4,KALIMANTAN,BANJARMASIN,PT2,Telkom Akses,538,20. PT2/Batch 7 thp 2,Prio September,NY Go Live,0,Y,y,20 Branch,#N/A,01. Persiapan,Ready,,,,,,,,,,#N/A,,,,
13234595,ODP-RTA-FQ/047,8,  -   ,865630,"108203,75",AREA 4,KALIMANTAN,BANJARMASIN,PT2,Telkom Akses,539,20. PT2/Batch 7 thp 2,Prio September,NY Go Live,0,Y,y,20 Branch,#N/A,01. Persiapan,Ready,,,,,,,,,,#N/A,,,,
13247312,ODP-PGT-FF/029,8,  -   ,865630,"108203,75",AREA 4,KALIMANTAN,BANJARMASIN,PT2,Telkom Akses,541,20. PT2/Batch 7 thp 2,Prio September,NY Go Live,0,Y,y,20 Branch,#N/A,00. Propose Drop,Ready,,,,,"Irisan Cleansing Port 2,3 Jt",,,,,#N/A,,,,
13234555,ODP-RTA-FW/001,8,  -   ,865630,"108203,75",AREA 4,KALIMANTAN,BANJARMASIN,PT2,Telkom Akses,542,20. PT2/Batch 7 thp 2,Prio September,NY Go Live,0,Y,y,20 Branch,#N/A,00. Propose Drop,Ready,,,,,"Irisan Cleansing Port 2,3 Jt",,,,,#N/A,,,,
13238413,ODP-AMT-FF/094,8,  -   ,865630,"108203,75",AREA 4,KALIMANTAN,BANJARMASIN,PT2,Telkom Akses,543,20. PT2/Batch 7 thp 2,Prio September,NY Go Live,0,Y,y,20 Branch,#N/A,00. Propose Drop,Ready,,,,,"Irisan Cleansing Port 2,3 Jt",,,,,#N/A,,,,
13234455,ODP-STI-FF/136,8,  -   ,865630,"108203,75",AREA 4,KALIMANTAN,BANJARMASIN,PT2,Telkom Akses,544,20. PT2/Batch 7 thp 2,Prio September,NY Go Live,0,Y,y,20 Branch,#N/A,01. Persiapan,Ready,,,,,,,,,,#N/A,,,,
13238100,ODP-KPL-FM/016,8,  -   ,865630,"108203,75",AREA 4,KALIMANTAN,BANJARMASIN,PT2,Telkom Akses,545,20. PT2/Batch 7 thp 2,Prio September,NY Go Live,0,Y,y,20 Branch,#N/A,00. Propose Drop,Ready,,,,,"Irisan Cleansing Port 2,3 Jt",,,,,#N/A,,,,
13247793,ODP-KPL-FAD/017,8,  -   ,2356500,"294562,5",AREA 4,KALIMANTAN,BANJARMASIN,PT2,Telkom Akses,546,20. PT2/Batch 7 thp 2,Prio September,NY Go Live,0,Y,y,20 Branch,#N/A,00. Propose Drop,Ready,,,,,"Irisan Cleansing Port 2,3 Jt",,,,,#N/A,,,,
13241923,ODP-PGN-FP/059,8,  -   ,865630,"108203,75",AREA 4,KALIMANTAN,BANJARMASIN,PT2,Telkom Akses,548,20. PT2/Batch 7 thp 2,Prio September,NY Go Live,0,Y,y,20 Branch,#N/A,01. Persiapan,Ready,,,,,,,,,,#N/A,,,,
13234407,ODP-RTA-FQ/035,8,  -   ,865630,"108203,75",AREA 4,KALIMANTAN,BANJARMASIN,PT2,Telkom Akses,550,20. PT2/Batch 7 thp 2,Prio September,NY Go Live,0,Y,y,20 Branch,#N/A,00. Propose Drop,Ready,,,,,"Irisan Cleansing Port 2,3 Jt",,,,,#N/A,,,,
13241893,ODP-PGN-FB/038,8,  -   ,865630,"108203,75",AREA 4,KALIMANTAN,BANJARMASIN,PT2,Telkom Akses,551,20. PT2/Batch 7 thp 2,Prio September,NY Go Live,0,Y,y,20 Branch,#N/A,01. Persiapan,Ready,,,,,,,,,,#N/A,,,,
13235445,ODP-TJL-FAL/012,8,  -   ,865630,"108203,75",AREA 4,KALIMANTAN,BANJARMASIN,PT2,Telkom Akses,553,20. PT2/Batch 7 thp 2,Prio September,NY Go Live,0,Y,y,20 Branch,#N/A,00. Propose Drop,Ready,,,,,"Irisan Cleansing Port 2,3 Jt",,,,,#N/A,,,,
13242143,ODP-KDG-FJ/060,8,  -   ,865630,"108203,75",AREA 4,KALIMANTAN,BANJARMASIN,PT2,Telkom Akses,555,20. PT2/Batch 7 thp 2,Prio September,NY Go Live,0,Y,y,20 Branch,#N/A,00. Propose Drop,Ready,,,,,"Irisan Cleansing Port 2,3 Jt",,,,,#N/A,,,,
13242129,ODP-KDG-FG/094,8,  -   ,865630,"108203,75",AREA 4,KALIMANTAN,BANJARMASIN,PT2,Telkom Akses,556,20. PT2/Batch 7 thp 2,Prio September,NY Go Live,0,Y,y,20 Branch,#N/A,00. Propose Drop,Ready,,,,,"Irisan Cleansing Port 2,3 Jt",,,,,#N/A,,,,
13238088,ODP-KPL-FE/022,8,  -   ,865630,"108203,75",AREA 4,KALIMANTAN,BANJARMASIN,PT2,Telkom Akses,557,20. PT2/Batch 7 thp 2,Prio September,NY Go Live,0,Y,y,20 Branch,#N/A,01. Persiapan,Ready,,,,,,,,,,#N/A,,,,
13242140,ODP-KDG-FJ/052,8,  -   ,865630,"108203,75",AREA 4,KALIMANTAN,BANJARMASIN,PT2,Telkom Akses,559,20. PT2/Batch 7 thp 2,Prio September,NY Go Live,0,Y,y,20 Branch,#N/A,01. Persiapan,Ready,,,,,,,,,,#N/A,,,,
13242436,ODP-AMT-FM/147,8,  -   ,865630,"108203,75",AREA 4,KALIMANTAN,BANJARMASIN,PT2,Telkom Akses,561,20. PT2/Batch 7 thp 2,Prio September,NY Go Live,0,Y,y,20 Branch,#N/A,00. Propose Drop,Ready,,,,,"Irisan Cleansing Port 2,3 Jt",,,,,#N/A,,,,
13238433,ODP-AMT-FK/153,8,  -   ,2356500,"294562,5",AREA 4,KALIMANTAN,BANJARMASIN,PT2,Telkom Akses,562,20. PT2/Batch 7 thp 2,Prio September,NY Go Live,0,Y,y,20 Branch,#N/A,00. Propose Drop,Ready,,,,,"Irisan Cleansing Port 2,3 Jt",,,,,#N/A,,,,
13247659,ODP-BLC-FZ/066,8,  -   ,2356500,"294562,5",AREA 4,KALIMANTAN,BANJARMASIN,PT2,Telkom Akses,563,20. PT2/Batch 7 thp 2,Prio September,NY Go Live,0,Y,y,20 Branch,#N/A,01. Persiapan,Ready,,,,,,,,,,#N/A,,,,
13234617,GCL-STI-F15/001,8,  -   ,865630,"108203,75",AREA 4,KALIMANTAN,BANJARMASIN,PT2,Telkom Akses,564,20. PT2/Batch 7 thp 2,Prio September,NY Go Live,0,Y,y,20 Branch,#N/A,01. Persiapan,Ready,,,,,,,,,,#N/A,,,,
13238275,ODP-PGN-FB/022,8,  -   ,865630,"108203,75",AREA 4,KALIMANTAN,BANJARMASIN,PT2,Telkom Akses,565,20. PT2/Batch 7 thp 2,Prio September,NY Go Live,0,Y,y,20 Branch,#N/A,01. Persiapan,Ready,,,,,,,,,,#N/A,,,,
13234040,ODP-BLC-FAC/022,8,  -   ,865630,"108203,75",AREA 4,KALIMANTAN,BANJARMASIN,PT2,Telkom Akses,567,20. PT2/Batch 7 thp 2,Prio September,NY Go Live,0,Y,y,20 Branch,#N/A,01. Persiapan,Ready,,,,,,,,,,#N/A,,,,
13234388,ODP-STI-FG/049,8,  -   ,865630,"108203,75",AREA 4,KALIMANTAN,BANJARMASIN,PT2,Telkom Akses,568,20. PT2/Batch 7 thp 2,Prio September,NY Go Live,0,Y,y,20 Branch,#N/A,00. Propose Drop,Ready,,,,,"Irisan Cleansing Port 2,3 Jt",,,,,#N/A,,,,
13238439,ODP-AMT-FL/084,8,  -   ,2356500,"294562,5",AREA 4,KALIMANTAN,BANJARMASIN,PT2,Telkom Akses,569,20. PT2/Batch 7 thp 2,Prio September,NY Go Live,0,Y,y,20 Branch,#N/A,00. Propose Drop,Ready,,,,,"Irisan Cleansing Port 2,3 Jt",,,,,#N/A,,,,
13235612,ODP-AMT-FF/052,8,  -   ,865630,"108203,75",AREA 4,KALIMANTAN,BANJARMASIN,PT2,Telkom Akses,570,20. PT2/Batch 7 thp 2,Prio September,NY Go Live,0,Y,y,20 Branch,#N/A,00. Propose Drop,Ready,,,,,"Irisan Cleansing Port 2,3 Jt",,,,,#N/A,,,,
13242069,ODP-BLC-FQ/073,8,  -   ,2356500,"294562,5",AREA 4,KALIMANTAN,BANJARMASIN,PT2,Telkom Akses,573,20. PT2/Batch 7 thp 2,Prio September,NY Go Live,0,Y,y,20 Branch,#N/A,00. Propose Drop,Ready,,,,,"Irisan Cleansing Port 2,3 Jt",,,,,#N/A,,,,
13241906,ODP-PGN-FE/048,8,  -   ,865630,"108203,75",AREA 4,KALIMANTAN,BANJARMASIN,PT2,Telkom Akses,574,20. PT2/Batch 7 thp 2,Prio September,NY Go Live,0,Y,y,20 Branch,#N/A,00. Propose Drop,Ready,,,,,"Irisan Cleansing Port 2,3 Jt",,,,,#N/A,,,,
13247430,ODP-TJL-FH/105,8,  -   ,2356500,"294562,5",AREA 4,KALIMANTAN,BANJARMASIN,PT2,Telkom Akses,578,20. PT2/Batch 7 thp 2,Prio September,NY Go Live,0,Y,y,20 Branch,#N/A,00. Propose Drop,Ready,,,,,"Irisan Cleansing Port 2,3 Jt",,,,,#N/A,,,,
13241784,ODP-RTA-FA/033,8,  -   ,2356500,"294562,5",AREA 4,KALIMANTAN,BANJARMASIN,PT2,Telkom Akses,581,20. PT2/Batch 7 thp 2,Prio September,NY Go Live,0,Y,y,20 Branch,#N/A,00. Propose Drop,Ready,,,,,"Irisan Cleansing Port 2,3 Jt",,,,,#N/A,,,,
13241801,ODP-RTA-FP/076,8,  -   ,2356500,"294562,5",AREA 4,KALIMANTAN,BANJARMASIN,PT2,Telkom Akses,582,20. PT2/Batch 7 thp 2,Prio September,NY Go Live,0,Y,y,20 Branch,#N/A,01. Persiapan,Ready,,,,,,,,,,#N/A,,,,
13247760,ODP-KDG-FC/142,8,  -   ,2356500,"294562,5",AREA 4,KALIMANTAN,BANJARMASIN,PT2,Telkom Akses,583,20. PT2/Batch 7 thp 2,Prio September,NY Go Live,0,Y,y,20 Branch,#N/A,00. Propose Drop,Ready,,,,,"Irisan Cleansing Port 2,3 Jt",,,,,#N/A,,,,
13234478,GCL-PGT-F05/007,8,  -   ,2356500,"294562,5",AREA 4,KALIMANTAN,BANJARMASIN,PT2,Telkom Akses,584,20. PT2/Batch 7 thp 2,Prio September,NY Go Live,0,Y,y,20 Branch,#N/A,01. Persiapan,Ready,,,,,,,,,,#N/A,,,,
13241858,ODP-PGT-FC/009,8,  -   ,2356500,"294562,5",AREA 4,KALIMANTAN,BANJARMASIN,PT2,Telkom Akses,585,20. PT2/Batch 7 thp 2,Prio September,NY Go Live,0,Y,y,20 Branch,#N/A,00. Propose Drop,Ready,,,,,"Irisan Cleansing Port 2,3 Jt",,,,,#N/A,,,,
13235451,ODP-SER-FV/040,8,  -   ,2356500,"294562,5",AREA 4,KALIMANTAN,BANJARMASIN,PT2,Telkom Akses,586,20. PT2/Batch 7 thp 2,Prio September,NY Go Live,0,Y,y,20 Branch,#N/A,00. Propose Drop,Ready,,,,,"Irisan Cleansing Port 2,3 Jt",,,,,#N/A,,,,
13235423,ODP-SER-FV/036,8,  -   ,2356500,"294562,5",AREA 4,KALIMANTAN,BANJARMASIN,PT2,Telkom Akses,587,20. PT2/Batch 7 thp 2,Prio September,NY Go Live,0,Y,y,20 Branch,#N/A,01. Persiapan,Ready,,,,,,,,,,#N/A,,,,
13235403,ODP-SER-FV/039,8,  -   ,2356500,"294562,5",AREA 4,KALIMANTAN,BANJARMASIN,PT2,Telkom Akses,588,20. PT2/Batch 7 thp 2,Prio September,NY Go Live,0,Y,y,20 Branch,#N/A,01. Persiapan,Ready,,,,,,,,,,#N/A,,,,
13247385,ODP-TJL-FU/022,8,  -   ,2356500,"294562,5",AREA 4,KALIMANTAN,BANJARMASIN,PT2,Telkom Akses,590,20. PT2/Batch 7 thp 2,Prio September,NY Go Live,0,Y,y,20 Branch,#N/A,00. Propose Drop,Ready,,,,,"Irisan Cleansing Port 2,3 Jt",,,,,#N/A,,,,
13247932,ODP-SER-FU/034,8,  -   ,2356500,"294562,5",AREA 4,KALIMANTAN,BANJARMASIN,PT2,Telkom Akses,591,20. PT2/Batch 7 thp 2,Prio September,NY Go Live,0,Y,y,20 Branch,#N/A,00. Propose Drop,Ready,,,,,"Irisan Cleansing Port 2,3 Jt",,,,,#N/A,,,,
13241972,ODP-PGN-FU/006,8,  -   ,2356500,"294562,5",AREA 4,KALIMANTAN,BANJARMASIN,PT2,Telkom Akses,592,20. PT2/Batch 7 thp 2,Prio September,NY Go Live,0,Y,y,20 Branch,#N/A,01. Persiapan,Ready,,,,,,,,,,#N/A,,,,
13247187,ODP-PGN-FU/007,8,  -   ,2356500,"294562,5",AREA 4,KALIMANTAN,BANJARMASIN,PT2,Telkom Akses,593,20. PT2/Batch 7 thp 2,Prio September,NY Go Live,0,Y,y,20 Branch,#N/A,01. Persiapan,Ready,,,,,,,,,,#N/A,,,,
13247766,ODP-KDG-FF/046,8,  -   ,2356500,"294562,5",AREA 4,KALIMANTAN,BANJARMASIN,PT2,Telkom Akses,595,20. PT2/Batch 7 thp 2,Prio September,NY Go Live,0,Y,y,20 Branch,#N/A,00. Propose Drop,Ready,,,,,"Irisan Cleansing Port 2,3 Jt",,,,,#N/A,,,,
13247738,ODP-KDG-FC/045,8,  -   ,2356500,"294562,5",AREA 4,KALIMANTAN,BANJARMASIN,PT2,Telkom Akses,597,20. PT2/Batch 7 thp 2,Prio September,NY Go Live,0,Y,y,20 Branch,#N/A,00. Propose Drop,Ready,,,,,"Irisan Cleansing Port 2,3 Jt",,,,,#N/A,,,,
13241971,ODP-BLC-FQ/027,8,  -   ,2356500,"294562,5",AREA 4,KALIMANTAN,BANJARMASIN,PT2,Telkom Akses,600,20. PT2/Batch 7 thp 2,Prio September,NY Go Live,0,Y,y,20 Branch,#N/A,01. Persiapan,Ready,,,,,,,,,,#N/A,,,,
13276511,ODP-STI-FL/083,8,  -   ,865630,"108203,75",AREA 4,KALIMANTAN,BANJARMASIN,PT2,Telkom Akses,307,21. PT2/Batch 7 thp 3,Prio September,NY Go Live,0,Y,y,20 Branch,#N/A,00. Propose Drop,Ready,,,,,"Irisan Cleansing Port 2,3 Jt",,,,,#N/A,,,,
13276073,ODP-KDG-FF/023,8,  -   ,2295540,"286942,5",AREA 4,KALIMANTAN,BANJARMASIN,PT2,Telkom Akses,305,21. PT2/Batch 7 thp 3,Prio September,NY Go Live,0,Y,y,20 Branch,#N/A,00. Propose Drop,Ready,,,,,"Irisan Cleansing Port 2,3 Jt",,,,,#N/A,,,,
13276064,ODP-KDG-FC/150,8,  -   ,2295540,"286942,5",AREA 4,KALIMANTAN,BANJARMASIN,PT2,Telkom Akses,304,21. PT2/Batch 7 thp 3,Prio September,NY Go Live,0,Y,y,20 Branch,#N/A,00. Propose Drop,Ready,,,,,"Irisan Cleansing Port 2,3 Jt",,,,,#N/A,,,,
13275873,ODP-KYG-FAC/005,8,  -   ,865630,"108203,75",AREA 4,KALIMANTAN,BANJARMASIN,PT2,Telkom Akses,224,21. PT2/Batch 7 thp 3,Prio September,NY Go Live,0,Y,y,20 Branch,#N/A,01. Persiapan,Ready,,,,,,,,,,#N/A,,,,
13275451,ODP-BJM-FBH/108,8,  -   ,865630,"108203,75",AREA 4,KALIMANTAN,BANJARMASIN,PT2,Telkom Akses,201,21. PT2/Batch 7 thp 3,Prio September,NY Go Live,0,Y,y,20 Branch,#N/A,00. Propose Drop,Ready,,,,,"Irisan Cleansing Port 2,3 Jt",,,,,#N/A,,,,
13275447,ODP-BJM-FAC/124,8,  -   ,2295540,"286942,5",AREA 4,KALIMANTAN,BANJARMASIN,PT2,Telkom Akses,200,21. PT2/Batch 7 thp 3,Prio September,NY Go Live,0,Y,y,20 Branch,#N/A,01. Persiapan,Ready,,,,,,,,,,#N/A,,,,
13275444,ODP-BJM-FAC/033,8,  -   ,2295540,"286942,5",AREA 4,KALIMANTAN,BANJARMASIN,PT2,Telkom Akses,199,21. PT2/Batch 7 thp 3,Prio September,NY Go Live,0,Y,y,20 Branch,#N/A,00. Propose Drop,Ready,,,,,"Irisan Cleansing Port 2,3 Jt",,,,,#N/A,,,,
13275440,ODP-BBR-FCB/066,8,  -   ,865630,"108203,75",AREA 4,KALIMANTAN,BANJARMASIN,PT2,Telkom Akses,174,21. PT2/Batch 7 thp 3,Prio September,NY Go Live,0,Y,y,20 Branch,#N/A,01. Persiapan,Ready,,,,,,,,,,#N/A,,,,
13276496,ODP-PLE-FE/021,8,  -   ,1976533,247.066.625,AREA 4,KALIMANTAN,BANJARMASIN,PT2,Telkom Akses,36,21. PT2/Batch 7 thp 3,Prio September,NY Go Live,0,Y,y,20 Branch,#N/A,01. Persiapan,Ready,,,,,,,,,,#N/A,,,,
13275895,ODP-PLE-FE/018,8,  -   ,2295540,"286942,5",AREA 4,KALIMANTAN,BANJARMASIN,PT2,Telkom Akses,35,21. PT2/Batch 7 thp 3,Prio September,NY Go Live,0,Y,y,20 Branch,#N/A,00. Propose Drop,Ready,,,,,"Irisan Cleansing Port 2,3 Jt",,,,,#N/A,,,,
13275994,ODP-KDG-FC/009,8,  -   ,2295540,"286942,5",AREA 4,KALIMANTAN,BANJARMASIN,PT2,Telkom Akses,30,21. PT2/Batch 7 thp 3,Prio September,NY Go Live,0,Y,y,20 Branch,#N/A,00. Propose Drop,Ready,,,,,"Irisan Cleansing Port 2,3 Jt",,,,,#N/A,,,,
13275884,ODP-PGN-FU/005,8,  -   ,2295540,"286942,5",AREA 4,KALIMANTAN,BANJARMASIN,PT2,Telkom Akses,26,21. PT2/Batch 7 thp 3,Prio September,NY Go Live,0,Y,y,20 Branch,#N/A,01. Persiapan,Ready,,,,,,,,,,#N/A,,,,
13275666,ODP-KDG-FF/096,8,  -   ,2295540,"286942,5",AREA 4,KALIMANTAN,BANJARMASIN,PT2,Telkom Akses,26,21. PT2/Batch 7 thp 3,Prio September,NY Go Live,0,Y,y,20 Branch,#N/A,00. Propose Drop,Ready,,,,,"Irisan Cleansing Port 2,3 Jt",,,,,#N/A,,,,
13275458,ODP-BRI-FX/059,8,  -   ,865630,"108203,75",AREA 4,KALIMANTAN,BANJARMASIN,PT2,Telkom Akses,1,21. PT2/Batch 7 thp 3,Prio September,NY Go Live,0,Y,y,20 Branch,#N/A,00. Propose Drop,Ready,,,,,"Irisan Cleansing Port 2,3 Jt",,,,,#N/A,,,,
13101943,PT2UN26-PGN-FC-AOk42604181229260867af710,8,  -   ,2508258,"313532,25",AREA 4,KALIMANTAN,BANJARMASIN,PT2,Telkom Akses,P1,12. PT2/Batch 4 UNTSEL,Prio Agustus,NY Go Live,0,Y,y,20 Branch,PT2,00. Propose Drop,,,,,,QE Repair Core,,,,,#N/A,,,,
13101812,PT2UN26-PGN-FF-AOk4260418104829594d42e30,8,  -   ,2508258,"313532,25",AREA 4,KALIMANTAN,BANJARMASIN,PT2,Telkom Akses,P1,12. PT2/Batch 4 UNTSEL,Prio Agustus,NY Go Live,0,Y,y,20 Branch,PT2,00. Propose Drop,,,,,,QE Repair Core,,,,,#N/A,,,,
13101805,PT2UN26-PGN-FE-AOk4260418104253687964f90,8,  -   ,2508258,"313532,25",AREA 4,KALIMANTAN,BANJARMASIN,PT2,Telkom Akses,P1,12. PT2/Batch 4 UNTSEL,Prio Agustus,NY Go Live,0,Y,y,20 Branch,PT2,00. Propose Drop,,,,,,QE Repair Core,,,,,#N/A,,,,
13049598,PT2UN26-PGN-FS-AOk4260324184753865955dd0,8,  -   ,2582192,322774,AREA 4,KALIMANTAN,BANJARMASIN,PT2,Telkom Akses,P1,12. PT2/Batch 4 UNTSEL,Prio Agustus,NY Go Live,0,Y,y,20 Branch,PT2,00. Propose Drop,,,,,,QE Repair Core,,,,,#N/A,,,,
12985044,PT2UN26-PGN-FN-AOk4260223082618600497740,8,  -   ,2582192,322774,AREA 4,KALIMANTAN,BANJARMASIN,PT2,Telkom Akses,P1,12. PT2/Batch 4 UNTSEL,Prio Agustus,NY Go Live,0,Y,y,20 Branch,PT2,00. Propose Drop,,,,,,QE Repair Core,,,,,#N/A,,,,
13071883,PT2UN26-RTA-FE-AOk4260407120435397656ff0,8,  -   ,2582192,322774,AREA 4,KALIMANTAN,BANJARMASIN,PT2,Telkom Akses,P1,12. PT2/Batch 4 UNTSEL,Prio Agustus,NY Go Live,0,Y,y,20 Branch,PT2,00. Propose Drop,,,,,,QE Repair Core,,,,,#N/A,,,,
13066945,PT2UN26-TJL-FK-AOk42604011859557583ffe60,8,  -   ,2417058,"302132,25",AREA 4,KALIMANTAN,BANJARMASIN,PT2,Telkom Akses,P1,12. PT2/Batch 4 UNTSEL,Prio Agustus,NY Go Live,0,Y,y,20 Branch,PT2,00. Propose Drop,,,,,,QE Repair Core,,,,,#N/A,,,,
13028948,PT2UN26-TJL-FAL-AOk42603131112476674b0c3,8,  -   ,2582192,322774,AREA 4,KALIMANTAN,BANJARMASIN,PT2,Telkom Akses,P1,12. PT2/Batch 4 UNTSEL,Prio Agustus,NY Go Live,0,Y,y,20 Branch,PT2,00. Propose Drop,,,,,,QE Repair Core,,,,,#N/A,,,,
13065903,PT2UN26-TJL-FH-AOk4250829020622562311120,8,  -   ,2582192,322774,AREA 4,KALIMANTAN,BANJARMASIN,PT2,Telkom Akses,P1,12. PT2/Batch 4 UNTSEL,Prio Agustus,NY Go Live,0,Y,y,20 Branch,PT2,00. Propose Drop,,,,,,QE Repair Core,,,,,#N/A,,,,
12994827,PT2UN26-TJL-FH-AOk4260226145619793a25170,8,  -   ,2582192,322774,AREA 4,KALIMANTAN,BANJARMASIN,PT2,Telkom Akses,P1,12. PT2/Batch 4 UNTSEL,Prio Agustus,NY Go Live,0,Y,y,20 Branch,PT2,01. Persiapan,Ready,,,,,,,,,,#N/A,,,,
12971814,PT2UN26-TJL-FH-AOk4260214121617192f37590,8,  -   ,2582192,322774,AREA 4,KALIMANTAN,BANJARMASIN,PT2,Telkom Akses,P1,12. PT2/Batch 4 UNTSEL,Prio Agustus,NY Go Live,0,Y,y,20 Branch,PT2,01. Persiapan,Ready,,,,,,,,,,#N/A,,,,
12971700,PT2UN26-TJL-FH-AOk42602141117354894be390,8,  -   ,2582192,322774,AREA 4,KALIMANTAN,BANJARMASIN,PT2,Telkom Akses,P1,12. PT2/Batch 4 UNTSEL,Prio Agustus,NY Go Live,0,Y,y,20 Branch,PT2,01. Persiapan,Ready,,,,,,,,,,#N/A,,,,
12959314,PT2UN26-TJL-FAN-AOk4260208163658943b2375,8,  -   ,2582192,322774,AREA 4,KALIMANTAN,BANJARMASIN,PT2,Telkom Akses,P1,12. PT2/Batch 4 UNTSEL,Prio Agustus,NY Go Live,0,Y,y,20 Branch,PT2,00. Propose Drop,,,,,,QE Repair Core,,,,,#N/A,,,,
12959306,PT2UN26-TJL-FH-AOk4260208162733834549270,8,  -   ,2582192,322774,AREA 4,KALIMANTAN,BANJARMASIN,PT2,Telkom Akses,P1,12. PT2/Batch 4 UNTSEL,Prio Agustus,NY Go Live,0,Y,y,20 Branch,PT2,01. Persiapan,Ready,,,,,,,,,,#N/A,,,,
13108701,PT2UN26-AMT-FE-AOk42604211639518311a6a90,8,  -   ,2508258,"313532,25",AREA 4,KALIMANTAN,BANJARMASIN,PT2,Telkom Akses,P1,12. PT2/Batch 4 UNTSEL,Prio Agustus,NY Go Live,0,Y,y,20 Branch,PT2,00. Propose Drop,,,,,,QE Repair Core,,,,,#N/A,,,,
13061428,PT2UN26-AMT-FL-AOk4260330124703930706950,8,  -   ,2417058,"302132,25",AREA 4,KALIMANTAN,BANJARMASIN,PT2,Telkom Akses,P1,12. PT2/Batch 4 UNTSEL,Prio Agustus,NY Go Live,0,Y,y,20 Branch,PT2,00. Propose Drop,,,,,,QE Repair Core,,,,,#N/A,,,,
13061327,PT2UN26-AMT-FF-AOk4260330124626270615f00,8,  -   ,2417058,"302132,25",AREA 4,KALIMANTAN,BANJARMASIN,PT2,Telkom Akses,P1,12. PT2/Batch 4 UNTSEL,Prio Agustus,NY Go Live,0,Y,y,20 Branch,PT2,00. Propose Drop,,,,,,QE Repair Core,,,,,#N/A,,,,
13000715,PT2UN26-AMT-FB-AOi4250812115339070a9a390,8,  -   ,2582192,322774,AREA 4,KALIMANTAN,BANJARMASIN,PT2,Telkom Akses,P1,12. PT2/Batch 4 UNTSEL,Prio Agustus,NY Go Live,0,Y,y,20 Branch,PT2,00. Propose Drop,,,,,,QE Repair Core,,,,,#N/A,,,,
12977006,PT2UN26-AMT-FQ-AOi4260211064409689548380,8,  -   ,2582192,322774,AREA 4,KALIMANTAN,BANJARMASIN,PT2,Telkom Akses,P1,12. PT2/Batch 4 UNTSEL,Prio Agustus,NY Go Live,0,Y,y,20 Branch,PT2,00. Propose Drop,,,,,,QE Repair Core,,,,,#N/A,,,,
13011672,PT2UN26-BRI-FM-AOk42603081230408393ff930,8,  -   ,2582192,322774,AREA 4,KALIMANTAN,BANJARMASIN,PT2,Telkom Akses,P1,12. PT2/Batch 4 UNTSEL,Prio Agustus,NY Go Live,0,Y,y,20 Branch,PT2,00. Propose Drop,,,,,,QE Repair Core,,,,,#N/A,,,,
13000608,PT2UN26-BRI-FAB-AOi425101306371360551a4d,8,  -   ,2582192,322774,AREA 4,KALIMANTAN,BANJARMASIN,PT2,Telkom Akses,P1,12. PT2/Batch 4 UNTSEL,Prio Agustus,NY Go Live,0,Y,y,20 Branch,PT2,01. Persiapan,Ready,,,,,,,,,,#N/A,,,,
12999668,PT2UN26-KDG-FJ-AOi425090408033583995bd80,8,  -   ,2582192,322774,AREA 4,KALIMANTAN,BANJARMASIN,PT2,Telkom Akses,P1,12. PT2/Batch 4 UNTSEL,Prio Agustus,NY Go Live,0,Y,y,20 Branch,PT2,00. Propose Drop,,,,,,QE Repair Core,,,,,#N/A,,,,
13001160,PT2UN26-KDG-FF-AOi4250903082046321b1b7b0,8,  -   ,2582192,322774,AREA 4,KALIMANTAN,BANJARMASIN,PT2,Telkom Akses,P1,12. PT2/Batch 4 UNTSEL,Prio Agustus,NY Go Live,0,Y,y,20 Branch,PT2,00. Propose Drop,,,,,,QE Repair Core,,,,,#N/A,,,,
13000285,PT2UN26-KDG-FH-AOi42509040903193726f7e10,8,  -   ,2582192,322774,AREA 4,KALIMANTAN,BANJARMASIN,PT2,Telkom Akses,P1,12. PT2/Batch 4 UNTSEL,Prio Agustus,NY Go Live,0,Y,y,20 Branch,PT2,00. Propose Drop,,,,,,QE Repair Core,,,,,#N/A,,,,
13049500,PT2UN26-NEG-FB-AOk4260324172549973174190,8,  -   ,2582192,322774,AREA 4,KALIMANTAN,BANJARMASIN,PT2,Telkom Akses,P1,12. PT2/Batch 4 UNTSEL,Prio Agustus,NY Go Live,0,Y,y,20 Branch,PT2,00. Propose Drop,,,,,,QE Repair Core,,,,,#N/A,,,,
13070691,R5 MDO JLL PT3 MD_SAHU TIMUR,88,  -   ,283539049,3222035,AREA 4,SULAWESI,TERNATE,PT3,Telkom Akses,5,28. PT3/Batch 8 thp 3,Prio September,NY Go Live,0,Y,y,20 Branch,#N/A,01. Persiapan,NY Ready,5822,0,5-Okt-26,30/09/2026,,koordinasi penempatan mini olt yg awalnya dilahan warga dipindahkan kesite terdekat sama MH existing,,,00. Ny Golive,30/09/2026,,,,
13259275,R5 MDO LOL PT3 MD_BATURAPA II - BUMBUNG,352,  -   ,1040747469,2956669,AREA 4,SULAWESI,MANADO,PT3,Telkom Akses,4,28. PT3/Batch 8 thp 3,Prio September,NY Go Live,0,Y,y,20 Branch,#N/A,01. Persiapan,NY Ready,1332,18030,25-Sep-26,11-Okt-26,,ETA MATERIAL 25 SEPT 26,,,00. Ny Golive,11/10/2026,,,,
13086886,R5 MDO SFI PT3 MD_1453_OBA UTARA,144,  -   ,418643576,2907248,AREA 4,SULAWESI,TERNATE,PT3,Telkom Akses,3,28. PT3/Batch 8 thp 3,Prio September,NY Go Live,0,Y,y,20 Branch,#N/A,01. Persiapan,NY Ready,8294,0,5-Okt-26,30/09/2026,,,,,00. Ny Golive,30/09/2026,,,,
13313911,R5 MDO MOL PT3 MD_Desa Dudepo,360,  -   ,816649771,2268472,AREA 4,SULAWESI,MANADO,PT3,Telkom Akses,3,28. PT3/Batch 8 thp 3,Prio September,NY Go Live,0,Y,y,20 Branch,#N/A,01. Persiapan,NY Ready,4278,12456,25-Sep-26,11-Okt-26,,ETA MATERIAL 25 SEPT 26,,,00. Ny Golive,11/10/2026,,,,
13259170,R5 MDO LOL PT3 MD_LOLANAN DOMISIL,416,  -   ,1198296197,2880520,AREA 4,SULAWESI,MANADO,PT3,Telkom Akses,2,28. PT3/Batch 8 thp 3,Prio September,NY Go Live,0,Y,y,20 Branch,#N/A,01. Persiapan,NY Ready,8786,16298,25-Sep-26,04/10/2026,,ETA MATERIAL 25 SEPT 26,,,00. Ny Golive,04/10/2026,,,,
13309905,R5 MDO PIK PT3 MD_APC_HOLLAND VILLAGE,440,  -   ,1265407379,2875926,AREA 4,SULAWESI,MANADO,PT3,Telkom Akses,1,28. PT3/Batch 8 thp 3,Prio September,NY Go Live,0,Y,y,20 Branch,#N/A,01. Persiapan,NY Ready,2418,1829,25-Sep-26,12-Okt-26,,ETA MATERIAL 25 SEPT 26,,,00. Ny Golive,12/10/2026,,,,
12609227,R5 MDO TOB PT3 MD_159594_SD GMIH WKO,16,  -   ,9070610,566.913.125,AREA 4,SULAWESI,TERNATE,PT3,Telkom Akses,60,4. PT3/Batch 3,Prio Agustus,NY Go Live,0,Y,y,20 Branch,PT3,00. Propose Drop,,,,,,QE Repair Core,"Drop karna tipus banyak, sudah disetujui drop oleh Tsel dan ED, BA Drop sirkulir ttd",,,00. Ny Golive,Drop,,,,
13076938,R5 MDO SFI PT3 MD Aspol POLDA Sofifi,64,  -   ,29147309,4.554.267.031,AREA 4,SULAWESI,TERNATE,PT3,Telkom Akses,59,7. PT3/Batch 4b,Prio Agustus,NY Go Live,0,Y,y,20 Branch,PT3,01. Persiapan,NY Ready,908,-,5-Okt-26,30/09/2026,,,,,00. Ny Golive,30/09/2026,,,,
12589015,R5 MDO MDO PT3 MD-176005_Tuminting,16,  -   ,9251597,5.782.248.125,AREA 4,SULAWESI,MANADO,PT3,Telkom Akses,53,4. PT3/Batch 3,Prio Agustus,NY Go Live,0,Y,y,20 Branch,PT3,01. Persiapan,NY Ready,,,25-Sep-26,9-Okt-26,,ETA MATERIAL 25 SEPT 26,,,00. Ny Golive,09/10/2026,,,,
12218902,R5 MDO LAN PT3 MD MINAHASA_151130,24,  -   ,13932519,580.521.625,AREA 4,SULAWESI,MANADO,PT3,Telkom Akses,52,4. PT3/Batch 3,Prio Agustus,NY Go Live,0,Y,y,20 Branch,PT3,01. Persiapan,NY Ready,,,25-Sep-26,11-Okt-26,,ETA MATERIAL 25 SEPT 26,,,00. Ny Golive,11/10/2026,,,,
12602147,R5 MDO KTG PT3 MD-125676-Passi,16,  -   ,9890636,"618164,75",AREA 4,SULAWESI,MANADO,PT3,Telkom Akses,51,4. PT3/Batch 3,Prio Agustus,NY Go Live,0,Y,y,20 Branch,PT3,01. Persiapan,NY Ready,,,25-Sep-26,11-Okt-26,,ETA MATERIAL 25 SEPT 26,,,00. Ny Golive,11/10/2026,,,,
13070705,R5 MDO TNT PT3 MD KOMPLEKS TC_MALUT,32,  -   ,82932220,2.591.631.875,AREA 4,SULAWESI,TERNATE,PT3,Telkom Akses,45,7. PT3/Batch 4b,Prio Agustus,NY Go Live,0,Y,y,20 Branch,PT3,03. OGP Instalasi,Ready,2151,-,,20/09/2026,,plan instlaiasi steleh redesign 17 sept 26,,,00. Ny Golive,20/09/2026,,,,
11910099,R5 MDO SFI PT3 MD HALMAHERA TIMUR_6784,160,  160 ,268717845,1.679.486.531,AREA 4,SULAWESI,TERNATE,PT3,Telkom Akses,44,4. PT3/Batch 3,Prio Agustus,NY Go Live,0,Y,y,20 Branch,PT3,05. Go Live,Ready,2752,2.853,,,,,,,01. Golive,Done,,,,
12313316,R5 MDO MOL PT3 MD BLMG_SINANDAKA,160,  -   ,756861266,4.730.382.913,AREA 4,SULAWESI,MANADO,PT3,Telkom Akses,38,4. PT3/Batch 3,Prio Agustus,NY Go Live,0,Y,y,20 Branch,PT3,01. Persiapan,NY Ready,1880,9.610,25-Sep-26,21/10/2026,,ETA MATERIAL 25 SEPT 26,,,00. Ny Golive,21/10/2026,,,,
12262138,R5 MDO MDO PT3 MD KOTA MANADO_10777,24,  -   ,13536024,564001,AREA 4,SULAWESI,MANADO,PT3,Telkom Akses,37,4. PT3/Batch 3,Prio Agustus,NY Go Live,0,Y,y,20 Branch,PT3,01. Persiapan,NY Ready,,,25-Sep-26,8-Okt-26,,ETA MATERIAL 25 SEPT 26,,,00. Ny Golive,08/10/2026,,,,
12480294,R5 MDO TMH PT3 MD_99795_TONDANGOW,24,  -   ,9942612,"414275,5",AREA 4,SULAWESI,MANADO,PT3,Telkom Akses,36,1. PT3/Batch 1,Prio Agustus,NY Go Live,0,Y,y,20 Branch,PT3,01. Persiapan,NY Ready,,,25-Sep-26,11-Okt-26,,ETA MATERIAL 25 SEPT 26,,,00. Ny Golive,11/10/2026,,,,
11991251,11991251-PT3-TNT-FBP-KAYU MERAH,8,  -   ,8177036,"1022129,5",AREA 4,SULAWESI,TERNATE,PT3,Telkom Akses,30,8. PT3/Batch 4b,Prio Agustus,NY Go Live,0,Y,y,20 Branch,PT3,00. Propose Drop,,,,,,Kendala izin,"Drop karena perizinan warga, BA Drop sirkulir ttd",,,00. Ny Golive,Drop,,,,
11091308,R5 MDO TMH JPP-MD Griya Bangun Tomohon Lestari 3,48,  -   ,86635845,1.804.913.438,AREA 4,SULAWESI,MANADO,PT3,Telkom Akses,24,4. PT3/Batch 3,Prio Agustus,NY Go Live,0,Y,y,20 Branch,PT3,01. Persiapan,NY Ready,3942,-,25-Sep-26,07/10/2026,,ETA MATERIAL 25 SEPT 26,,,00. Ny Golive,07/10/2026,,,,
12298838,R5 MDO MDO PT3 MD Malendeng Residence 2,80,  -   ,68308004,"853850,05",AREA 4,SULAWESI,MANADO,PT3,Telkom Akses,23,4. PT3/Batch 3,Prio Agustus,NY Go Live,0,Y,y,20 Branch,PT3,01. Persiapan,NY Ready,1420,-,25-Sep-26,07/10/2026,,ETA MATERIAL 25 SEPT 26,,,00. Ny Golive,07/10/2026,,,,
12590173,R5 MDO KTG PT3 MD_18454_PANGIAN,16,  -   ,11541004,"721312,75",AREA 4,SULAWESI,MANADO,PT3,Telkom Akses,22,4. PT3/Batch 3,Prio Agustus,NY Go Live,0,Y,y,20 Branch,PT3,01. Persiapan,NY Ready,,,25-Sep-26,11-Okt-26,,ETA MATERIAL 25 SEPT 26,,,00. Ny Golive,11/10/2026,,,,
12330334,R5 MDO BOR PT3 MD Sulawesi_BOR_Sangkub,288,  -   ,935569752,3.248.506.083,AREA 4,SULAWESI,MANADO,PT3,Telkom Akses,21,4. PT3/Batch 3,Prio Agustus,NY Go Live,0,Y,y,20 Branch,PT3,01. Persiapan,NY Ready,,,25-Sep-26,11-Okt-26,,ETA MATERIAL 25 SEPT 26,,,00. Ny Golive,11/10/2026,,,,
12628960,R5 MDO TNT PT3 MD_155 KALUMATA RESIDENCE,88,  -   ,119472299,1.357.639.761,AREA 4,SULAWESI,TERNATE,PT3,Telkom Akses,15,7. PT3/Batch 4b,Prio Agustus,NY Go Live,0,Y,y,20 Branch,PT3,03. OGP Instalasi,Ready,3039,-,,21/09/2026,,sudah penarikan tetapi masih ada kendala tanam tiang di warga yg dilewati kabel,,,00. Ny Golive,21/09/2026,,,,
13075581,R5 MDO KTG PT3 MD_1304_LOLAYAN,312,  -   ,520664934,1.668.797.865,AREA 4,SULAWESI,MANADO,PT3,Telkom Akses,8,17. PT3/Batch 6,Prio Agustus,NY Go Live,0,Y,y,20 Branch,PT3,01. Persiapan,NY Ready,8406,7.202,25-Sep-26,25/10/2026,,ETA MATERIAL 25 SEPT 26,,,00. Ny Golive,25/10/2026,,,,
11809180,R5 MDO PIK PT3 MD Manado_Warisa,520,  -   ,985445920,1.895.088.308,AREA 4,SULAWESI,MANADO,PT3,Telkom Akses,7,4. PT3/Batch 3,Prio Agustus,NY Go Live,0,Y,y,20 Branch,PT3,01. Persiapan,NY Ready,4462,16.178,25-Sep-26,04/10/2026,,ETA MATERIAL 25 SEPT 26,,,00. Ny Golive,04/10/2026,,,,
12383624,R5 MDO AMD PT3 MD Homeland Residence,144,  -   ,136130702,9.453.520.972,AREA 4,SULAWESI,MANADO,PT3,Telkom Akses,6,4. PT3/Batch 3,Prio Agustus,NY Go Live,0,Y,y,20 Branch,PT3,01. Persiapan,NY Ready,563,2.882,25-Sep-26,15/10/2026,,ETA MATERIAL 25 SEPT 26,,,00. Ny Golive,15/10/2026,,,,
13078184,DM-AOk4260409140759123d9c950,8,  -   ,2153102,"269137,75",AREA 4,SULAWESI,MANADO,PT2,Telkom Akses,428,12. PT2/Batch 4 UNTSEL,Prio September,NY Go Live,0,Y,y,20 Branch,#N/A,01. Persiapan,Ready,,,,,,,,,,#N/A,,,,
12986616,12986616-PT2-KTG-FBH-BONGKUDAI BARU,8,  -   ,2164383,270.547.875,AREA 4,SULAWESI,MANADO,PT2,Telkom Akses,429,12. PT2/Batch 4 UNTSEL,Prio September,NY Go Live,0,Y,y,20 Branch,#N/A,01. Persiapan,Ready,,,,,,,,,,#N/A,,,,
12986374,12986374-PT2-KTG-FBW-PINONOBATUAN,8,  -   ,2164383,270.547.875,AREA 4,SULAWESI,MANADO,PT2,Telkom Akses,430,12. PT2/Batch 4 UNTSEL,Prio September,NY Go Live,0,Y,y,20 Branch,#N/A,01. Persiapan,Ready,,,,,,,,,,#N/A,,,,
12980588,12980588-PT2-KTG-FBH-NORTH BONGKUDAI,8,  -   ,2153102,"269137,75",AREA 4,SULAWESI,MANADO,PT2,Telkom Akses,431,12. PT2/Batch 4 UNTSEL,Prio September,NY Go Live,0,Y,y,20 Branch,#N/A,01. Persiapan,Ready,,,,,,,,,,#N/A,,,,
12974052,12974052-PT2-KTG-FAF-Insil Baru,8,  -   ,2164383,270.547.875,AREA 4,SULAWESI,MANADO,PT2,Telkom Akses,432,12. PT2/Batch 4 UNTSEL,Prio September,NY Go Live,0,Y,y,20 Branch,#N/A,01. Persiapan,Ready,,,,,,,,,,#N/A,,,,
13103615,02. PT2 DM-AOk4260420074454011657f70,8,  -   ,2596493,324.561.625,AREA 4,SULAWESI,MANADO,PT2,Telkom Akses,433,12. PT2/Batch 4 UNTSEL,Prio September,NY Go Live,0,Y,y,20 Branch,#N/A,01. Persiapan,Ready,,,,,,,,,,#N/A,,,,
12978866,18. PT2 DM-AOk42602191643058759b9690,8,  -   ,1131217,141.402.125,AREA 4,SULAWESI,MANADO,PT2,Telkom Akses,434,12. PT2/Batch 4 UNTSEL,Prio September,NY Go Live,0,Y,y,20 Branch,#N/A,01. Persiapan,Ready,,,,,,,,,,#N/A,,,,
12902502,12902502-PT2-KAU-FZB-KAUDITAN II,8,  -   ,2141821,267.727.625,AREA 4,SULAWESI,MANADO,PT2,Telkom Akses,435,12. PT2/Batch 4 UNTSEL,Prio September,NY Go Live,0,Y,y,20 Branch,#N/A,01. Persiapan,Ready,,,,,,,,,,#N/A,,,,
13021382,PT2 DM-AOk426031014342666931b730,8,  -   ,1131217,141.402.125,AREA 4,SULAWESI,MANADO,PT2,Telkom Akses,436,12. PT2/Batch 4 UNTSEL,Prio September,NY Go Live,0,Y,y,20 Branch,#N/A,01. Persiapan,Ready,,,,,,,,,,#N/A,,,,
13013398,05. PT2 DM-AOk42603071219344626d9540,8,  -   ,1131217,141.402.125,AREA 4,SULAWESI,MANADO,PT2,Telkom Akses,437,12. PT2/Batch 4 UNTSEL,Prio September,NY Go Live,0,Y,y,20 Branch,#N/A,01. Persiapan,Ready,,,,,,,,,,#N/A,,,,
12999175,10. PT2 DM-AOk4260302112036046a5baa0,8,  -   ,1131217,141.402.125,AREA 4,SULAWESI,MANADO,PT2,Telkom Akses,438,12. PT2/Batch 4 UNTSEL,Prio September,NY Go Live,0,Y,y,20 Branch,#N/A,01. Persiapan,Ready,,,,,,,,,,#N/A,,,,
12998709,11. PT2 DM-AOk4260302071402090a19f00,8,  -   ,1131217,141.402.125,AREA 4,SULAWESI,MANADO,PT2,Telkom Akses,439,12. PT2/Batch 4 UNTSEL,Prio September,NY Go Live,0,Y,y,20 Branch,#N/A,01. Persiapan,Ready,,,,,,,,,,#N/A,,,,
13074422,DM-AOk4260408104411716d454e0,8,  -   ,2153102,"269137,75",AREA 4,SULAWESI,MANADO,PT2,Telkom Akses,440,12. PT2/Batch 4 UNTSEL,Prio September,NY Go Live,0,Y,y,20 Branch,#N/A,01. Persiapan,Ready,,,,,,,,,,#N/A,,,,
13071256,DM-AOk4260407094345099972fe0,8,  -   ,2167483,270.935.375,AREA 4,SULAWESI,MANADO,PT2,Telkom Akses,441,12. PT2/Batch 4 UNTSEL,Prio September,NY Go Live,0,Y,y,20 Branch,#N/A,01. Persiapan,Ready,,,,,,,,,,#N/A,,,,
13009515,13009515-PT2-LAN-FZG-PASLATEN,8,  -   ,2153102,"269137,75",AREA 4,SULAWESI,MANADO,PT2,Telkom Akses,442,12. PT2/Batch 4 UNTSEL,Prio September,NY Go Live,0,Y,y,20 Branch,#N/A,01. Persiapan,Ready,,,,,,,,,,#N/A,,,,
12986692,12986692-PT2-LAN-FZH-AMPRENG,8,  -   ,2164383,270.547.875,AREA 4,SULAWESI,MANADO,PT2,Telkom Akses,443,12. PT2/Batch 4 UNTSEL,Prio September,NY Go Live,0,Y,y,20 Branch,#N/A,01. Persiapan,Ready,,,,,,,,,,#N/A,,,,
12927993,12927993-PT2-LAN-FAQ-WOLAANG,8,  -   ,2141821,267.727.625,AREA 4,SULAWESI,MANADO,PT2,Telkom Akses,444,12. PT2/Batch 4 UNTSEL,Prio September,NY Go Live,0,Y,y,20 Branch,#N/A,01. Persiapan,Ready,,,,,,,,,,#N/A,,,,
12998256,12. PT2 DM-AOk42603011131516041ca6e0,8,  -   ,1131217,141.402.125,AREA 4,SULAWESI,MANADO,PT2,Telkom Akses,445,12. PT2/Batch 4 UNTSEL,Prio September,NY Go Live,0,Y,y,20 Branch,#N/A,01. Persiapan,Ready,,,,,,,,,,#N/A,,,,
13074405,DM-AOk42604081040022482992a0,8,  -   ,2153102,"269137,75",AREA 4,SULAWESI,MANADO,PT2,Telkom Akses,446,12. PT2/Batch 4 UNTSEL,Prio September,NY Go Live,0,Y,y,20 Branch,#N/A,01. Persiapan,Ready,,,,,,,,,,#N/A,,,,
11303024,ODP-TMH-FAS/22,8,  -   ,544121,68.015.125,AREA 4,SULAWESI,MANADO,PT2,Telkom Akses,477,16. PT2/Batch 6 thp 1,Prio September,NY Go Live,0,Y,y,20 Branch,#N/A,01. Persiapan,Ready,,,,,,,,,,#N/A,,,,
13016836,13016836-PT2 EXPAND ODP-KTG-FAP-12,8,  -   ,1184667,148.083.375,AREA 4,SULAWESI,MANADO,PT2,Telkom Akses,479,19. PT2/Batch 7 UNTSEL,Prio September,NY Go Live,0,Y,y,20 Branch,#N/A,05. Go Live,Ready,,,,,,,,,,#N/A,,,,
13021387,13021387-PT 2 EXPAND ODP-LAN-FAB-065,8,  -   ,1184667,148.083.375,AREA 4,SULAWESI,MANADO,PT2,Telkom Akses,482,19. PT2/Batch 7 UNTSEL,Prio September,NY Go Live,0,Y,y,20 Branch,#N/A,05. Go Live,Ready,,,,,,,,,,#N/A,,,,
10587981,10587981-7SUMA-TNT-EXPAND-ODP-TNT-FAR-083,8,  -   ,1933168,241646,AREA 4,SULAWESI,TERNATE,PT2,Telkom Akses,48,2. PT2/Batch 1,Prio September,NY Go Live,0,Y,y,20 Branch,#N/A,04. Finish Instalasi,Ready,,,,,,,,,,#N/A,,,,
12203589,12203589-PT2-EXPAND ODP-BIT-FK-25,8,  -   ,544121,68.015.125,AREA 4,SULAWESI,MANADO,PT2,Telkom Akses,257,2. PT2/Batch 1,Prio September,NY Go Live,0,Y,y,20 Branch,#N/A,00. Propose Drop,,,,,,"Irisan Cleansing Port 2,3 Jt",,,,,#N/A,,,,
12195002,12195002-PT2-EXPAND ODP-LAN-FZB-001,8,  -   ,544121,68.015.125,AREA 4,SULAWESI,MANADO,PT2,Telkom Akses,258,2. PT2/Batch 1,Prio September,NY Go Live,0,Y,y,20 Branch,#N/A,00. Propose Drop,Ready,,,,,"Irisan Cleansing Port 2,3 Jt",,,,,#N/A,,,,
12196337,12196337 PT 2 EXPAND ODP-LAN-FAD-026,8,  -   ,544121,68.015.125,AREA 4,SULAWESI,MANADO,PT2,Telkom Akses,259,2. PT2/Batch 1,Prio September,NY Go Live,0,Y,y,20 Branch,#N/A,01. Persiapan,Ready,,,,,,,,,,#N/A,,,,
12196443,12196443 PT 2 EXPAND ODP-LAN-FAB-065,8,  -   ,544121,68.015.125,AREA 4,SULAWESI,MANADO,PT2,Telkom Akses,260,2. PT2/Batch 1,Prio September,NY Go Live,0,Y,y,20 Branch,#N/A,05. Go Live,Ready,,,,,,,,,,#N/A,,,,
12305455,12305455-PT2-EXPAND ODP-TDN-FAL-008,8,  -   ,544121,68.015.125,AREA 4,SULAWESI,MANADO,PT2,Telkom Akses,294,2. PT2/Batch 1,Prio September,NY Go Live,0,Y,y,20 Branch,#N/A,00. Propose Drop,Ready,,,,,"Irisan Cleansing Port 2,3 Jt",,,,,#N/A,,,,
11480871,11480871-PT2-TDN-FAA-DSC,8,  -   ,2845408,355676,AREA 4,SULAWESI,MANADO,PT2,Telkom Akses,427,9. PT2/Batch 2,Prio September,NY Go Live,0,Y,y,20 Branch,#N/A,01. Persiapan,Ready,,,,,,,,,,#N/A,,,,
11409670,11409670-PT2-MOL-FAA-DWI MEILAND ALIU,8,  -   ,2845408,355676,AREA 4,SULAWESI,MANADO,PT2,Telkom Akses,426,9. PT2/Batch 2,Prio September,NY Go Live,0,Y,y,20 Branch,#N/A,01. Persiapan,Ready,,,,,,,,,,#N/A,,,,
11406062,11406062-PT2-MOL-FAB-ASRIANI TINO,8,  -   ,2845408,355676,AREA 4,SULAWESI,MANADO,PT2,Telkom Akses,425,9. PT2/Batch 2,Prio September,NY Go Live,0,Y,y,20 Branch,#N/A,01. Persiapan,Ready,,,,,,,,,,#N/A,,,,
11397150,11397150-PT2-LOL-YOAS REFAEL SAMOSIR,8,  -   ,3099787,387.473.375,AREA 4,SULAWESI,MANADO,PT2,Telkom Akses,424,9. PT2/Batch 2,Prio September,NY Go Live,0,Y,y,20 Branch,#N/A,01. Persiapan,Ready,,,,,,,,,,#N/A,,,,
11314602,11314602-PT2-LOL-FAG-DJ ARIA MAKALALAG,8,  -   ,3706141,463.267.625,AREA 4,SULAWESI,MANADO,PT2,Telkom Akses,423,9. PT2/Batch 2,Prio September,NY Go Live,0,Y,y,20 Branch,#N/A,01. Persiapan,Ready,,,,,,,,,,#N/A,,,,
11304224,11304224-PT2-KTG-FBE-MDO_BLMG_TMBY_PT2,8,  -   ,3869391,483.673.875,AREA 4,SULAWESI,MANADO,PT2,Telkom Akses,422,9. PT2/Batch 2,Prio September,NY Go Live,0,Y,y,20 Branch,#N/A,01. Persiapan,Ready,,,,,,,,,,#N/A,,,,
11414108,11414108-PT2-BOR-FAE-ILYAS DJAMALU,8,  -   ,2845408,355676,AREA 4,SULAWESI,MANADO,PT2,Telkom Akses,297,9. PT2/Batch 2,Prio September,NY Go Live,0,Y,y,20 Branch,#N/A,01. Persiapan,Ready,,,,,,,,,,#N/A,,,,
12515203,12515203-PT2-AMR-FAD-DSC AMR,8,  -   ,2858813,357.351.625,AREA 4,SULAWESI,MANADO,PT2,Telkom Akses,296,9. PT2/Batch 2,Prio September,NY Go Live,0,Y,y,20 Branch,#N/A,01. Persiapan,Ready,,,,,,,,,,#N/A,,,,
11314593,11314593-PT2-AMR-FAH-TNURUL MOKOAGOW,8,  -   ,3706141,463.267.625,AREA 4,SULAWESI,MANADO,PT2,Telkom Akses,295,9. PT2/Batch 2,Prio September,NY Go Live,0,Y,y,20 Branch,#N/A,01. Persiapan,Ready,,,,,,,,,,#N/A,,,,
12430697,12430697 PT 2 EXPAND ODP-TMH-FAK035,16,  -   ,544121,340.075.625,AREA 4,SULAWESI,MANADO,PT2,Telkom Akses,256,9. PT2/Batch 2,Prio September,NY Go Live,0,Y,y,20 Branch,#N/A,01. Persiapan,Ready,,,,,,,,,,#N/A,,,,
12305470,12305470-PT2-EXPAND ODP-TDN-FAL-034,16,  -   ,544121,340.075.625,AREA 4,SULAWESI,MANADO,PT2,Telkom Akses,255,9. PT2/Batch 2,Prio September,NY Go Live,0,Y,y,20 Branch,#N/A,01. Persiapan,Ready,,,,,,,,,,#N/A,,,,
12436132,12436132-PT2-EXPAND ODP-LAN-FZB-028,16,  -   ,544121,340.075.625,AREA 4,SULAWESI,MANADO,PT2,Telkom Akses,253,9. PT2/Batch 2,Prio September,NY Go Live,0,Y,y,20 Branch,#N/A,00. Propose Drop,,,,,,QE Repair Core,,,,,#N/A,,,,
12219001,R5 MDO LAN PT3 MD-MINAHASA_167785,16,  -   ,5851676,"365729,75",AREA 4,SULAWESI,MANADO,PT2,Telkom Akses,252,9. PT2/Batch 2,Prio September,NY Go Live,0,Y,y,20 Branch,#N/A,01. Persiapan,Ready,,,,,,,,,,#N/A,,,,
12195804,12195804-PT2-EXPAND ODP-LAN-FZG-051,16,  -   ,544121,340.075.625,AREA 4,SULAWESI,MANADO,PT2,Telkom Akses,251,9. PT2/Batch 2,Prio September,NY Go Live,0,Y,y,20 Branch,#N/A,00. Propose Drop,,,,,,QE Repair Core,,,,,#N/A,,,,
12194723,12194723 PT 2 EXPAND ODP-LAN-FAK-030,16,  -   ,544121,340.075.625,AREA 4,SULAWESI,MANADO,PT2,Telkom Akses,250,9. PT2/Batch 2,Prio September,NY Go Live,0,Y,y,20 Branch,#N/A,00. Propose Drop,,,,,,QE Repair Core,,,,,#N/A,,,,
12298913,12298913-PT2-EXPAND ODP-KTG-FBL-031,16,  -   ,544121,340.075.625,AREA 4,SULAWESI,MANADO,PT2,Telkom Akses,249,9. PT2/Batch 2,Prio September,NY Go Live,0,Y,y,20 Branch,#N/A,01. Persiapan,Ready,,,,,,,,,,#N/A,,,,
12297642,R5 PAL BUO EXPAND ODP BUO FB 037,16,  -   ,540399,337.749.375,AREA 4,SULAWESI,MANADO,PT2,Telkom Akses,248,9. PT2/Batch 2,Prio September,NY Go Live,0,Y,y,20 Branch,#N/A,01. Persiapan,Ready,,,,,,,,,,#N/A,,,,
12203635,12203635-PT2-EXPAND ODP-BOR-FAA-19,16,  -   ,544121,340.075.625,AREA 4,SULAWESI,MANADO,PT2,Telkom Akses,247,9. PT2/Batch 2,Prio September,NY Go Live,0,Y,y,20 Branch,#N/A,01. Persiapan,Ready,,,,,,,,,,#N/A,,,,
12203495,12203495-PT2-EXPAND ODP-BOR-FAA-022,16,  -   ,544121,340.075.625,AREA 4,SULAWESI,MANADO,PT2,Telkom Akses,246,9. PT2/Batch 2,Prio September,NY Go Live,0,Y,y,20 Branch,#N/A,01. Persiapan,Ready,,,,,,,,,,#N/A,,,,
12306931,12306931-PT2-EXPAND ODP-AMR-FZB-019,16,  -   ,544121,340.075.625,AREA 4,SULAWESI,MANADO,PT2,Telkom Akses,244,9. PT2/Batch 2,Prio September,NY Go Live,0,Y,y,20 Branch,#N/A,01. Persiapan,Ready,,,,,,,,,,#N/A,,,,
12306913,12306913-PT2-EXPAND ODP-AMR-FZB-018,16,  -   ,544121,340.075.625,AREA 4,SULAWESI,MANADO,PT2,Telkom Akses,243,9. PT2/Batch 2,Prio September,NY Go Live,0,Y,y,20 Branch,#N/A,01. Persiapan,Ready,,,,,,,,,,#N/A,,,,
12306876,12306876-PT2-EXPAND ODP-AMR-FZB-013,16,  -   ,544121,340.075.625,AREA 4,SULAWESI,MANADO,PT2,Telkom Akses,242,9. PT2/Batch 2,Prio September,NY Go Live,0,Y,y,20 Branch,#N/A,01. Persiapan,Ready,,,,,,,,,,#N/A,,,,
12257562,MINAHASA SELATAN_108465_H2_2025,16,  -   ,5851676,"365729,75",AREA 4,SULAWESI,MANADO,PT2,Telkom Akses,241,9. PT2/Batch 2,Prio September,NY Go Live,0,Y,y,20 Branch,#N/A,01. Persiapan,Ready,,,,,,,,,,#N/A,,,,
12299136,12299136-PT2-EXPAND ODP-AMD-FAN-008,16,  -   ,544121,340.075.625,AREA 4,SULAWESI,MANADO,PT2,Telkom Akses,240,9. PT2/Batch 2,Prio September,NY Go Live,0,Y,y,20 Branch,#N/A,01. Persiapan,Ready,,,,,,,,,,#N/A,,,,
10591589,10591589-7SUMA-TNT-EXPAND-ODP-TNT-FBL-008,8,  -   ,1933168,241646,AREA 4,SULAWESI,TERNATE,PT2,Telkom Akses,51,9. PT2/Batch 2,Prio September,NY Go Live,0,Y,y,20 Branch,#N/A,04. Finish Instalasi,Ready,,,,,,,,,,#N/A,,,,
10586040,10586040-7SUMA-TNT-EXPAND-ODP-TNT-FBA-001,8,  -   ,1864182,"233022,75",AREA 4,SULAWESI,TERNATE,PT2,Telkom Akses,50,9. PT2/Batch 2,Prio September,NY Go Live,0,Y,y,20 Branch,#N/A,01. Persiapan,Ready,,,,,,,,,,#N/A,,,,
11413292,11413292-PT2-JLL-FAG-AHRURLAL UAPD NL,8,  -   ,3150413,393.801.625,AREA 4,SULAWESI,TERNATE,PT2,Telkom Akses,49,9. PT2/Batch 2,Prio September,NY Go Live,0,Y,y,20 Branch,#N/A,01. Persiapan,Ready,,,,,,,,,,#N/A,,,,
13205090,ODP-TMH-FAU/70,8,  -   ,2126107,265.763.375,AREA 4,SULAWESI,MANADO,PT2,Telkom Akses,298,20. PT2/Batch 7 thp 2,Prio September,NY Go Live,0,Y,y,20 Branch,#N/A,00. Propose Drop,Ready,,,,,"Irisan Cleansing Port 2,3 Jt",,,,,#N/A,,,,
13208903,ODP-KTG-FAF/86,8,  -   ,2126107,265.763.375,AREA 4,SULAWESI,MANADO,PT2,Telkom Akses,299,20. PT2/Batch 7 thp 2,Prio September,NY Go Live,0,Y,y,20 Branch,#N/A,01. Persiapan,Ready,,,,,,,,,,#N/A,,,,
13205104,ODP-LAN-FAC/22,8,  -   ,2126107,265.763.375,AREA 4,SULAWESI,MANADO,PT2,Telkom Akses,300,20. PT2/Batch 7 thp 2,Prio September,NY Go Live,0,Y,y,20 Branch,#N/A,00. Propose Drop,Ready,,,,,"Irisan Cleansing Port 2,3 Jt",,,,,#N/A,,,,
13208876,ODP-KTG-FAF/11,8,  -   ,2126107,265.763.375,AREA 4,SULAWESI,MANADO,PT2,Telkom Akses,305,20. PT2/Batch 7 thp 2,Prio September,NY Go Live,0,Y,y,20 Branch,#N/A,01. Persiapan,Ready,,,,,,,,,,#N/A,,,,
13205208,ODP-LAN-FZE/25,8,  -   ,2126107,265.763.375,AREA 4,SULAWESI,MANADO,PT2,Telkom Akses,306,20. PT2/Batch 7 thp 2,Prio September,NY Go Live,0,Y,y,20 Branch,#N/A,00. Propose Drop,Ready,,,,,"Irisan Cleansing Port 2,3 Jt",,,,,#N/A,,,,
13202397,ODP-KTG-FAF/76,8,  -   ,2126107,265.763.375,AREA 4,SULAWESI,MANADO,PT2,Telkom Akses,307,20. PT2/Batch 7 thp 2,Prio September,NY Go Live,0,Y,y,20 Branch,#N/A,00. Propose Drop,Ready,,,,,"Irisan Cleansing Port 2,3 Jt",,,,,#N/A,,,,
13200181,ODP-KTG-FAF/13,8,  -   ,2126107,265.763.375,AREA 4,SULAWESI,MANADO,PT2,Telkom Akses,308,20. PT2/Batch 7 thp 2,Prio September,NY Go Live,0,Y,y,20 Branch,#N/A,01. Persiapan,Ready,,,,,,,,,,#N/A,,,,
13208924,ODP-KTG-FBF/91,8,  -   ,2126107,265.763.375,AREA 4,SULAWESI,MANADO,PT2,Telkom Akses,309,20. PT2/Batch 7 thp 2,Prio September,NY Go Live,0,Y,y,20 Branch,#N/A,01. Persiapan,Ready,,,,,,,,,,#N/A,,,,
13197826,ODP-TUT-FAA/28,8,  -   ,2126107,265.763.375,AREA 4,SULAWESI,MANADO,PT2,Telkom Akses,311,20. PT2/Batch 7 thp 2,Prio September,NY Go Live,0,Y,y,20 Branch,#N/A,00. Propose Drop,Ready,,,,,"Irisan Cleansing Port 2,3 Jt",,,,,#N/A,,,,
13262792,ODP-TMH-FAH/129,8,  -   ,2126107,265.763.375,AREA 4,SULAWESI,MANADO,PT2,Telkom Akses,313,20. PT2/Batch 7 thp 2,Prio September,NY Go Live,0,Y,y,20 Branch,#N/A,00. Propose Drop,Ready,,,,,"Irisan Cleansing Port 2,3 Jt",,,,,#N/A,,,,
13208966,ODP-KTG-FBE/53,8,  -   ,2126107,265.763.375,AREA 4,SULAWESI,MANADO,PT2,Telkom Akses,314,20. PT2/Batch 7 thp 2,Prio September,NY Go Live,0,Y,y,20 Branch,#N/A,00. Propose Drop,Ready,,,,,"Irisan Cleansing Port 2,3 Jt",,,,,#N/A,,,,
13262799,ODP-AMR-FAK/38,8,  -   ,2126107,265.763.375,AREA 4,SULAWESI,MANADO,PT2,Telkom Akses,315,20. PT2/Batch 7 thp 2,Prio September,NY Go Live,0,Y,y,20 Branch,#N/A,00. Propose Drop,Ready,,,,,"Irisan Cleansing Port 2,3 Jt",,,,,#N/A,,,,
13208993,ODP-KTG-FBR/20,8,  -   ,2126107,265.763.375,AREA 4,SULAWESI,MANADO,PT2,Telkom Akses,316,20. PT2/Batch 7 thp 2,Prio September,NY Go Live,0,Y,y,20 Branch,#N/A,01. Persiapan,Ready,,,,,,,,,,#N/A,,,,
13204692,ODP-TMH-FAQ/36,8,  -   ,2126107,265.763.375,AREA 4,SULAWESI,MANADO,PT2,Telkom Akses,318,20. PT2/Batch 7 thp 2,Prio September,NY Go Live,0,Y,y,20 Branch,#N/A,00. Propose Drop,Ready,,,,,"Irisan Cleansing Port 2,3 Jt",,,,,#N/A,,,,
13200432,ODP-TDN-FAE/10,8,  -   ,2126107,265.763.375,AREA 4,SULAWESI,MANADO,PT2,Telkom Akses,321,20. PT2/Batch 7 thp 2,Prio September,NY Go Live,0,Y,y,20 Branch,#N/A,00. Propose Drop,Ready,,,,,"Irisan Cleansing Port 2,3 Jt",,,,,#N/A,,,,
13200236,ODP-TDN-FAK/35,8,  -   ,1525073,190.634.125,AREA 4,SULAWESI,MANADO,PT2,Telkom Akses,322,20. PT2/Batch 7 thp 2,Prio September,NY Go Live,0,Y,y,20 Branch,#N/A,00. Propose Drop,Ready,,,,,"Irisan Cleansing Port 2,3 Jt",,,,,#N/A,,,,
13200281,ODP-TDN-FAK/15,8,  -   ,2126107,265.763.375,AREA 4,SULAWESI,MANADO,PT2,Telkom Akses,323,20. PT2/Batch 7 thp 2,Prio September,NY Go Live,0,Y,y,20 Branch,#N/A,00. Propose Drop,Ready,,,,,"Irisan Cleansing Port 2,3 Jt",,,,,#N/A,,,,
13238532,ODP-AMR-FAC/93,8,  -   ,2126107,265.763.375,AREA 4,SULAWESI,MANADO,PT2,Telkom Akses,324,20. PT2/Batch 7 thp 2,Prio September,NY Go Live,0,Y,y,20 Branch,#N/A,00. Propose Drop,Ready,,,,,"Irisan Cleansing Port 2,3 Jt",,,,,#N/A,,,,
13206404,ODP-BOR-FAA/34,8,  -   ,2126107,265.763.375,AREA 4,SULAWESI,MANADO,PT2,Telkom Akses,326,20. PT2/Batch 7 thp 2,Prio September,NY Go Live,0,Y,y,20 Branch,#N/A,00. Propose Drop,Ready,,,,,"Irisan Cleansing Port 2,3 Jt",,,,,#N/A,,,,
13223127,ODP-BUO-FA/38,8,  -   ,2075753,259.469.125,AREA 4,SULAWESI,MANADO,PT2,Telkom Akses,328,20. PT2/Batch 7 thp 2,Prio September,NY Go Live,0,Y,y,20 Branch,#N/A,01. Persiapan,Ready,,,,,,,,,,#N/A,,,,
13205027,ODP-LAN-FAC/44,8,  -   ,1525073,190.634.125,AREA 4,SULAWESI,MANADO,PT2,Telkom Akses,329,20. PT2/Batch 7 thp 2,Prio September,NY Go Live,0,Y,y,20 Branch,#N/A,01. Persiapan,Ready,,,,,,,,,,#N/A,,,,
13204666,ODP-TMH-FAE/33,8,  -   ,2126107,265.763.375,AREA 4,SULAWESI,MANADO,PT2,Telkom Akses,330,20. PT2/Batch 7 thp 2,Prio September,NY Go Live,0,Y,y,20 Branch,#N/A,01. Persiapan,Ready,,,,,,,,,,#N/A,,,,
13204973,ODP-TUT-FAA/31,8,  -   ,2126107,265.763.375,AREA 4,SULAWESI,MANADO,PT2,Telkom Akses,331,20. PT2/Batch 7 thp 2,Prio September,NY Go Live,0,Y,y,20 Branch,#N/A,00. Propose Drop,Ready,,,,,"Irisan Cleansing Port 2,3 Jt",,,,,#N/A,,,,
13200619,ODP-TDN-FAG/18,8,  -   ,2126107,265.763.375,AREA 4,SULAWESI,MANADO,PT2,Telkom Akses,332,20. PT2/Batch 7 thp 2,Prio September,NY Go Live,0,Y,y,20 Branch,#N/A,00. Propose Drop,Ready,,,,,"Irisan Cleansing Port 2,3 Jt",,,,,#N/A,,,,
13200771,ODP-TDN-FAG/57,8,  -   ,1525073,190.634.125,AREA 4,SULAWESI,MANADO,PT2,Telkom Akses,333,20. PT2/Batch 7 thp 2,Prio September,NY Go Live,0,Y,y,20 Branch,#N/A,01. Persiapan,Ready,,,,,,,,,,#N/A,,,,
13205217,ODP-TMH-FAU/72,8,  -   ,2126107,265.763.375,AREA 4,SULAWESI,MANADO,PT2,Telkom Akses,334,20. PT2/Batch 7 thp 2,Prio September,NY Go Live,0,Y,y,20 Branch,#N/A,00. Propose Drop,Ready,,,,,"Irisan Cleansing Port 2,3 Jt",,,,,#N/A,,,,
13205223,ODP-TMH-FAW/47,8,  -   ,2126107,265.763.375,AREA 4,SULAWESI,MANADO,PT2,Telkom Akses,335,20. PT2/Batch 7 thp 2,Prio September,NY Go Live,0,Y,y,20 Branch,#N/A,00. Propose Drop,Ready,,,,,"Irisan Cleansing Port 2,3 Jt",,,,,#N/A,,,,
13262857,ODP-TMH-FAU/56,8,  -   ,2126107,265.763.375,AREA 4,SULAWESI,MANADO,PT2,Telkom Akses,336,20. PT2/Batch 7 thp 2,Prio September,NY Go Live,0,Y,y,20 Branch,#N/A,00. Propose Drop,Ready,,,,,"Irisan Cleansing Port 2,3 Jt",,,,,#N/A,,,,
13204796,ODP-BIT-FJ/35,8,  8 ,2126107,265.763.375,AREA 4,SULAWESI,MANADO,PT2,Telkom Akses,337,20. PT2/Batch 7 thp 2,Prio September,NY Go Live,0,Y,y,20 Branch,#N/A,05. Go Live,Ready,,,,,,,,,,#N/A,,,,
13262863,ODP-TMH-FAU/128,8,  -   ,2126107,265.763.375,AREA 4,SULAWESI,MANADO,PT2,Telkom Akses,338,20. PT2/Batch 7 thp 2,Prio September,NY Go Live,0,Y,y,20 Branch,#N/A,00. Propose Drop,Ready,,,,,"Irisan Cleansing Port 2,3 Jt",,,,,#N/A,,,,
13262869,ODP-AMR-FAJ/26,8,  -   ,2126107,265.763.375,AREA 4,SULAWESI,MANADO,PT2,Telkom Akses,339,20. PT2/Batch 7 thp 2,Prio September,NY Go Live,0,Y,y,20 Branch,#N/A,01. Persiapan,Ready,,,,,,,,,,#N/A,,,,
13262871,ODP-AMR-FAC/48,8,  -   ,2126107,265.763.375,AREA 4,SULAWESI,MANADO,PT2,Telkom Akses,340,20. PT2/Batch 7 thp 2,Prio September,NY Go Live,0,Y,y,20 Branch,#N/A,00. Propose Drop,Ready,,,,,"Irisan Cleansing Port 2,3 Jt",,,,,#N/A,,,,
13196339,ODP-TUT-FAA/8,8,  -   ,2126107,265.763.375,AREA 4,SULAWESI,MANADO,PT2,Telkom Akses,343,20. PT2/Batch 7 thp 2,Prio September,NY Go Live,0,Y,y,20 Branch,#N/A,01. Persiapan,Ready,,,,,,,,,,#N/A,,,,
13207369,ODP-TMH-FAW/12,8,  -   ,2126107,265.763.375,AREA 4,SULAWESI,MANADO,PT2,Telkom Akses,344,20. PT2/Batch 7 thp 2,Prio September,NY Go Live,0,Y,y,20 Branch,#N/A,00. Propose Drop,Ready,,,,,"Irisan Cleansing Port 2,3 Jt",,,,,#N/A,,,,
13246884,ODP-TMH-FAU/64,8,  -   ,2126107,265.763.375,AREA 4,SULAWESI,MANADO,PT2,Telkom Akses,347,20. PT2/Batch 7 thp 2,Prio September,NY Go Live,0,Y,y,20 Branch,#N/A,00. Propose Drop,Ready,,,,,"Irisan Cleansing Port 2,3 Jt",,,,,#N/A,,,,
13209014,ODP-KTG-FBD/24,8,  -   ,2126107,265.763.375,AREA 4,SULAWESI,MANADO,PT2,Telkom Akses,350,20. PT2/Batch 7 thp 2,Prio September,NY Go Live,0,Y,y,20 Branch,#N/A,01. Persiapan,Ready,,,,,,,,,,#N/A,,,,
13202424,ODP-KTG-FBF/63,8,  -   ,2126107,265.763.375,AREA 4,SULAWESI,MANADO,PT2,Telkom Akses,351,20. PT2/Batch 7 thp 2,Prio September,NY Go Live,0,Y,y,20 Branch,#N/A,01. Persiapan,Ready,,,,,,,,,,#N/A,,,,
13262907,ODP-LAN-FAD/16,8,  -   ,2126107,265.763.375,AREA 4,SULAWESI,MANADO,PT2,Telkom Akses,353,20. PT2/Batch 7 thp 2,Prio September,NY Go Live,0,Y,y,20 Branch,#N/A,01. Persiapan,Ready,,,,,,,,,,#N/A,,,,
13206994,ODP-TMH-FAU/121,8,  -   ,2126107,265.763.375,AREA 4,SULAWESI,MANADO,PT2,Telkom Akses,354,20. PT2/Batch 7 thp 2,Prio September,NY Go Live,0,Y,y,20 Branch,#N/A,00. Propose Drop,Ready,,,,,"Irisan Cleansing Port 2,3 Jt",,,,,#N/A,,,,
13263286,ODP-TMH-FAU/93,8,  -   ,2035864,254483,AREA 4,SULAWESI,MANADO,PT2,Telkom Akses,355,20. PT2/Batch 7 thp 2,Prio September,NY Go Live,0,Y,y,20 Branch,#N/A,00. Propose Drop,Ready,,,,,"Irisan Cleansing Port 2,3 Jt",,,,,#N/A,,,,
13206925,ODP-LAN-FAA/112,8,  -   ,864394,"108049,25",AREA 4,SULAWESI,MANADO,PT2,Telkom Akses,356,20. PT2/Batch 7 thp 2,Prio September,NY Go Live,0,Y,y,20 Branch,#N/A,00. Propose Drop,Ready,,,,,"Irisan Cleansing Port 2,3 Jt",,,,,#N/A,,,,
13263293,ODP-TMH-FAE/32,8,  -   ,2126107,265.763.375,AREA 4,SULAWESI,MANADO,PT2,Telkom Akses,357,20. PT2/Batch 7 thp 2,Prio September,NY Go Live,0,Y,y,20 Branch,#N/A,01. Persiapan,Ready,,,,,,,,,,#N/A,,,,
13202495,ODP-KTG-FBD/59,8,  -   ,2126107,265.763.375,AREA 4,SULAWESI,MANADO,PT2,Telkom Akses,358,20. PT2/Batch 7 thp 2,Prio September,NY Go Live,0,Y,y,20 Branch,#N/A,01. Persiapan,Ready,,,,,,,,,,#N/A,,,,
13206495,ODP-BOR-FAA/35,8,  -   ,2126107,265.763.375,AREA 4,SULAWESI,MANADO,PT2,Telkom Akses,359,20. PT2/Batch 7 thp 2,Prio September,NY Go Live,0,Y,y,20 Branch,#N/A,00. Propose Drop,Ready,,,,,"Irisan Cleansing Port 2,3 Jt",,,,,#N/A,,,,
13263298,ODP-BOR-FAA/16,8,  -   ,2126107,265.763.375,AREA 4,SULAWESI,MANADO,PT2,Telkom Akses,360,20. PT2/Batch 7 thp 2,Prio September,NY Go Live,0,Y,y,20 Branch,#N/A,00. Propose Drop,Ready,,,,,"Irisan Cleansing Port 2,3 Jt",,,,,#N/A,,,,
13202765,ODP-KTG-FBE/111,8,  -   ,2126107,265.763.375,AREA 4,SULAWESI,MANADO,PT2,Telkom Akses,361,20. PT2/Batch 7 thp 2,Prio September,NY Go Live,0,Y,y,20 Branch,#N/A,01. Persiapan,Ready,,,,,,,,,,#N/A,,,,
13209035,ODP-KTG-FAJ/24,8,  -   ,2126107,265.763.375,AREA 4,SULAWESI,MANADO,PT2,Telkom Akses,362,20. PT2/Batch 7 thp 2,Prio September,NY Go Live,0,Y,y,20 Branch,#N/A,01. Persiapan,Ready,,,,,,,,,,#N/A,,,,
13204920,ODP-LAN-FAB/52,8,  -   ,2126107,265.763.375,AREA 4,SULAWESI,MANADO,PT2,Telkom Akses,363,20. PT2/Batch 7 thp 2,Prio September,NY Go Live,0,Y,y,20 Branch,#N/A,00. Propose Drop,Ready,,,,,"Irisan Cleansing Port 2,3 Jt",,,,,#N/A,,,,
13200347,ODP-TDN-FAH/29,8,  -   ,2126107,265.763.375,AREA 4,SULAWESI,MANADO,PT2,Telkom Akses,365,20. PT2/Batch 7 thp 2,Prio September,NY Go Live,0,Y,y,20 Branch,#N/A,00. Propose Drop,Ready,,,,,"Irisan Cleansing Port 2,3 Jt",,,,,#N/A,,,,
13263310,ODP-AMR-FAG/11,8,  -   ,2126107,265.763.375,AREA 4,SULAWESI,MANADO,PT2,Telkom Akses,367,20. PT2/Batch 7 thp 2,Prio September,NY Go Live,0,Y,y,20 Branch,#N/A,01. Persiapan,Ready,,,,,,,,,,#N/A,,,,
13197965,ODP-AMD-FAP/33,8,  -   ,2126107,265.763.375,AREA 4,SULAWESI,MANADO,PT2,Telkom Akses,368,20. PT2/Batch 7 thp 2,Prio September,NY Go Live,0,Y,y,20 Branch,#N/A,00. Propose Drop,Ready,,,,,"Irisan Cleansing Port 2,3 Jt",,,,,#N/A,,,,
13208942,ODP-KTG-FBM/38,8,  -   ,2126107,265.763.375,AREA 4,SULAWESI,MANADO,PT2,Telkom Akses,369,20. PT2/Batch 7 thp 2,Prio September,NY Go Live,0,Y,y,20 Branch,#N/A,01. Persiapan,Ready,,,,,,,,,,#N/A,,,,
13200677,ODP-TUT-FAA/80,8,  -   ,2126107,265.763.375,AREA 4,SULAWESI,MANADO,PT2,Telkom Akses,370,20. PT2/Batch 7 thp 2,Prio September,NY Go Live,0,Y,y,20 Branch,#N/A,00. Propose Drop,Ready,,,,,"Irisan Cleansing Port 2,3 Jt",,,,,#N/A,,,,
13201749,ODP-TDN-FAK/31,8,  -   ,2126107,265.763.375,AREA 4,SULAWESI,MANADO,PT2,Telkom Akses,371,20. PT2/Batch 7 thp 2,Prio September,NY Go Live,0,Y,y,20 Branch,#N/A,00. Propose Drop,Ready,,,,,"Irisan Cleansing Port 2,3 Jt",,,,,#N/A,,,,
13201005,ODP-TDN-FAJ/41,8,  -   ,2126107,265.763.375,AREA 4,SULAWESI,MANADO,PT2,Telkom Akses,372,20. PT2/Batch 7 thp 2,Prio September,NY Go Live,0,Y,y,20 Branch,#N/A,01. Persiapan,Ready,,,,,,,,,,#N/A,,,,
13209011,ODP-KTG-FBP/31,8,  -   ,2126107,265.763.375,AREA 4,SULAWESI,MANADO,PT2,Telkom Akses,373,20. PT2/Batch 7 thp 2,Prio September,NY Go Live,0,Y,y,20 Branch,#N/A,01. Persiapan,Ready,,,,,,,,,,#N/A,,,,
13206790,ODP-TDN-FAG/4,8,  -   ,2126107,265.763.375,AREA 4,SULAWESI,MANADO,PT2,Telkom Akses,374,20. PT2/Batch 7 thp 2,Prio September,NY Go Live,0,Y,y,20 Branch,#N/A,01. Persiapan,Ready,,,,,,,,,,#N/A,,,,
13209189,ODP-KTG-FAF/34,8,  -   ,2126107,265.763.375,AREA 4,SULAWESI,MANADO,PT2,Telkom Akses,375,20. PT2/Batch 7 thp 2,Prio September,NY Go Live,0,Y,y,20 Branch,#N/A,01. Persiapan,Ready,,,,,,,,,,#N/A,,,,
13209415,ODP-KTG-FAF/80,8,  -   ,2126107,265.763.375,AREA 4,SULAWESI,MANADO,PT2,Telkom Akses,376,20. PT2/Batch 7 thp 2,Prio September,NY Go Live,0,Y,y,20 Branch,#N/A,01. Persiapan,Ready,,,,,,,,,,#N/A,,,,
13263323,ODP-LAN-FZB/13,8,  -   ,2126107,265.763.375,AREA 4,SULAWESI,MANADO,PT2,Telkom Akses,380,20. PT2/Batch 7 thp 2,Prio September,NY Go Live,0,Y,y,20 Branch,#N/A,01. Persiapan,Ready,,,,,,,,,,#N/A,,,,
13198664,ODP-TDN-FAK/47,8,  -   ,1525073,190.634.125,AREA 4,SULAWESI,MANADO,PT2,Telkom Akses,384,20. PT2/Batch 7 thp 2,Prio September,NY Go Live,0,Y,y,20 Branch,#N/A,00. Propose Drop,Ready,,,,,"Irisan Cleansing Port 2,3 Jt",,,,,#N/A,,,,
13202780,ODP-KTG-FBD/37,8,  -   ,2126107,265.763.375,AREA 4,SULAWESI,MANADO,PT2,Telkom Akses,385,20. PT2/Batch 7 thp 2,Prio September,NY Go Live,0,Y,y,20 Branch,#N/A,01. Persiapan,Ready,,,,,,,,,,#N/A,,,,
13202797,ODP-LAN-FAB/3,8,  -   ,2126107,265.763.375,AREA 4,SULAWESI,MANADO,PT2,Telkom Akses,386,20. PT2/Batch 7 thp 2,Prio September,NY Go Live,0,Y,y,20 Branch,#N/A,01. Persiapan,Ready,,,,,,,,,,#N/A,,,,
13263340,ODP-KTG-FBE/107,8,  -   ,2126107,265.763.375,AREA 4,SULAWESI,MANADO,PT2,Telkom Akses,387,20. PT2/Batch 7 thp 2,Prio September,NY Go Live,0,Y,y,20 Branch,#N/A,00. Propose Drop,Ready,,,,,"Irisan Cleansing Port 2,3 Jt",,,,,#N/A,,,,
13204471,ODP-KTG-FBF/21,8,  -   ,2126107,265.763.375,AREA 4,SULAWESI,MANADO,PT2,Telkom Akses,388,20. PT2/Batch 7 thp 2,Prio September,NY Go Live,0,Y,y,20 Branch,#N/A,00. Propose Drop,Ready,,,,,"Irisan Cleansing Port 2,3 Jt",,,,,#N/A,,,,
13223129,ODP-BUO-FA/9,8,  -   ,2075753,259.469.125,AREA 4,SULAWESI,MANADO,PT2,Telkom Akses,389,20. PT2/Batch 7 thp 2,Prio September,NY Go Live,0,Y,y,20 Branch,#N/A,00. Propose Drop,Ready,,,,,"Irisan Cleansing Port 2,3 Jt",,,,,#N/A,,,,
13202577,ODP-TDN-FAG/21,8,  -   ,2126107,265.763.375,AREA 4,SULAWESI,MANADO,PT2,Telkom Akses,391,20. PT2/Batch 7 thp 2,Prio September,NY Go Live,0,Y,y,20 Branch,#N/A,00. Propose Drop,Ready,,,,,"Irisan Cleansing Port 2,3 Jt",,,,,#N/A,,,,
13263344,ODP-AMR-FAK/35,8,  -   ,2126107,265.763.375,AREA 4,SULAWESI,MANADO,PT2,Telkom Akses,392,20. PT2/Batch 7 thp 2,Prio September,NY Go Live,0,Y,y,20 Branch,#N/A,00. Propose Drop,Ready,,,,,"Irisan Cleansing Port 2,3 Jt",,,,,#N/A,,,,
13207615,ODP-KTG-FAF/73,8,  -   ,2126107,265.763.375,AREA 4,SULAWESI,MANADO,PT2,Telkom Akses,395,20. PT2/Batch 7 thp 2,Prio September,NY Go Live,0,Y,y,20 Branch,#N/A,01. Persiapan,Ready,,,,,,,,,,#N/A,,,,
13204988,ODP-LAN-FAC/19,8,  -   ,2126107,265.763.375,AREA 4,SULAWESI,MANADO,PT2,Telkom Akses,396,20. PT2/Batch 7 thp 2,Prio September,NY Go Live,0,Y,y,20 Branch,#N/A,00. Propose Drop,Ready,,,,,"Irisan Cleansing Port 2,3 Jt",,,,,#N/A,,,,
13204493,ODP-KTG-FBE/52,8,  -   ,2126107,265.763.375,AREA 4,SULAWESI,MANADO,PT2,Telkom Akses,398,20. PT2/Batch 7 thp 2,Prio September,NY Go Live,0,Y,y,20 Branch,#N/A,01. Persiapan,Ready,,,,,,,,,,#N/A,,,,
13203811,ODP-LAN-FAD/24,8,  -   ,2126107,265.763.375,AREA 4,SULAWESI,MANADO,PT2,Telkom Akses,399,20. PT2/Batch 7 thp 2,Prio September,NY Go Live,0,Y,y,20 Branch,#N/A,01. Persiapan,Ready,,,,,,,,,,#N/A,,,,
13235757,ODP-AMR-FAJ/24,8,  -   ,2126107,265.763.375,AREA 4,SULAWESI,MANADO,PT2,Telkom Akses,402,20. PT2/Batch 7 thp 2,Prio September,NY Go Live,0,Y,y,20 Branch,#N/A,00. Propose Drop,Ready,,,,,"Irisan Cleansing Port 2,3 Jt",,,,,#N/A,,,,
13263362,ODP-AMR-FAJ/23,8,  -   ,2126107,265.763.375,AREA 4,SULAWESI,MANADO,PT2,Telkom Akses,403,20. PT2/Batch 7 thp 2,Prio September,NY Go Live,0,Y,y,20 Branch,#N/A,01. Persiapan,Ready,,,,,,,,,,#N/A,,,,
13208847,ODP-KTG-FAF/90,8,  -   ,2126107,265.763.375,AREA 4,SULAWESI,MANADO,PT2,Telkom Akses,404,20. PT2/Batch 7 thp 2,Prio September,NY Go Live,0,Y,y,20 Branch,#N/A,01. Persiapan,Ready,,,,,,,,,,#N/A,,,,
13205937,ODP-KTG-FBF/61,8,  -   ,2126107,265.763.375,AREA 4,SULAWESI,MANADO,PT2,Telkom Akses,408,20. PT2/Batch 7 thp 2,Prio September,NY Go Live,0,Y,y,20 Branch,#N/A,01. Persiapan,Ready,,,,,,,,,,#N/A,,,,
13203253,ODP-TMH-FAU/136,8,  -   ,1525073,190.634.125,AREA 4,SULAWESI,MANADO,PT2,Telkom Akses,413,20. PT2/Batch 7 thp 2,Prio September,NY Go Live,0,Y,y,20 Branch,#N/A,01. Persiapan,Ready,,,,,,,,,,#N/A,,,,
13204508,ODP-KTG-FBD/23,8,  -   ,2126107,265.763.375,AREA 4,SULAWESI,MANADO,PT2,Telkom Akses,414,20. PT2/Batch 7 thp 2,Prio September,NY Go Live,0,Y,y,20 Branch,#N/A,00. Propose Drop,Ready,,,,,"Irisan Cleansing Port 2,3 Jt",,,,,#N/A,,,,
13203696,ODP-TMH-FAU/106,8,  -   ,2126107,265.763.375,AREA 4,SULAWESI,MANADO,PT2,Telkom Akses,415,20. PT2/Batch 7 thp 2,Prio September,NY Go Live,0,Y,y,20 Branch,#N/A,01. Persiapan,Ready,,,,,,,,,,#N/A,,,,
13200567,ODP-KTG-FBE/106,8,  -   ,2126107,265.763.375,AREA 4,SULAWESI,MANADO,PT2,Telkom Akses,417,20. PT2/Batch 7 thp 2,Prio September,NY Go Live,0,Y,y,20 Branch,#N/A,00. Propose Drop,Ready,,,,,"Irisan Cleansing Port 2,3 Jt",,,,,#N/A,,,,
13197447,ODP-LAN-FAD/30,8,  -   ,2126107,265.763.375,AREA 4,SULAWESI,MANADO,PT2,Telkom Akses,420,20. PT2/Batch 7 thp 2,Prio September,NY Go Live,0,Y,y,20 Branch,#N/A,01. Persiapan,Ready,,,,,,,,,,#N/A,,,,
13196345,ODP-LAN-FAD/29,8,  -   ,2126107,265.763.375,AREA 4,SULAWESI,MANADO,PT2,Telkom Akses,421,20. PT2/Batch 7 thp 2,Prio September,NY Go Live,0,Y,y,20 Branch,#N/A,00. Propose Drop,Ready,,,,,"Irisan Cleansing Port 2,3 Jt",,,,,#N/A,,,,
13248954,ODP-AMD-FAX/023,8,  -   ,789121,98.640.125,AREA 4,SULAWESI,MANADO,PT2,Telkom Akses,448,20. PT2/Batch 7 thp 2,Prio September,NY Go Live,0,Y,y,20 Branch,#N/A,01. Persiapan,Ready,,,,,,,,,,#N/A,,,,
12026046,ODP-KAU-FC/019,8,  -   ,864394,"108049,25",AREA 4,SULAWESI,MANADO,PT2,Telkom Akses,449,20. PT2/Batch 7 thp 2,Prio September,NY Go Live,0,Y,y,20 Branch,#N/A,01. Persiapan,Ready,,,,,,,,,,#N/A,,,,
13263383,ODP-TMH-FAG/065,8,  -   ,1525073,190.634.125,AREA 4,SULAWESI,MANADO,PT2,Telkom Akses,454,20. PT2/Batch 7 thp 2,Prio September,NY Go Live,0,Y,y,20 Branch,#N/A,01. Persiapan,Ready,,,,,,,,,,#N/A,,,,
13241411,ODP-KWD-FAF/030,8,  -   ,2074657,259.332.125,AREA 4,SULAWESI,MANADO,PT2,Telkom Akses,456,20. PT2/Batch 7 thp 2,Prio September,NY Go Live,0,Y,y,20 Branch,#N/A,01. Persiapan,Ready,,,,,,,,,,#N/A,,,,
13248832,ODP-AMD-FAU/006,8,  -   ,2126107,265.763.375,AREA 4,SULAWESI,MANADO,PT2,Telkom Akses,459,20. PT2/Batch 7 thp 2,Prio September,NY Go Live,0,Y,y,20 Branch,#N/A,01. Persiapan,Ready,,,,,,,,,,#N/A,,,,
10464265,ODP-AMD-FAV/005,8,  -   ,1187664,148458,AREA 4,SULAWESI,MANADO,PT2,Telkom Akses,460,20. PT2/Batch 7 thp 2,Prio September,NY Go Live,0,Y,y,20 Branch,#N/A,00. Propose Drop,Ready,,,,,"Irisan Cleansing Port 2,3 Jt",,,,,#N/A,,,,
13248647,ODP-AMD-FAQ/038,8,  -   ,2126107,265.763.375,AREA 4,SULAWESI,MANADO,PT2,Telkom Akses,461,20. PT2/Batch 7 thp 2,Prio September,NY Go Live,0,Y,y,20 Branch,#N/A,01. Persiapan,Ready,,,,,,,,,,#N/A,,,,
13263408,ODP-BIT-FQ/012,8,  -   ,2035864,254483,AREA 4,SULAWESI,MANADO,PT2,Telkom Akses,466,20. PT2/Batch 7 thp 2,Prio September,NY Go Live,0,Y,y,20 Branch,#N/A,00. Propose Drop,Ready,,,,,"Irisan Cleansing Port 2,3 Jt",,,,,#N/A,,,,
10589258,ODP-KAU-FA/037,8,  -   ,1266684,"158335,5",AREA 4,SULAWESI,MANADO,PT2,Telkom Akses,473,20. PT2/Batch 7 thp 2,Prio September,NY Go Live,0,Y,y,20 Branch,#N/A,00. Propose Drop,Ready,,,,,"Irisan Cleansing Port 2,3 Jt",,,,,#N/A,,,,
13248052,ODP-AMD-FAQ/027,8,  -   ,1525073,190.634.125,AREA 4,SULAWESI,MANADO,PT2,Telkom Akses,474,20. PT2/Batch 7 thp 2,Prio September,NY Go Live,0,Y,y,20 Branch,#N/A,01. Persiapan,Ready,,,,,,,,,,#N/A,,,,
13249430,ODP-KAU-FZD/017,8,  -   ,2126107,265.763.375,AREA 4,SULAWESI,MANADO,PT2,Telkom Akses,476,20. PT2/Batch 7 thp 2,Prio September,NY Go Live,0,Y,y,20 Branch,#N/A,01. Persiapan,Ready,,,,,,,,,,#N/A,,,,
13280860,ODP-MOL-FAB/035,8,  -   ,1922834,"240354,25",AREA 4,SULAWESI,MANADO,PT2,Telkom Akses,292,21. PT2/Batch 7 thp 3,Prio September,NY Go Live,0,Y,y,20 Branch,#N/A,01. Persiapan,Ready,,,,,,,,,,#N/A,,,,
13280540,ODP-MOL-FAB/034,8,  -   ,1922834,"240354,25",AREA 4,SULAWESI,MANADO,PT2,Telkom Akses,291,21. PT2/Batch 7 thp 3,Prio September,NY Go Live,0,Y,y,20 Branch,#N/A,01. Persiapan,Ready,,,,,,,,,,#N/A,,,,
13280445,ODP-LAN-FZJ/020,8,  -   ,1922834,"240354,25",AREA 4,SULAWESI,MANADO,PT2,Telkom Akses,290,21. PT2/Batch 7 thp 3,Prio September,NY Go Live,0,Y,y,20 Branch,#N/A,01. Persiapan,Ready,,,,,,,,,,#N/A,,,,
13280276,ODP-MOL-FAB/030,8,  -   ,2914039,364.254.875,AREA 4,SULAWESI,MANADO,PT2,Telkom Akses,288,21. PT2/Batch 7 thp 3,Prio September,NY Go Live,0,Y,y,20 Branch,#N/A,01. Persiapan,Ready,,,,,,,,,,#N/A,,,,
13280200,ODP-MOL-FAA/034,8,  -   ,2914039,364.254.875,AREA 4,SULAWESI,MANADO,PT2,Telkom Akses,287,21. PT2/Batch 7 thp 3,Prio September,NY Go Live,0,Y,y,20 Branch,#N/A,01. Persiapan,Ready,,,,,,,,,,#N/A,,,,
13280106,ODP-MOL-FAA/016,8,  -   ,2914039,364.254.875,AREA 4,SULAWESI,MANADO,PT2,Telkom Akses,285,21. PT2/Batch 7 thp 3,Prio September,NY Go Live,0,Y,y,20 Branch,#N/A,01. Persiapan,Ready,,,,,,,,,,#N/A,,,,
13280046,ODP-MOL-FAA/005,8,  -   ,2914039,364.254.875,AREA 4,SULAWESI,MANADO,PT2,Telkom Akses,284,21. PT2/Batch 7 thp 3,Prio September,NY Go Live,0,Y,y,20 Branch,#N/A,01. Persiapan,Ready,,,,,,,,,,#N/A,,,,
13279598,ODP-MOL-FAA/002,8,  -   ,2914039,364.254.875,AREA 4,SULAWESI,MANADO,PT2,Telkom Akses,283,21. PT2/Batch 7 thp 3,Prio September,NY Go Live,0,Y,y,20 Branch,#N/A,01. Persiapan,Ready,,,,,,,,,,#N/A,,,,
13279509,ODP-MOL-F01/002,8,  -   ,2914039,364.254.875,AREA 4,SULAWESI,MANADO,PT2,Telkom Akses,281,21. PT2/Batch 7 thp 3,Prio September,NY Go Live,0,Y,y,20 Branch,#N/A,01. Persiapan,Ready,,,,,,,,,,#N/A,,,,
13279490,ODP-MDO-FZF/005,8,  -   ,2914039,364.254.875,AREA 4,SULAWESI,MANADO,PT2,Telkom Akses,280,21. PT2/Batch 7 thp 3,Prio September,NY Go Live,0,Y,y,20 Branch,#N/A,01. Persiapan,Ready,,,,,,,,,,#N/A,,,,
13279467,ODP-LAN-FZJ/006,8,  -   ,2914039,364.254.875,AREA 4,SULAWESI,MANADO,PT2,Telkom Akses,279,21. PT2/Batch 7 thp 3,Prio September,NY Go Live,0,Y,y,20 Branch,#N/A,01. Persiapan,Ready,,,,,,,,,,#N/A,,,,
13279428,ODP-LAN-FZJ/004,8,  -   ,2914039,364.254.875,AREA 4,SULAWESI,MANADO,PT2,Telkom Akses,278,21. PT2/Batch 7 thp 3,Prio September,NY Go Live,0,Y,y,20 Branch,#N/A,01. Persiapan,Ready,,,,,,,,,,#N/A,,,,
13278003,ODP-MRS-FAM/004,8,  -   ,2131062,"266382,75",AREA 4,SULAWESI,MANADO,PT2,Telkom Akses,269,21. PT2/Batch 7 thp 3,Prio September,NY Go Live,0,Y,y,20 Branch,#N/A,01. Persiapan,Ready,,,,,,,,,,#N/A,,,,
13277946,ODP-MRS-FAE/079,8,  -   ,864394,"108049,25",AREA 4,SULAWESI,MANADO,PT2,Telkom Akses,265,21. PT2/Batch 7 thp 3,Prio September,NY Go Live,0,Y,y,20 Branch,#N/A,01. Persiapan,Ready,,,,,,,,,,#N/A,,,,
13282978,ODP-JLL-FAP/019,8,  -   ,1244468,"155558,5",AREA 4,SULAWESI,TERNATE,PT2,Telkom Akses,47,21. PT2/Batch 7 thp 3,Prio September,NY Go Live,0,Y,y,20 Branch,#N/A,01. Persiapan,Ready,,,,,,,,,,#N/A,,,,
13241118,ODP-ISM-FAL/005,8,  -   ,864394,"108049,25",AREA 4,SULAWESI,MANADO,PT2,Telkom Akses,1429,20. PT2/Batch 7,Prio Agustus,NY Go Live,0,Y,y,20 Branch,PT2,01. Persiapan,Ready,,,,,,,,,,#N/A,,,,
13241044,ODP-GTL-FBV/045,8,  -   ,864394,"108049,25",AREA 4,SULAWESI,MANADO,PT2,Telkom Akses,1421,20. PT2/Batch 7,Prio Agustus,NY Go Live,0,Y,y,20 Branch,PT2,01. Persiapan,Ready,,,,,,,,,,#N/A,,,,
10586045,10586045-7SUMA-TNT-EXPAND-ODP-TNT-FBJ-132,8,  -   ,1864182,"233022,75",AREA 4,SULAWESI,TERNATE,PT2,Telkom Akses,1410,2. PT2/Batch 1,Prio Agustus,NY Go Live,0,Y,y,20 Branch,PT2,01. Persiapan,Ready,,,,,,,,,,#N/A,,,,
11986139,11986139-PT2-EXPAND ODP-TNT-FBC-024,8,  -   ,565270,"70658,75",AREA 4,SULAWESI,TERNATE,PT2,Telkom Akses,1386,2. PT2/Batch 1,Prio Agustus,NY Go Live,0,Y,y,20 Branch,PT2,04. Finish Instalasi,Ready,,,,,,,,,,#N/A,,,,
13241386,ODP-KWD-FAA/18,8,  -   ,2074657,259.332.125,AREA 4,SULAWESI,MANADO,PT2,Telkom Akses,1383,20. PT2/Batch 7,Prio Agustus,NY Go Live,0,Y,y,20 Branch,PT2,00. Propose Drop,Ready,,,,,"Irisan Cleansing Port 2,3 Jt",,,,,#N/A,,,,
13241241,ODP-KWD-FAA/037,8,  -   ,864394,"108049,25",AREA 4,SULAWESI,MANADO,PT2,Telkom Akses,1375,20. PT2/Batch 7,Prio Agustus,NY Go Live,0,Y,y,20 Branch,PT2,01. Persiapan,Ready,,,,,,,,,,#N/A,,,,
10615385,10615385-7SUMA-JLL-EXPAND-ODP-JLL-FAC-018,8,  -   ,1864182,"233022,75",AREA 4,SULAWESI,TERNATE,PT2,Telkom Akses,1370,9. PT2/Batch 2,Prio Agustus,NY Go Live,0,Y,y,20 Branch,PT2,01. Persiapan,Ready,,,,,,,,,,#N/A,,,,
13241130,ODP-ISM-FAL/026,8,  -   ,864394,"108049,25",AREA 4,SULAWESI,MANADO,PT2,Telkom Akses,1366,20. PT2/Batch 7,Prio Agustus,NY Go Live,0,Y,y,20 Branch,PT2,01. Persiapan,Ready,,,,,,,,,,#N/A,,,,
12977331,17. PT2 DM-AOk4260219112050186497570,8,  -   ,1131217,141.402.125,AREA 4,SULAWESI,MANADO,PT2,Telkom Akses,1365,12. PT2/Batch 4 UNTSEL,Prio Agustus,NY Go Live,0,Y,y,20 Branch,PT2,01. Persiapan,Ready,,,,,,,,,,#N/A,,,,
11858858,R5 GTL KWD ODP EXP ODP-KWD-FAJ017,8,  -   ,2046000,255750,AREA 4,SULAWESI,MANADO,PT2,Telkom Akses,1357,2. PT2/Batch 1,Prio Agustus,NY Go Live,0,Y,y,20 Branch,PT2,00. Propose Drop,Ready,,,,,"Irisan Cleansing Port 2,3 Jt",,,,,#N/A,,,,
13241426,ODP-KWD-FAG/044,8,  -   ,864394,"108049,25",AREA 4,SULAWESI,MANADO,PT2,Telkom Akses,1346,20. PT2/Batch 7,Prio Agustus,NY Go Live,0,Y,y,20 Branch,PT2,01. Persiapan,Ready,,,,,,,,,,#N/A,,,,
10586032,10586032-7SUMA-TNT-EXPAND-ODP-TNT-FBJ-075,8,  -   ,1864182,"233022,75",AREA 4,SULAWESI,TERNATE,PT2,Telkom Akses,1341,9. PT2/Batch 2,Prio Agustus,NY Go Live,0,Y,y,20 Branch,PT2,01. Persiapan,Ready,,,,,,,,,,#N/A,,,,
13057886,13057886-PT2-TOB-FAF-WARI,8,  -   ,2099331,262.416.375,AREA 4,SULAWESI,TERNATE,PT2,Telkom Akses,1333,12. PT2/Batch 4 UNTSEL,Prio Agustus,NY Go Live,0,Y,y,20 Branch,PT2,01. Persiapan,Ready,,,,,,,,,,#N/A,,,,
13241093,ODP-ISM-FAE/055,8,  -   ,864394,"108049,25",AREA 4,SULAWESI,MANADO,PT2,Telkom Akses,1330,20. PT2/Batch 7,Prio Agustus,NY Go Live,0,Y,y,20 Branch,PT2,01. Persiapan,Ready,,,,,,,,,,#N/A,,,,
13196016,ODP-MRS-FAE/21,8,  -   ,864394,"108049,25",AREA 4,SULAWESI,MANADO,PT2,Telkom Akses,1329,20. PT2/Batch 7,Prio Agustus,NY Go Live,0,Y,y,20 Branch,PT2,01. Persiapan,Ready,,,,,,,,,,#N/A,,,,
13201837,ODP-TNT-FAJ/124,8,  -   ,2180989,272.623.625,AREA 4,SULAWESI,TERNATE,PT2,Telkom Akses,1325,20. PT2/Batch 7,Prio Agustus,NY Go Live,0,Y,y,20 Branch,PT2,00. Propose Drop,Ready,,,,,"Irisan Cleansing Port 2,3 Jt",,,,,#N/A,,,,
13239319,ODP-JLL-FAP/012,8,  -   ,1556752,194594,AREA 4,SULAWESI,TERNATE,PT2,Telkom Akses,1324,20. PT2/Batch 7,Prio Agustus,NY Go Live,0,Y,y,20 Branch,PT2,01. Persiapan,Ready,,,,,,,,,,#N/A,,,,
11986443,11986443-PT2-EXPAND ODP-TNT-FAX-083,16,  -   ,565270,35.329.375,AREA 4,SULAWESI,TERNATE,PT2,Telkom Akses,1323,9. PT2/Batch 2,Prio Agustus,NY Go Live,0,Y,y,20 Branch,PT2,01. Persiapan,Ready,,,,,,,,,,#N/A,,,,
13241439,ODP-KWD-FAJ/015,8,  -   ,2074657,259.332.125,AREA 4,SULAWESI,MANADO,PT2,Telkom Akses,1320,20. PT2/Batch 7,Prio Agustus,NY Go Live,0,Y,y,20 Branch,PT2,00. Propose Drop,Ready,,,,,"Irisan Cleansing Port 2,3 Jt",,,,,#N/A,,,,
13202016,ODP-TNT-FAR/21,8,  -   ,2180989,272.623.625,AREA 4,SULAWESI,TERNATE,PT2,Telkom Akses,1315,20. PT2/Batch 7,Prio Agustus,NY Go Live,0,Y,y,20 Branch,PT2,00. Propose Drop,Ready,,,,,"Irisan Cleansing Port 2,3 Jt",,,,,#N/A,,,,
13241443,ODP-KWD-FAK/001,8,  -   ,864394,"108049,25",AREA 4,SULAWESI,MANADO,PT2,Telkom Akses,1309,20. PT2/Batch 7,Prio Agustus,NY Go Live,0,Y,y,20 Branch,PT2,01. Persiapan,Ready,,,,,,,,,,#N/A,,,,
13223137,ODP-BUO-FA/29,8,  -   ,2075753,259.469.125,AREA 4,SULAWESI,MANADO,PT2,Telkom Akses,1308,20. PT2/Batch 7,Prio Agustus,NY Go Live,0,Y,y,20 Branch,PT2,00. Propose Drop,Ready,,,,,"Irisan Cleansing Port 2,3 Jt",,,,,#N/A,,,,
13241453,ODP-KWD-FAM/014,8,  -   ,864394,"108049,25",AREA 4,SULAWESI,MANADO,PT2,Telkom Akses,1301,20. PT2/Batch 7,Prio Agustus,NY Go Live,0,Y,y,20 Branch,PT2,01. Persiapan,Ready,,,,,,,,,,#N/A,,,,
13195945,ODP-LBT-FAF/56,8,  -   ,2074657,259.332.125,AREA 4,SULAWESI,MANADO,PT2,Telkom Akses,1300,20. PT2/Batch 7,Prio Agustus,NY Go Live,0,Y,y,20 Branch,PT2,01. Persiapan,Ready,,,,,,,,,,#N/A,,,,
13241446,ODP-KWD-FAM/003,8,  -   ,864394,"108049,25",AREA 4,SULAWESI,MANADO,PT2,Telkom Akses,1283,20. PT2/Batch 7,Prio Agustus,NY Go Live,0,Y,y,20 Branch,PT2,01. Persiapan,Ready,,,,,,,,,,#N/A,,,,
13200810,ODP-TNT-FBD/34,8,  -   ,2180989,272.623.625,AREA 4,SULAWESI,TERNATE,PT2,Telkom Akses,1278,20. PT2/Batch 7,Prio Agustus,NY Go Live,0,Y,y,20 Branch,PT2,00. Propose Drop,Ready,,,,,"Irisan Cleansing Port 2,3 Jt",,,,,#N/A,,,,
13202522,ODP-SNN-FAA/11,8,  -   ,2093002,"261625,25",AREA 4,SULAWESI,TERNATE,PT2,Telkom Akses,1267,20. PT2/Batch 7,Prio Agustus,NY Go Live,0,Y,y,20 Branch,PT2,00. Propose Drop,Ready,,,,,"Irisan Cleansing Port 2,3 Jt",,,,,#N/A,,,,
13153376,PT2 EXPAND ODP-THN-FAC-054,8,  -   ,1184667,148.083.375,AREA 4,SULAWESI,MANADO,PT2,Telkom Akses,1260,19. PT2/Batch 7 UNTSEL,Prio Agustus,NY Go Live,0,Y,y,20 Branch,PT2,05. Go Live,Ready,,,,,,,,,,#N/A,,,,
13195959,ODP-MRS-FAN/4,8,  -   ,864394,"108049,25",AREA 4,SULAWESI,MANADO,PT2,Telkom Akses,1259,20. PT2/Batch 7,Prio Agustus,NY Go Live,0,Y,y,20 Branch,PT2,01. Persiapan,Ready,,,,,,,,,,#N/A,,,,
13202351,ODP-SNN-FAB/14,8,  -   ,2180989,272.623.625,AREA 4,SULAWESI,TERNATE,PT2,Telkom Akses,1247,20. PT2/Batch 7,Prio Agustus,NY Go Live,0,Y,y,20 Branch,PT2,00. Propose Drop,Ready,,,,,"Irisan Cleansing Port 2,3 Jt",,,,,#N/A,,,,
10586037,10586037-7SUMA-SNN-EXPAND-ODP-SNN-FAB-009,8,  -   ,1939164,"242395,5",AREA 4,SULAWESI,TERNATE,PT2,Telkom Akses,1246,2. PT2/Batch 1,Prio Agustus,NY Go Live,0,Y,y,20 Branch,PT2,04. Finish Instalasi,Ready,,,,,,,,,,#N/A,,,,
13236174,ODP-MDO-FZF/004,8,  -   ,2126107,265.763.375,AREA 4,SULAWESI,MANADO,PT2,Telkom Akses,1241,20. PT2/Batch 7,Prio Agustus,NY Go Live,0,Y,y,20 Branch,PT2,01. Persiapan,Ready,,,,,,,,,,#N/A,,,,
13198456,ODP-JLL-FAD/27,8,  -   ,2180989,272.623.625,AREA 4,SULAWESI,TERNATE,PT2,Telkom Akses,1237,20. PT2/Batch 7,Prio Agustus,NY Go Live,0,Y,y,20 Branch,PT2,00. Propose Drop,Ready,,,,,"Irisan Cleansing Port 2,3 Jt",,,,,#N/A,,,,
13247237,ODP-MDO-FBH/037,8,  -   ,2126107,265.763.375,AREA 4,SULAWESI,MANADO,PT2,Telkom Akses,1230,20. PT2/Batch 7,Prio Agustus,NY Go Live,0,Y,y,20 Branch,PT2,01. Persiapan,Ready,,,,,,,,,,#N/A,,,,
12991418,12991418 PT 2 EXPAND ODP-SFI-FAL-03,8,  -   ,1189838,"148729,75",AREA 4,SULAWESI,TERNATE,PT2,Telkom Akses,1226,19. PT2/Batch 7 UNTSEL,Prio Agustus,NY Go Live,0,Y,y,20 Branch,PT2,05. Go Live,Ready,,,,,,,,,,#N/A,,,,
11395565,11395565-PT2-SFI-FCA-ZARARIA ANDIKA,8,  -   ,3150413,393.801.625,AREA 4,SULAWESI,TERNATE,PT2,Telkom Akses,1225,9. PT2/Batch 2,Prio Agustus,NY Go Live,0,Y,y,20 Branch,PT2,01. Persiapan,Ready,,,,,,,,,,#N/A,,,,
13263430,ODP-THN-FAC/038,8,  -   ,2126107,265.763.375,AREA 4,SULAWESI,MANADO,PT2,Telkom Akses,1220,20. PT2/Batch 7,Prio Agustus,NY Go Live,0,Y,y,20 Branch,PT2,00. Propose Drop,Ready,,,,,"Irisan Cleansing Port 2,3 Jt",,,,,#N/A,,,,
13202464,ODP-TNT-FAT/28,8,  -   ,2093002,"261625,25",AREA 4,SULAWESI,TERNATE,PT2,Telkom Akses,1215,20. PT2/Batch 7,Prio Agustus,NY Go Live,0,Y,y,20 Branch,PT2,00. Propose Drop,Ready,,,,,"Irisan Cleansing Port 2,3 Jt",,,,,#N/A,,,,
13201677,ODP-TNT-FAR/63,8,  -   ,2180989,272.623.625,AREA 4,SULAWESI,TERNATE,PT2,Telkom Akses,1214,20. PT2/Batch 7,Prio Agustus,NY Go Live,0,Y,y,20 Branch,PT2,00. Propose Drop,Ready,,,,,"Irisan Cleansing Port 2,3 Jt",,,,,#N/A,,,,
13200147,ODP-SNN-FAA/75,8,  -   ,2180989,272.623.625,AREA 4,SULAWESI,TERNATE,PT2,Telkom Akses,1213,20. PT2/Batch 7,Prio Agustus,NY Go Live,0,Y,y,20 Branch,PT2,00. Propose Drop,Ready,,,,,"Irisan Cleansing Port 2,3 Jt",,,,,#N/A,,,,
13242240,ODP-THN-FAA/016,8,  -   ,2126107,265.763.375,AREA 4,SULAWESI,MANADO,PT2,Telkom Akses,1209,20. PT2/Batch 7,Prio Agustus,NY Go Live,0,Y,y,20 Branch,PT2,00. Propose Drop,Ready,,,,,"Irisan Cleansing Port 2,3 Jt",,,,,#N/A,,,,
13238542,ODP-GLL-FAC/032,8,  -   ,1556752,194594,AREA 4,SULAWESI,TERNATE,PT2,Telkom Akses,1204,20. PT2/Batch 7,Prio Agustus,NY Go Live,0,Y,y,20 Branch,PT2,00. Propose Drop,Ready,,,,,"Irisan Cleansing Port 2,3 Jt",,,,,#N/A,,,,
13238306,ODP-SFI-FAG/014,8,  -   ,1556752,194594,AREA 4,SULAWESI,TERNATE,PT2,Telkom Akses,1203,20. PT2/Batch 7,Prio Agustus,NY Go Live,0,Y,y,20 Branch,PT2,00. Propose Drop,Ready,,,,,"Irisan Cleansing Port 2,3 Jt",,,,,#N/A,,,,
10586076,10586076-7SUMA-SSI-EXPAND-ODP-SSI-FAC-06,8,  -   ,1864182,"233022,75",AREA 4,SULAWESI,TERNATE,PT2,Telkom Akses,1202,9. PT2/Batch 2,Prio Agustus,NY Go Live,0,Y,y,20 Branch,PT2,01. Persiapan,Ready,,,,,,,,,,#N/A,,,,
13247944,ODP-BAH-FBC/035,8,  -   ,2126107,265.763.375,AREA 4,SULAWESI,MANADO,PT2,Telkom Akses,1196,20. PT2/Batch 7,Prio Agustus,NY Go Live,0,Y,y,20 Branch,PT2,01. Persiapan,Ready,,,,,,,,,,#N/A,,,,
13248001,ODP-BAH-FBC/017,8,  -   ,2126107,265.763.375,AREA 4,SULAWESI,MANADO,PT2,Telkom Akses,1186,20. PT2/Batch 7,Prio Agustus,NY Go Live,0,Y,y,20 Branch,PT2,01. Persiapan,Ready,,,,,,,,,,#N/A,,,,
12025211,1202521 PT 2 EXPAND ODP-JLL-FAF-006,16,  -   ,565270,35.329.375,AREA 4,SULAWESI,TERNATE,PT2,Telkom Akses,1181,9. PT2/Batch 2,Prio Agustus,NY Go Live,0,Y,y,20 Branch,PT2,01. Persiapan,Ready,,,,,,,,,,#N/A,,,,
12015786,12015786-PT2-EXPAND ODP-SSI-FAE-015,8,  -   ,565270,"70658,75",AREA 4,SULAWESI,TERNATE,PT2,Telkom Akses,1180,2. PT2/Batch 1,Prio Agustus,NY Go Live,0,Y,y,20 Branch,PT2,01. Persiapan,Ready,,,,,,,,,,#N/A,,,,
13243213,ODP-THN-FAA/019,8,  -   ,2126107,265.763.375,AREA 4,SULAWESI,MANADO,PT2,Telkom Akses,1176,20. PT2/Batch 7,Prio Agustus,NY Go Live,0,Y,y,20 Branch,PT2,01. Persiapan,Ready,,,,,,,,,,#N/A,,,,
10586197,10586197-7SUMA-SFI-EXPAND-ODP-SFI-FBA-056,8,  -   ,1933168,241646,AREA 4,SULAWESI,TERNATE,PT2,Telkom Akses,1170,9. PT2/Batch 2,Prio Agustus,NY Go Live,0,Y,y,20 Branch,PT2,01. Persiapan,Ready,,,,,,,,,,#N/A,,,,
12028767,12028767 PT 2 EXPAND ODP-SNN-FAA-069,8,  -   ,565270,"70658,75",AREA 4,SULAWESI,TERNATE,PT2,Telkom Akses,1169,2. PT2/Batch 1,Prio Agustus,NY Go Live,0,Y,y,20 Branch,PT2,01. Persiapan,Ready,,,,,,,,,,#N/A,,,,
10585124,ODP-BAH-FBC/055,8,  -   ,1266684,"158335,5",AREA 4,SULAWESI,MANADO,PT2,Telkom Akses,1164,20. PT2/Batch 7,Prio Agustus,NY Go Live,0,Y,y,20 Branch,PT2,01. Persiapan,Ready,,,,,,,,,,#N/A,,,,
13202138,ODP-TNT-FBM/10,8,  -   ,2180989,272.623.625,AREA 4,SULAWESI,TERNATE,PT2,Telkom Akses,1159,20. PT2/Batch 7,Prio Agustus,NY Go Live,0,Y,y,20 Branch,PT2,01. Persiapan,Ready,,,,,,,,,,#N/A,,,,
12307823,12307823-PT2-EXPAND ODP-TOB-FAE-051,16,  -   ,877554,54.847.125,AREA 4,SULAWESI,TERNATE,PT2,Telkom Akses,1158,19. PT2/Batch 7 UNTSEL,Prio Agustus,NY Go Live,0,Y,y,20 Branch,PT2,05. Go Live,Ready,,,,,,,,,,#N/A,,,,
12045528,12045528-PT2-EXPAND ODP-LBH-FAC-012,16,  -   ,565270,35.329.375,AREA 4,SULAWESI,TERNATE,PT2,Telkom Akses,1157,9. PT2/Batch 2,Prio Agustus,NY Go Live,0,Y,y,20 Branch,PT2,01. Persiapan,Ready,,,,,,,,,,#N/A,,,,
13249153,ODP-MDO-FBH/044,8,  -   ,2126107,265.763.375,AREA 4,SULAWESI,MANADO,PT2,Telkom Akses,1151,20. PT2/Batch 7,Prio Agustus,NY Go Live,0,Y,y,20 Branch,PT2,01. Persiapan,Ready,,,,,,,,,,#N/A,,,,
13200083,ODP-SSI-FAA/51,8,  -   ,2180989,272.623.625,AREA 4,SULAWESI,TERNATE,PT2,Telkom Akses,1146,20. PT2/Batch 7,Prio Agustus,NY Go Live,0,Y,y,20 Branch,PT2,00. Propose Drop,Ready,,,,,"Irisan Cleansing Port 2,3 Jt",,,,,#N/A,,,,
10586060,ODP-THN-FAC/037,8,  -   ,1266684,"158335,5",AREA 4,SULAWESI,MANADO,PT2,Telkom Akses,1138,20. PT2/Batch 7,Prio Agustus,NY Go Live,0,Y,y,20 Branch,PT2,00. Propose Drop,Ready,,,,,"Irisan Cleansing Port 2,3 Jt",,,,,#N/A,,,,
13198505,ODP-JLL-FAD/21,8,  -   ,2180989,272.623.625,AREA 4,SULAWESI,TERNATE,PT2,Telkom Akses,1132,20. PT2/Batch 7,Prio Agustus,NY Go Live,0,Y,y,20 Branch,PT2,01. Persiapan,Ready,,,,,,,,,,#N/A,,,,
13243263,ODP-THN-FAC/034,8,  -   ,2126107,265.763.375,AREA 4,SULAWESI,MANADO,PT2,Telkom Akses,1127,20. PT2/Batch 7,Prio Agustus,NY Go Live,0,Y,y,20 Branch,PT2,00. Propose Drop,Ready,,,,,"Irisan Cleansing Port 2,3 Jt",,,,,#N/A,,,,
10580669,10580669-7SUMA-JLL-EXPAND-ODP-JLL-FAJ-001,8,  -   ,1933168,241646,AREA 4,SULAWESI,TERNATE,PT2,Telkom Akses,1121,9. PT2/Batch 2,Prio Agustus,NY Go Live,0,Y,y,20 Branch,PT2,01. Persiapan,Ready,,,,,,,,,,#N/A,,,,
10584691,10584691-7SUMA-SFI-EXPAND-ODP-SFI-FBA-047,8,  -   ,1864182,"233022,75",AREA 4,SULAWESI,TERNATE,PT2,Telkom Akses,1120,9. PT2/Batch 2,Prio Agustus,NY Go Live,0,Y,y,20 Branch,PT2,01. Persiapan,Ready,,,,,,,,,,#N/A,,,,
10586474,ODP-PIK-FAF/040,8,  -   ,1379484,"172435,5",AREA 4,SULAWESI,MANADO,PT2,Telkom Akses,1114,20. PT2/Batch 7,Prio Agustus,NY Go Live,0,Y,y,20 Branch,PT2,01. Persiapan,Ready,,,,,,,,,,#N/A,,,,
13243289,ODP-THN-FAA/011,8,  -   ,2126107,265.763.375,AREA 4,SULAWESI,MANADO,PT2,Telkom Akses,1103,20. PT2/Batch 7,Prio Agustus,NY Go Live,0,Y,y,20 Branch,PT2,00. Propose Drop,Ready,,,,,"Irisan Cleansing Port 2,3 Jt",,,,,#N/A,,,,
13197255,ODP-LBH-FAD/35,8,  -   ,778800,97350,AREA 4,SULAWESI,TERNATE,PT2,Telkom Akses,1098,20. PT2/Batch 7,Prio Agustus,NY Go Live,0,Y,y,20 Branch,PT2,00. Propose Drop,Ready,,,,,"Irisan Cleansing Port 2,3 Jt",,,,,#N/A,,,,
13248110,ODP-BAH-FBC/033,8,  -   ,2126107,265.763.375,AREA 4,SULAWESI,MANADO,PT2,Telkom Akses,1092,20. PT2/Batch 7,Prio Agustus,NY Go Live,0,Y,y,20 Branch,PT2,01. Persiapan,Ready,,,,,,,,,,#N/A,,,,
13248173,ODP-BAH-FBC/036,8,  -   ,2126107,265.763.375,AREA 4,SULAWESI,MANADO,PT2,Telkom Akses,1083,20. PT2/Batch 7,Prio Agustus,NY Go Live,0,Y,y,20 Branch,PT2,01. Persiapan,Ready,,,,,,,,,,#N/A,,,,
13200099,ODP-SSI-FAA/8,8,  -   ,2180989,272.623.625,AREA 4,SULAWESI,TERNATE,PT2,Telkom Akses,1077,20. PT2/Batch 7,Prio Agustus,NY Go Live,0,Y,y,20 Branch,PT2,01. Persiapan,Ready,,,,,,,,,,#N/A,,,,
13248258,ODP-BAH-FBC/031,8,  -   ,2126107,265.763.375,AREA 4,SULAWESI,MANADO,PT2,Telkom Akses,1070,20. PT2/Batch 7,Prio Agustus,NY Go Live,0,Y,y,20 Branch,PT2,01. Persiapan,Ready,,,,,,,,,,#N/A,,,,
13146109,13146109 PT2 EXPAND ODP-SSI-FAL-032,8,  -   ,1189838,"148729,75",AREA 4,SULAWESI,TERNATE,PT2,Telkom Akses,1065,19. PT2/Batch 7 UNTSEL,Prio Agustus,NY Go Live,0,Y,y,20 Branch,PT2,05. Go Live,Ready,,,,,,,,,,#N/A,,,,
13249028,ODP-BAH-FZA/004,8,  -   ,2126107,265.763.375,AREA 4,SULAWESI,MANADO,PT2,Telkom Akses,1060,20. PT2/Batch 7,Prio Agustus,NY Go Live,0,Y,y,20 Branch,PT2,01. Persiapan,Ready,,,,,,,,,,#N/A,,,,
12436262,12436262 PT 2 EXPAND ODP-JLL-FAF044,16,  -   ,565270,35.329.375,AREA 4,SULAWESI,TERNATE,PT2,Telkom Akses,1055,9. PT2/Batch 2,Prio Agustus,NY Go Live,0,Y,y,20 Branch,PT2,01. Persiapan,Ready,,,,,,,,,,#N/A,,,,
13248571,ODP-BAH-FBC/065,8,  -   ,2126107,265.763.375,AREA 4,SULAWESI,MANADO,PT2,Telkom Akses,1036,20. PT2/Batch 7,Prio Agustus,NY Go Live,0,Y,y,20 Branch,PT2,01. Persiapan,Ready,,,,,,,,,,#N/A,,,,
13249641,ODP-MDO-FZL/012,8,  -   ,2126107,265.763.375,AREA 4,SULAWESI,MANADO,PT2,Telkom Akses,1026,20. PT2/Batch 7,Prio Agustus,NY Go Live,0,Y,y,20 Branch,PT2,01. Persiapan,Ready,,,,,,,,,,#N/A,,,,
13200684,ODP-TNT-FAR/45,8,  -   ,2180989,272.623.625,AREA 4,SULAWESI,TERNATE,PT2,Telkom Akses,1021,20. PT2/Batch 7,Prio Agustus,NY Go Live,0,Y,y,20 Branch,PT2,00. Propose Drop,Ready,,,,,"Irisan Cleansing Port 2,3 Jt",,,,,#N/A,,,,
13198487,ODP-JLL-FAA/20,8,  -   ,2180989,272.623.625,AREA 4,SULAWESI,TERNATE,PT2,Telkom Akses,1020,20. PT2/Batch 7,Prio Agustus,NY Go Live,0,Y,y,20 Branch,PT2,00. Propose Drop,Ready,,,,,"Irisan Cleansing Port 2,3 Jt",,,,,#N/A,,,,
10587453,10587453-7SUMA-TNT-EXPAND-ODP-TNT-FBJ-121,8,  -   ,1933168,241646,AREA 4,SULAWESI,TERNATE,PT2,Telkom Akses,1019,9. PT2/Batch 2,Prio Agustus,NY Go Live,0,Y,y,20 Branch,PT2,04. Finish Instalasi,Ready,,,,,,,,,,#N/A,,,,
10585347,10585347-7SUMA-TNT-EXPAND-ODP-TNT-FBA-042,8,  -   ,1864182,"233022,75",AREA 4,SULAWESI,TERNATE,PT2,Telkom Akses,1018,9. PT2/Batch 2,Prio Agustus,NY Go Live,0,Y,y,20 Branch,PT2,00. Propose Drop,,,,,,"Irisan Cleansing Port 2,3 Jt",,,,,#N/A,,,,
13247607,ODP-SSI-FAJ/001,8,  -   ,2093002,"261625,25",AREA 4,SULAWESI,TERNATE,PT2,Telkom Akses,1017,20. PT2/Batch 7,Prio Agustus,NY Go Live,0,Y,y,20 Branch,PT2,00. Propose Drop,Ready,,,,,"Irisan Cleansing Port 2,3 Jt",,,,,#N/A,,,,
13238834,ODP-SFI-FCF/002,8,  -   ,1556752,194594,AREA 4,SULAWESI,TERNATE,PT2,Telkom Akses,1016,20. PT2/Batch 7,Prio Agustus,NY Go Live,0,Y,y,20 Branch,PT2,01. Persiapan,Ready,,,,,,,,,,#N/A,,,,
10586347,10586347-7SUMA-SSI-EXPAND-ODP-SSI-FAC-020,8,  -   ,1808804,"226100,5",AREA 4,SULAWESI,TERNATE,PT2,Telkom Akses,1015,2. PT2/Batch 1,Prio Agustus,NY Go Live,0,Y,y,20 Branch,PT2,00. Propose Drop,Ready,,,,,"Irisan Cleansing Port 2,3 Jt",,,,,#N/A,,,,
13246818,ODP-THN-FAA/006,8,  -   ,2126107,265.763.375,AREA 4,SULAWESI,MANADO,PT2,Telkom Akses,1011,20. PT2/Batch 7,Prio Agustus,NY Go Live,0,Y,y,20 Branch,PT2,00. Propose Drop,Ready,,,,,"Irisan Cleansing Port 2,3 Jt",,,,,#N/A,,,,
13238371,ODP-MGL-FAA/057,8,  -   ,1556752,194594,AREA 4,SULAWESI,TERNATE,PT2,Telkom Akses,1006,20. PT2/Batch 7,Prio Agustus,NY Go Live,0,Y,y,20 Branch,PT2,00. Propose Drop,Ready,,,,,"Irisan Cleansing Port 2,3 Jt",,,,,#N/A,,,,
13249691,ODP-MDO-FZC/018,8,  -   ,2126107,265.763.375,AREA 4,SULAWESI,MANADO,PT2,Telkom Akses,1001,20. PT2/Batch 7,Prio Agustus,NY Go Live,0,Y,y,20 Branch,PT2,01. Persiapan,Ready,,,,,,,,,,#N/A,,,,
13200065,ODP-SSI-FAE/13,8,  -   ,2180989,272.623.625,AREA 4,SULAWESI,TERNATE,PT2,Telkom Akses,996,20. PT2/Batch 7,Prio Agustus,NY Go Live,0,Y,y,20 Branch,PT2,00. Propose Drop,Ready,,,,,"Irisan Cleansing Port 2,3 Jt",,,,,#N/A,,,,
13246835,ODP-THN-FAJ/006,8,  -   ,1525073,190.634.125,AREA 4,SULAWESI,MANADO,PT2,Telkom Akses,990,20. PT2/Batch 7,Prio Agustus,NY Go Live,0,Y,y,20 Branch,PT2,00. Propose Drop,Ready,,,,,"Irisan Cleansing Port 2,3 Jt",,,,,#N/A,,,,
12986911,12986911-PT3-THN-FAB-APENG SEMBEKA,8,  -   ,2164383,270.547.875,AREA 4,SULAWESI,MANADO,PT2,Telkom Akses,979,12. PT2/Batch 4 UNTSEL,Prio Agustus,NY Go Live,0,Y,y,20 Branch,PT2,01. Persiapan,Ready,,,,,,,,,,#N/A,,,,
12436685,12436685 PT 2 EXPAND ODP-SNN-FAB033,16,  -   ,565270,35.329.375,AREA 4,SULAWESI,TERNATE,PT2,Telkom Akses,974,9. PT2/Batch 2,Prio Agustus,NY Go Live,0,Y,y,20 Branch,PT2,01. Persiapan,Ready,,,,,,,,,,#N/A,,,,
13196424,ODP-TNT-FAG/74,8,  -   ,778800,97350,AREA 4,SULAWESI,TERNATE,PT2,Telkom Akses,965,20. PT2/Batch 7,Prio Agustus,NY Go Live,0,Y,y,20 Branch,PT2,00. Propose Drop,Ready,,,,,"Irisan Cleansing Port 2,3 Jt",,,,,#N/A,,,,
12305611,12305611-PT2-EXPAND ODP-THN-FAC-049,16,  -   ,544121,340.075.625,AREA 4,SULAWESI,MANADO,PT2,Telkom Akses,958,9. PT2/Batch 2,Prio Agustus,NY Go Live,0,Y,y,20 Branch,PT2,00. Propose Drop,,,,,,QE Repair Core,,,,,#N/A,,,,
13244180,ODP-GLL-FAB/027,8,  -   ,1556752,194594,AREA 4,SULAWESI,TERNATE,PT2,Telkom Akses,953,20. PT2/Batch 7,Prio Agustus,NY Go Live,0,Y,y,20 Branch,PT2,00. Propose Drop,Ready,,,,,"Irisan Cleansing Port 2,3 Jt",,,,,#N/A,,,,
13201864,ODP-TNT-FBD/53,8,  -   ,2180989,272.623.625,AREA 4,SULAWESI,TERNATE,PT2,Telkom Akses,943,20. PT2/Batch 7,Prio Agustus,NY Go Live,0,Y,y,20 Branch,PT2,00. Propose Drop,Ready,,,,,"Irisan Cleansing Port 2,3 Jt",,,,,#N/A,,,,
13200142,ODP-SNN-FAA/24,8,  -   ,2180989,272.623.625,AREA 4,SULAWESI,TERNATE,PT2,Telkom Akses,942,20. PT2/Batch 7,Prio Agustus,NY Go Live,0,Y,y,20 Branch,PT2,01. Persiapan,Ready,,,,,,,,,,#N/A,,,,
13238804,ODP-SFI-FCF/003,8,  -   ,1556752,194594,AREA 4,SULAWESI,TERNATE,PT2,Telkom Akses,941,20. PT2/Batch 7,Prio Agustus,NY Go Live,0,Y,y,20 Branch,PT2,00. Propose Drop,Ready,,,,,"Irisan Cleansing Port 2,3 Jt",,,,,#N/A,,,,
10586408,10586408-7SUMA-SNN-EXPAND-ODP-SNN-FAB-030,8,  -   ,1933168,241646,AREA 4,SULAWESI,TERNATE,PT2,Telkom Akses,940,9. PT2/Batch 2,Prio Agustus,NY Go Live,0,Y,y,20 Branch,PT2,01. Persiapan,Ready,,,,,,,,,,#N/A,,,,
10577442,10577442-7SUMA-SFI-EXPAND-ODP-SFI-FCB-048,8,  -   ,1864182,"233022,75",AREA 4,SULAWESI,TERNATE,PT2,Telkom Akses,939,2. PT2/Batch 1,Prio Agustus,NY Go Live,0,Y,y,20 Branch,PT2,04. Finish Instalasi,Ready,,,,,,,,,,#N/A,,,,
11851324,11851324-PT2-EXPAND ODP-MDO-FAC-069,16,  -   ,1051427,657.141.875,AREA 4,SULAWESI,MANADO,PT2,Telkom Akses,932,9. PT2/Batch 2,Prio Agustus,NY Go Live,0,Y,y,20 Branch,PT2,00. Propose Drop,,,,,,QE Repair Core,,,,,#N/A,,,,
13197228,ODP-SSI-FAL/42,8,  -   ,778800,97350,AREA 4,SULAWESI,TERNATE,PT2,Telkom Akses,927,20. PT2/Batch 7,Prio Agustus,NY Go Live,0,Y,y,20 Branch,PT2,01. Persiapan,Ready,,,,,,,,,,#N/A,,,,
13197308,ODP-SNN-FAA/115,8,  -   ,778800,97350,AREA 4,SULAWESI,TERNATE,PT2,Telkom Akses,926,20. PT2/Batch 7,Prio Agustus,NY Go Live,0,Y,y,20 Branch,PT2,00. Propose Drop,Ready,,,,,"Irisan Cleansing Port 2,3 Jt",,,,,#N/A,,,,
12431191,12431191 PT 2 EXPAND ODP-BEO-FAF021,16,  -   ,544121,340.075.625,AREA 4,SULAWESI,MANADO,PT2,Telkom Akses,919,9. PT2/Batch 2,Prio Agustus,NY Go Live,0,Y,y,20 Branch,PT2,01. Persiapan,Ready,,,,,,,,,,#N/A,,,,
13198630,ODP-TOB-FAN/7,8,  -   ,2180989,272.623.625,AREA 4,SULAWESI,TERNATE,PT2,Telkom Akses,914,20. PT2/Batch 7,Prio Agustus,NY Go Live,0,Y,y,20 Branch,PT2,00. Propose Drop,Ready,,,,,"Irisan Cleansing Port 2,3 Jt",,,,,#N/A,,,,
11995640,11995640-PT2-EXPAND ODP-TNT-FAR-19,16,  -   ,565270,35.329.375,AREA 4,SULAWESI,TERNATE,PT2,Telkom Akses,912,9. PT2/Batch 2,Prio Agustus,NY Go Live,0,Y,y,20 Branch,PT2,01. Persiapan,Ready,,,,,,,,,,#N/A,,,,
13247682,ODP-SNN-FAE/010,8,  -   ,2093002,"261625,25",AREA 4,SULAWESI,TERNATE,PT2,Telkom Akses,911,20. PT2/Batch 7,Prio Agustus,NY Go Live,0,Y,y,20 Branch,PT2,00. Propose Drop,Ready,,,,,"Irisan Cleansing Port 2,3 Jt",,,,,#N/A,,,,
12998718,"12998718-PT2-LBH-FAB-KAMPUNG MAKIAN,",8,  -   ,2099331,262.416.375,AREA 4,SULAWESI,TERNATE,PT2,Telkom Akses,909,12. PT2/Batch 4 UNTSEL,Prio Agustus,NY Go Live,0,Y,y,20 Branch,PT2,01. Persiapan,Ready,,,,,,,,,,#N/A,,,,
11314408,11314408-PT2-BEO-FAB-EGNIA MANGUWO,8,  -   ,3754791,469.348.875,AREA 4,SULAWESI,MANADO,PT2,Telkom Akses,904,9. PT2/Batch 2,Prio Agustus,NY Go Live,0,Y,y,20 Branch,PT2,01. Persiapan,Ready,,,,,,,,,,#N/A,,,,
13198569,ODP-LBH-FAD/11,8,  -   ,2180989,272.623.625,AREA 4,SULAWESI,TERNATE,PT2,Telkom Akses,899,20. PT2/Batch 7,Prio Agustus,NY Go Live,0,Y,y,20 Branch,PT2,00. Propose Drop,Ready,,,,,"Irisan Cleansing Port 2,3 Jt",,,,,#N/A,,,,
11294430,11294430-PT2-BEO-FAF-6VX3+JW,8,  -   ,3706141,463.267.625,AREA 4,SULAWESI,MANADO,PT2,Telkom Akses,895,9. PT2/Batch 2,Prio Agustus,NY Go Live,0,Y,y,20 Branch,PT2,01. Persiapan,Ready,,,,,,,,,,#N/A,,,,
12998143,DM-AOk4260301082805569724a20,8,  -   ,2117560,264695,AREA 4,SULAWESI,TERNATE,PT2,Telkom Akses,890,12. PT2/Batch 4 UNTSEL,Prio Agustus,NY Go Live,0,Y,y,20 Branch,PT2,01. Persiapan,Ready,,,,,,,,,,#N/A,,,,
11417963,11417963-PT3-SFI-FEA-M Syahril Sidik,8,  -   ,2774273,346.784.125,AREA 4,SULAWESI,TERNATE,PT2,Telkom Akses,889,9. PT2/Batch 2,Prio Agustus,NY Go Live,0,Y,y,20 Branch,PT2,01. Persiapan,Ready,,,,,,,,,,#N/A,,,,
12307059,12307059-PT2-EXPAND ODP-BAH-FAN-26,16,  -   ,544121,340.075.625,AREA 4,SULAWESI,MANADO,PT2,Telkom Akses,884,9. PT2/Batch 2,Prio Agustus,NY Go Live,0,Y,y,20 Branch,PT2,00. Propose Drop,,,,,,QE Repair Core,,,,,#N/A,,,,
12944846,12944846-PT2-SFI-FCD-PAYAHE,8,  -   ,2088332,"261041,5",AREA 4,SULAWESI,TERNATE,PT2,Telkom Akses,879,12. PT2/Batch 4 UNTSEL,Prio Agustus,NY Go Live,0,Y,y,20 Branch,PT2,01. Persiapan,Ready,,,,,,,,,,#N/A,,,,
12307031,12307031-PT2-EXPAND ODP-BAH-FAB-29,16,  -   ,544121,340.075.625,AREA 4,SULAWESI,MANADO,PT2,Telkom Akses,871,9. PT2/Batch 2,Prio Agustus,NY Go Live,0,Y,y,20 Branch,PT2,00. Propose Drop,,,,,,QE Repair Core,,,,,#N/A,,,,
12015854,12015854-PT2-EXPAND ODP-SSI-FAE-014,8,  -   ,565270,"70658,75",AREA 4,SULAWESI,TERNATE,PT2,Telkom Akses,866,2. PT2/Batch 1,Prio Agustus,NY Go Live,0,Y,y,20 Branch,PT2,00. Propose Drop,Ready,,,,,"Irisan Cleansing Port 2,3 Jt",,,,,#N/A,,,,
13200141,ODP-SSI-FAE/20,8,  -   ,2180989,272.623.625,AREA 4,SULAWESI,TERNATE,PT2,Telkom Akses,865,20. PT2/Batch 7,Prio Agustus,NY Go Live,0,Y,y,20 Branch,PT2,00. Propose Drop,Ready,,,,,"Irisan Cleansing Port 2,3 Jt",,,,,#N/A,,,,
13247798,ODP-SNN-FAE/009,8,  -   ,2093002,"261625,25",AREA 4,SULAWESI,TERNATE,PT2,Telkom Akses,864,20. PT2/Batch 7,Prio Agustus,NY Go Live,0,Y,y,20 Branch,PT2,00. Propose Drop,Ready,,,,,"Irisan Cleansing Port 2,3 Jt",,,,,#N/A,,,,
13200138,ODP-SNN-FAC/31,8,  -   ,2180989,272.623.625,AREA 4,SULAWESI,TERNATE,PT2,Telkom Akses,863,20. PT2/Batch 7,Prio Agustus,NY Go Live,0,Y,y,20 Branch,PT2,00. Propose Drop,Ready,,,,,"Irisan Cleansing Port 2,3 Jt",,,,,#N/A,,,,
10584997,10584997-7SUMA-SFI-EXPAND-ODP-SFI-FCC-003,8,  -   ,1933168,241646,AREA 4,SULAWESI,TERNATE,PT2,Telkom Akses,862,2. PT2/Batch 1,Prio Agustus,NY Go Live,0,Y,y,20 Branch,PT2,04. Finish Instalasi,Ready,,,,,,,,,,#N/A,,,,
12306993,12306993-PT2-EXPAND ODP-BAH-FAB-20,16,  -   ,544121,340.075.625,AREA 4,SULAWESI,MANADO,PT2,Telkom Akses,858,9. PT2/Batch 2,Prio Agustus,NY Go Live,0,Y,y,20 Branch,PT2,00. Propose Drop,,,,,,QE Repair Core,,,,,#N/A,,,,
11908964,R5 MDO TOB JPP-MD_HALMAHERA UTARA_82283,16,  -   ,5548546,346.784.125,AREA 4,SULAWESI,TERNATE,PT2,Telkom Akses,853,9. PT2/Batch 2,Prio Agustus,NY Go Live,0,Y,y,20 Branch,PT2,01. Persiapan,Ready,,,,,,,,,,#N/A,,,,
12436491,12436491-PT2-EXPAND ODP-GLL-FAA-040,8,  -   ,565270,"70658,75",AREA 4,SULAWESI,TERNATE,PT2,Telkom Akses,852,2. PT2/Batch 1,Prio Agustus,NY Go Live,0,Y,y,20 Branch,PT2,04. Finish Instalasi,Ready,,,,,,,,,,#N/A,,,,
13197216,ODP-SSI-FAL/19,8,  -   ,778800,97350,AREA 4,SULAWESI,TERNATE,PT2,Telkom Akses,851,20. PT2/Batch 7,Prio Agustus,NY Go Live,0,Y,y,20 Branch,PT2,00. Propose Drop,Ready,,,,,"Irisan Cleansing Port 2,3 Jt",,,,,#N/A,,,,
13198721,ODP-MGL-FAA/9,8,  -   ,2180989,272.623.625,AREA 4,SULAWESI,TERNATE,PT2,Telkom Akses,850,20. PT2/Batch 7,Prio Agustus,NY Go Live,0,Y,y,20 Branch,PT2,01. Persiapan,Ready,,,,,,,,,,#N/A,,,,
12299338,12299338-PT2-EXPAND ODP-THN-FAC-054,8,  -   ,544121,68.015.125,AREA 4,SULAWESI,MANADO,PT2,Telkom Akses,842,2. PT2/Batch 1,Prio Agustus,NY Go Live,0,Y,y,20 Branch,PT2,04. Finish Instalasi,Ready,,,,,,,,,,#N/A,,,,
12140883,12140883-PT2-EXPAND ODP-TNT-FAU-085,16,  -   ,877554,54.847.125,AREA 4,SULAWESI,TERNATE,PT2,Telkom Akses,837,19. PT2/Batch 7 UNTSEL,Prio Agustus,NY Go Live,0,Y,y,20 Branch,PT2,01. Persiapan,Ready,,,,,,,,,,#N/A,,,,
10587866,10587866-7SUMA-SSI-EXPAND-ODP-SSI-FAC-012,8,  -   ,2002154,"250269,25",AREA 4,SULAWESI,TERNATE,PT2,Telkom Akses,836,9. PT2/Batch 2,Prio Agustus,NY Go Live,0,Y,y,20 Branch,PT2,01. Persiapan,Ready,,,,,,,,,,#N/A,,,,
12305268,12305268-PT2-EXPAND ODP-MDO-FZF-002,8,  -   ,544121,68.015.125,AREA 4,SULAWESI,MANADO,PT2,Telkom Akses,832,2. PT2/Batch 1,Prio Agustus,NY Go Live,0,Y,y,20 Branch,PT2,04. Finish Instalasi,Ready,,,,,,,,,,#N/A,,,,
13198575,ODP-LBH-FAA/36,8,  -   ,2180989,272.623.625,AREA 4,SULAWESI,TERNATE,PT2,Telkom Akses,827,20. PT2/Batch 7,Prio Agustus,NY Go Live,0,Y,y,20 Branch,PT2,00. Propose Drop,Ready,,,,,"Irisan Cleansing Port 2,3 Jt",,,,,#N/A,,,,
13070749,DM-AOk4260406152441384aa0100,8,  -   ,2117560,264695,AREA 4,SULAWESI,TERNATE,PT2,Telkom Akses,826,12. PT2/Batch 4 UNTSEL,Prio Agustus,NY Go Live,0,Y,y,20 Branch,PT2,01. Persiapan,Ready,,,,,,,,,,#N/A,,,,
12196473,12196473-PT2-EXPAND ODP-MDO-FBR-018,8,  -   ,544121,68.015.125,AREA 4,SULAWESI,MANADO,PT2,Telkom Akses,822,2. PT2/Batch 1,Prio Agustus,NY Go Live,0,Y,y,20 Branch,PT2,04. Finish Instalasi,Ready,,,,,,,,,,#N/A,,,,
10586085,10586085-7SUMA-TNT-EXPAND-ODP-TNT-FBK-028,8,  -   ,1864182,"233022,75",AREA 4,SULAWESI,TERNATE,PT2,Telkom Akses,817,2. PT2/Batch 1,Prio Agustus,NY Go Live,0,Y,y,20 Branch,PT2,00. Propose Drop,Ready,,,,,"Irisan Cleansing Port 2,3 Jt",,,,,#N/A,,,,
12203729,12203729 PT 2 EXPAND ODP-HLS-FAB-043,8,  -   ,544121,68.015.125,AREA 4,SULAWESI,MANADO,PT2,Telkom Akses,812,2. PT2/Batch 1,Prio Agustus,NY Go Live,0,Y,y,20 Branch,PT2,04. Finish Instalasi,Ready,,,,,,,,,,#N/A,,,,
13202179,ODP-TNT-FAL/71,8,  -   ,2180989,272.623.625,AREA 4,SULAWESI,TERNATE,PT2,Telkom Akses,807,20. PT2/Batch 7,Prio Agustus,NY Go Live,0,Y,y,20 Branch,PT2,00. Propose Drop,Ready,,,,,"Irisan Cleansing Port 2,3 Jt",,,,,#N/A,,,,
13095953,DM-AOi126041604453462698bf40,8,  -   ,2099331,262.416.375,AREA 4,SULAWESI,TERNATE,PT2,Telkom Akses,785,12. PT2/Batch 4 UNTSEL,Prio Agustus,NY Go Live,0,Y,y,20 Branch,PT2,01. Persiapan,Ready,,,,,,,,,,#N/A,,,,
10581925,10581925-7SUMA-EXPAND-ODP-JLL-FAE-017,8,  -   ,1864182,"233022,75",AREA 4,SULAWESI,TERNATE,PT2,Telkom Akses,784,2. PT2/Batch 1,Prio Agustus,NY Go Live,0,Y,y,20 Branch,PT2,00. Propose Drop,Ready,,,,,"Irisan Cleansing Port 2,3 Jt",,,,,#N/A,,,,
13240354,ODP-MDO-FBF/45,8,  -   ,2126107,265.763.375,AREA 4,SULAWESI,MANADO,PT2,Telkom Akses,778,20. PT2/Batch 7,Prio Agustus,NY Go Live,0,Y,y,20 Branch,PT2,00. Propose Drop,Ready,,,,,"Irisan Cleansing Port 2,3 Jt",,,,,#N/A,,,,
12016204,12016204-PT2-EXPAND ODP-SSI-FAE-007,16,  -   ,565270,35.329.375,AREA 4,SULAWESI,TERNATE,PT2,Telkom Akses,772,9. PT2/Batch 2,Prio Agustus,NY Go Live,0,Y,y,20 Branch,PT2,01. Persiapan,Ready,,,,,,,,,,#N/A,,,,
13203740,ODP-BAH-FAD/83,8,  -   ,2126107,265.763.375,AREA 4,SULAWESI,MANADO,PT2,Telkom Akses,767,20. PT2/Batch 7,Prio Agustus,NY Go Live,0,Y,y,20 Branch,PT2,00. Propose Drop,Ready,,,,,"Irisan Cleansing Port 2,3 Jt",,,,,#N/A,,,,
13247013,ODP-TNT-FBA/065,8,  -   ,2180989,272.623.625,AREA 4,SULAWESI,TERNATE,PT2,Telkom Akses,762,20. PT2/Batch 7,Prio Agustus,NY Go Live,0,Y,y,20 Branch,PT2,00. Propose Drop,Ready,,,,,"Irisan Cleansing Port 2,3 Jt",,,,,#N/A,,,,
13198622,ODP-TOB-FAN/10,8,  -   ,2180989,272.623.625,AREA 4,SULAWESI,TERNATE,PT2,Telkom Akses,752,20. PT2/Batch 7,Prio Agustus,NY Go Live,0,Y,y,20 Branch,PT2,00. Propose Drop,Ready,,,,,"Irisan Cleansing Port 2,3 Jt",,,,,#N/A,,,,
13057677,13057677-PT2-GLL-FAB-Galela Selatan,8,  -   ,2099331,262.416.375,AREA 4,SULAWESI,TERNATE,PT2,Telkom Akses,751,12. PT2/Batch 4 UNTSEL,Prio Agustus,NY Go Live,0,Y,y,20 Branch,PT2,01. Persiapan,Ready,,,,,,,,,,#N/A,,,,
11988418,11988418-PT2-EXPAND ODP-TNT-FAR-53,16,  -   ,565270,35.329.375,AREA 4,SULAWESI,TERNATE,PT2,Telkom Akses,750,9. PT2/Batch 2,Prio Agustus,NY Go Live,0,Y,y,20 Branch,PT2,01. Persiapan,Ready,,,,,,,,,,#N/A,,,,
10586942,10586942-7SUMA-TNT-EXPAND-ODP-TNT-FBA-050,8,  -   ,2002154,"250269,25",AREA 4,SULAWESI,TERNATE,PT2,Telkom Akses,749,9. PT2/Batch 2,Prio Agustus,NY Go Live,0,Y,y,20 Branch,PT2,01. Persiapan,Ready,,,,,,,,,,#N/A,,,,
12018309,12018309-PT2-EXPAND ODP-SNN-FAA-12,8,  -   ,565270,"70658,75",AREA 4,SULAWESI,TERNATE,PT2,Telkom Akses,748,2. PT2/Batch 1,Prio Agustus,NY Go Live,0,Y,y,20 Branch,PT2,00. Propose Drop,Ready,,,,,"Irisan Cleansing Port 2,3 Jt",,,,,#N/A,,,,
11397436,11397436-PT2-SFI-FEA-ERNA HIDAYANTI,8,  -   ,3150413,393.801.625,AREA 4,SULAWESI,TERNATE,PT2,Telkom Akses,738,9. PT2/Batch 2,Prio Agustus,NY Go Live,0,Y,y,20 Branch,PT2,01. Persiapan,Ready,,,,,,,,,,#N/A,,,,
13242269,ODP-PIK-FAM/16,8,  -   ,2126107,265.763.375,AREA 4,SULAWESI,MANADO,PT2,Telkom Akses,733,20. PT2/Batch 7,Prio Agustus,NY Go Live,0,Y,y,20 Branch,PT2,00. Propose Drop,Ready,,,,,"Irisan Cleansing Port 2,3 Jt",,,,,#N/A,,,,
12436104,12436104 PT 2 EXPAND ODP-JLL-FAN-006,16,  -   ,565270,35.329.375,AREA 4,SULAWESI,TERNATE,PT2,Telkom Akses,725,9. PT2/Batch 2,Prio Agustus,NY Go Live,0,Y,y,20 Branch,PT2,01. Persiapan,Ready,,,,,,,,,,#N/A,,,,
12025443,12025443 PT 2 EXPAND ODP-JLL-FAC-10,16,  -   ,565270,35.329.375,AREA 4,SULAWESI,TERNATE,PT2,Telkom Akses,724,9. PT2/Batch 2,Prio Agustus,NY Go Live,0,Y,y,20 Branch,PT2,01. Persiapan,Ready,,,,,,,,,,#N/A,,,,
13069910,DM-AOk4260406110956939f55e40,8,  -   ,2117560,264695,AREA 4,SULAWESI,TERNATE,PT2,Telkom Akses,723,12. PT2/Batch 4 UNTSEL,Prio Agustus,NY Go Live,0,Y,y,20 Branch,PT2,01. Persiapan,Ready,,,,,,,,,,#N/A,,,,
13203627,ODP-BAH-FAE/21,8,  -   ,2126107,265.763.375,AREA 4,SULAWESI,MANADO,PT2,Telkom Akses,717,20. PT2/Batch 7,Prio Agustus,NY Go Live,0,Y,y,20 Branch,PT2,01. Persiapan,Ready,,,,,,,,,,#N/A,,,,
13206559,ODP-BAH-FAR/26,8,  -   ,2126107,265.763.375,AREA 4,SULAWESI,MANADO,PT2,Telkom Akses,706,20. PT2/Batch 7,Prio Agustus,NY Go Live,0,Y,y,20 Branch,PT2,01. Persiapan,Ready,,,,,,,,,,#N/A,,,,
13238468,ODP-MTA-FAB/023,8,  -   ,1556752,194594,AREA 4,SULAWESI,TERNATE,PT2,Telkom Akses,689,20. PT2/Batch 7,Prio Agustus,NY Go Live,0,Y,y,20 Branch,PT2,00. Propose Drop,Ready,,,,,"Irisan Cleansing Port 2,3 Jt",,,,,#N/A,,,,
10591632,10591632-7SUMA-TNT-EXPAND-ODP-TNT-FBJ-157,8,  -   ,1933168,241646,AREA 4,SULAWESI,TERNATE,PT2,Telkom Akses,688,9. PT2/Batch 2,Prio Agustus,NY Go Live,0,Y,y,20 Branch,PT2,04. Finish Instalasi,Ready,,,,,,,,,,#N/A,,,,
13241984,ODP-SNN-FAC/053,8,  -   ,1556752,194594,AREA 4,SULAWESI,TERNATE,PT2,Telkom Akses,678,20. PT2/Batch 7,Prio Agustus,NY Go Live,0,Y,y,20 Branch,PT2,00. Propose Drop,Ready,,,,,"Irisan Cleansing Port 2,3 Jt",,,,,#N/A,,,,
10586848,10586848-7SUMA-SNN-EXPAND-ODP-SNN-FAB-006,8,  -   ,1939164,"242395,5",AREA 4,SULAWESI,TERNATE,PT2,Telkom Akses,677,2. PT2/Batch 1,Prio Agustus,NY Go Live,0,Y,y,20 Branch,PT2,00. Propose Drop,Ready,,,,,"Irisan Cleansing Port 2,3 Jt",,,,,#N/A,,,,
13198651,ODP-TOB-FBA/49,8,  -   ,2180989,272.623.625,AREA 4,SULAWESI,TERNATE,PT2,Telkom Akses,663,20. PT2/Batch 7,Prio Agustus,NY Go Live,0,Y,y,20 Branch,PT2,00. Propose Drop,Ready,,,,,"Irisan Cleansing Port 2,3 Jt",,,,,#N/A,,,,
13200068,ODP-MTA-FAC/39,8,  -   ,2180989,272.623.625,AREA 4,SULAWESI,TERNATE,PT2,Telkom Akses,662,20. PT2/Batch 7,Prio Agustus,NY Go Live,0,Y,y,20 Branch,PT2,00. Propose Drop,Ready,,,,,"Irisan Cleansing Port 2,3 Jt",,,,,#N/A,,,,
13021178,13021178-PT2 EXPAND-ODP-JLL-FAP-031,8,  -   ,1189838,"148729,75",AREA 4,SULAWESI,TERNATE,PT2,Telkom Akses,646,19. PT2/Batch 7 UNTSEL,Prio Agustus,NY Go Live,0,Y,y,20 Branch,PT2,05. Go Live,Ready,,,,,,,,,,#N/A,,,,
13200155,ODP-SSI-FAA/40,8,  -   ,2180989,272.623.625,AREA 4,SULAWESI,TERNATE,PT2,Telkom Akses,645,20. PT2/Batch 7,Prio Agustus,NY Go Live,0,Y,y,20 Branch,PT2,00. Propose Drop,Ready,,,,,"Irisan Cleansing Port 2,3 Jt",,,,,#N/A,,,,
11395307,11395307-PT2-SNN-FAB-SAFIAH,8,  -   ,3150413,393.801.625,AREA 4,SULAWESI,TERNATE,PT2,Telkom Akses,643,9. PT2/Batch 2,Prio Agustus,NY Go Live,0,Y,y,20 Branch,PT2,01. Persiapan,Ready,,,,,,,,,,#N/A,,,,
13201791,ODP-TNT-FBB/93,8,  -   ,2180989,272.623.625,AREA 4,SULAWESI,TERNATE,PT2,Telkom Akses,631,20. PT2/Batch 7,Prio Agustus,NY Go Live,0,Y,y,20 Branch,PT2,01. Persiapan,Ready,,,,,,,,,,#N/A,,,,
13202905,ODP-THN-FAC/14,8,  -   ,2126107,265.763.375,AREA 4,SULAWESI,MANADO,PT2,Telkom Akses,622,20. PT2/Batch 7,Prio Agustus,NY Go Live,0,Y,y,20 Branch,PT2,00. Propose Drop,Ready,,,,,"Irisan Cleansing Port 2,3 Jt",,,,,#N/A,,,,
13200925,ODP-TNT-FBH/11,8,  -   ,2180989,272.623.625,AREA 4,SULAWESI,TERNATE,PT2,Telkom Akses,615,20. PT2/Batch 7,Prio Agustus,NY Go Live,0,Y,y,20 Branch,PT2,00. Propose Drop,Ready,,,,,"Irisan Cleansing Port 2,3 Jt",,,,,#N/A,,,,
10591502,10591502-7SUMA-TOB-EXPAND-ODP-TOB-FAF-014,8,  -   ,1933168,241646,AREA 4,SULAWESI,TERNATE,PT2,Telkom Akses,614,9. PT2/Batch 2,Prio Agustus,NY Go Live,0,Y,y,20 Branch,PT2,01. Persiapan,Ready,,,,,,,,,,#N/A,,,,
13209278,ODP-THN-FAC/20,8,  -   ,2126107,265.763.375,AREA 4,SULAWESI,MANADO,PT2,Telkom Akses,608,20. PT2/Batch 7,Prio Agustus,NY Go Live,0,Y,y,20 Branch,PT2,00. Propose Drop,Ready,,,,,"Irisan Cleansing Port 2,3 Jt",,,,,#N/A,,,,
10592218,10592218-7SUMA-LBH-EXPAND-ODP-LBH-FAB-04,8,  -   ,1744767,218.095.875,AREA 4,SULAWESI,TERNATE,PT2,Telkom Akses,602,9. PT2/Batch 2,Prio Agustus,NY Go Live,0,Y,y,20 Branch,PT2,01. Persiapan,Ready,,,,,,,,,,#N/A,,,,
10614494,10614494-7SUMA-TOB-EXPAND-ODP-TOB-FAB-064,8,  -   ,1808804,"226100,5",AREA 4,SULAWESI,TERNATE,PT2,Telkom Akses,590,2. PT2/Batch 1,Prio Agustus,NY Go Live,0,Y,y,20 Branch,PT2,05. Go Live,Ready,,,,,,,,,,#N/A,,,,
13197420,ODP-AMD-FAC/53,8,  -   ,1525073,190.634.125,AREA 4,SULAWESI,MANADO,PT2,Telkom Akses,581,20. PT2/Batch 7,Prio Agustus,NY Go Live,0,Y,y,20 Branch,PT2,01. Persiapan,Ready,,,,,,,,,,#N/A,,,,
13201916,ODP-TNT-FAH/112,8,  -   ,2180989,272.623.625,AREA 4,SULAWESI,TERNATE,PT2,Telkom Akses,575,20. PT2/Batch 7,Prio Agustus,NY Go Live,0,Y,y,20 Branch,PT2,00. Propose Drop,Ready,,,,,"Irisan Cleansing Port 2,3 Jt",,,,,#N/A,,,,
13201894,ODP-TNT-FBJ/73,8,  -   ,2180989,272.623.625,AREA 4,SULAWESI,TERNATE,PT2,Telkom Akses,574,20. PT2/Batch 7,Prio Agustus,NY Go Live,0,Y,y,20 Branch,PT2,00. Propose Drop,Ready,,,,,"Irisan Cleansing Port 2,3 Jt",,,,,#N/A,,,,
10614560,10614560-7SUMA-TNT-EXPAND-ODP-TNT-FBP-056,8,  -   ,1864182,"233022,75",AREA 4,SULAWESI,TERNATE,PT2,Telkom Akses,573,9. PT2/Batch 2,Prio Agustus,NY Go Live,0,Y,y,20 Branch,PT2,01. Persiapan,Ready,,,,,,,,,,#N/A,,,,
13204831,ODP-BAH-FAK/49,8,  -   ,2126107,265.763.375,AREA 4,SULAWESI,MANADO,PT2,Telkom Akses,567,20. PT2/Batch 7,Prio Agustus,NY Go Live,0,Y,y,20 Branch,PT2,01. Persiapan,Ready,,,,,,,,,,#N/A,,,,
13001708,13001708 PT 2 EXPAND ODP-SSI-FAA-53,8,  -   ,1189838,"148729,75",AREA 4,SULAWESI,TERNATE,PT2,Telkom Akses,560,19. PT2/Batch 7 UNTSEL,Prio Agustus,NY Go Live,0,Y,y,20 Branch,PT2,05. Go Live,Ready,,,,,,,,,,#N/A,,,,
12436492,12436492 PT 2 EXPAND ODP-SNN-FAA103,16,  -   ,565270,35.329.375,AREA 4,SULAWESI,TERNATE,PT2,Telkom Akses,559,9. PT2/Batch 2,Prio Agustus,NY Go Live,0,Y,y,20 Branch,PT2,01. Persiapan,Ready,,,,,,,,,,#N/A,,,,
13209260,ODP-THN-FAC/3,8,  -   ,2126107,265.763.375,AREA 4,SULAWESI,MANADO,PT2,Telkom Akses,552,20. PT2/Batch 7,Prio Agustus,NY Go Live,0,Y,y,20 Branch,PT2,00. Propose Drop,Ready,,,,,"Irisan Cleansing Port 2,3 Jt",,,,,#N/A,,,,
10580377,10580377-7SUMA-LBH-EXPAND-ODP-LBH-FAD-023,8,  -   ,1933168,241646,AREA 4,SULAWESI,TERNATE,PT2,Telkom Akses,547,9. PT2/Batch 2,Prio Agustus,NY Go Live,0,Y,y,20 Branch,PT2,01. Persiapan,Ready,,,,,,,,,,#N/A,,,,
13198497,ODP-JLL-FAF/33,8,  -   ,2180989,272.623.625,AREA 4,SULAWESI,TERNATE,PT2,Telkom Akses,537,20. PT2/Batch 7,Prio Agustus,NY Go Live,0,Y,y,20 Branch,PT2,00. Propose Drop,Ready,,,,,"Irisan Cleansing Port 2,3 Jt",,,,,#N/A,,,,
13186692,PT 2 EXPAND ODP-TNT-FAJ/155,8,  -   ,877554,"109694,25",AREA 4,SULAWESI,TERNATE,PT2,Telkom Akses,536,19. PT2/Batch 7 UNTSEL,Prio Agustus,NY Go Live,0,Y,y,20 Branch,PT2,05. Go Live,Ready,,,,,,,,,,#N/A,,,,
13063394,13063394-PT2-SFI-FCM-WERE,8,  -   ,2099331,262.416.375,AREA 4,SULAWESI,TERNATE,PT2,Telkom Akses,535,12. PT2/Batch 4 UNTSEL,Prio Agustus,NY Go Live,0,Y,y,20 Branch,PT2,01. Persiapan,Ready,,,,,,,,,,#N/A,,,,
13209216,ODP-THN-FAC/56,8,  -   ,2126107,265.763.375,AREA 4,SULAWESI,MANADO,PT2,Telkom Akses,528,20. PT2/Batch 7,Prio Agustus,NY Go Live,0,Y,y,20 Branch,PT2,01. Persiapan,Ready,,,,,,,,,,#N/A,,,,
13240722,ODP-TNT-FAX/63,8,  -   ,2180989,272.623.625,AREA 4,SULAWESI,TERNATE,PT2,Telkom Akses,511,20. PT2/Batch 7,Prio Agustus,NY Go Live,0,Y,y,20 Branch,PT2,00. Propose Drop,Ready,,,,,"Irisan Cleansing Port 2,3 Jt",,,,,#N/A,,,,
10592359,10592359-7SUMA-MGL-EXPAND-ODP-MGL-FAA-032,8,  -   ,1744767,218.095.875,AREA 4,SULAWESI,TERNATE,PT2,Telkom Akses,510,2. PT2/Batch 1,Prio Agustus,NY Go Live,0,Y,y,20 Branch,PT2,00. Propose Drop,Ready,,,,,"Irisan Cleansing Port 2,3 Jt",,,,,#N/A,,,,
13197913,ODP-JLL-FAE/29,8,  -   ,778800,97350,AREA 4,SULAWESI,TERNATE,PT2,Telkom Akses,499,20. PT2/Batch 7,Prio Agustus,NY Go Live,0,Y,y,20 Branch,PT2,01. Persiapan,Ready,,,,,,,,,,#N/A,,,,
12932933,12932933-PT2-SFI-FCJ-SAGEA,8,  -   ,2088332,"261041,5",AREA 4,SULAWESI,TERNATE,PT2,Telkom Akses,497,12. PT2/Batch 4 UNTSEL,Prio Agustus,NY Go Live,0,Y,y,20 Branch,PT2,01. Persiapan,Ready,,,,,,,,,,#N/A,,,,
10592311,10592311-7SUMA-MGL-EXPAND-ODP-MGL-FAA-031,8,  -   ,1694204,"211775,5",AREA 4,SULAWESI,TERNATE,PT2,Telkom Akses,496,2. PT2/Batch 1,Prio Agustus,NY Go Live,0,Y,y,20 Branch,PT2,01. Persiapan,Ready,,,,,,,,,,#N/A,,,,
10586163,10586163-7SUMA-TNT-EXPAND-ODP-TNT-FBA-022,8,  -   ,1864182,"233022,75",AREA 4,SULAWESI,TERNATE,PT2,Telkom Akses,481,9. PT2/Batch 2,Prio Agustus,NY Go Live,0,Y,y,20 Branch,PT2,01. Persiapan,Ready,,,,,,,,,,#N/A,,,,
13204862,ODP-PIK-FAL/50,8,  -   ,2126107,265.763.375,AREA 4,SULAWESI,MANADO,PT2,Telkom Akses,475,20. PT2/Batch 7,Prio Agustus,NY Go Live,0,Y,y,20 Branch,PT2,00. Propose Drop,Ready,,,,,"Irisan Cleansing Port 2,3 Jt",,,,,#N/A,,,,
10587155,10587155-7SUMA-SFI-EXPAND-ODP-SFI-FCC-045,8,  -   ,1864182,"233022,75",AREA 4,SULAWESI,TERNATE,PT2,Telkom Akses,470,2. PT2/Batch 1,Prio Agustus,NY Go Live,0,Y,y,20 Branch,PT2,00. Propose Drop,Ready,,,,,"Irisan Cleansing Port 2,3 Jt",,,,,#N/A,,,,
13240566,ODP-MDO-FAU/29,8,  -   ,2126107,265.763.375,AREA 4,SULAWESI,MANADO,PT2,Telkom Akses,463,20. PT2/Batch 7,Prio Agustus,NY Go Live,0,Y,y,20 Branch,PT2,00. Propose Drop,Ready,,,,,"Irisan Cleansing Port 2,3 Jt",,,,,#N/A,,,,
13200554,ODP-TNT-FAN/56,8,  -   ,2180989,272.623.625,AREA 4,SULAWESI,TERNATE,PT2,Telkom Akses,458,20. PT2/Batch 7,Prio Agustus,NY Go Live,0,Y,y,20 Branch,PT2,01. Persiapan,Ready,,,,,,,,,,#N/A,,,,
13201943,ODP-TNT-FBF/3,8,  -   ,2180989,272.623.625,AREA 4,SULAWESI,TERNATE,PT2,Telkom Akses,447,20. PT2/Batch 7,Prio Agustus,NY Go Live,0,Y,y,20 Branch,PT2,00. Propose Drop,Ready,,,,,"Irisan Cleansing Port 2,3 Jt",,,,,#N/A,,,,
10584913,10584913-7SUMA-TNT-EXPAND-ODP-TNT-FBJ-028,8,  -   ,1933168,241646,AREA 4,SULAWESI,TERNATE,PT2,Telkom Akses,446,9. PT2/Batch 2,Prio Agustus,NY Go Live,0,Y,y,20 Branch,PT2,01. Persiapan,Ready,,,,,,,,,,#N/A,,,,
13203244,ODP-MDO-FBE/35,8,  -   ,2126107,265.763.375,AREA 4,SULAWESI,MANADO,PT2,Telkom Akses,440,20. PT2/Batch 7,Prio Agustus,NY Go Live,0,Y,y,20 Branch,PT2,01. Persiapan,Ready,,,,,,,,,,#N/A,,,,
13201758,ODP-TNT-FAN/38,8,  -   ,2180989,272.623.625,AREA 4,SULAWESI,TERNATE,PT2,Telkom Akses,410,20. PT2/Batch 7,Prio Agustus,NY Go Live,0,Y,y,20 Branch,PT2,00. Propose Drop,Ready,,,,,"Irisan Cleansing Port 2,3 Jt",,,,,#N/A,,,,
13196298,ODP-TNT-FAR/103,8,  -   ,778800,97350,AREA 4,SULAWESI,TERNATE,PT2,Telkom Akses,396,20. PT2/Batch 7,Prio Agustus,NY Go Live,0,Y,y,20 Branch,PT2,00. Propose Drop,Ready,,,,,"Irisan Cleansing Port 2,3 Jt",,,,,#N/A,,,,
11403087,11403087-PT2-LBH-IPA TALHA KAMARULLAH,8,  -   ,3150413,393.801.625,AREA 4,SULAWESI,TERNATE,PT2,Telkom Akses,395,9. PT2/Batch 2,Prio Agustus,NY Go Live,0,Y,y,20 Branch,PT2,01. Persiapan,Ready,,,,,,,,,,#N/A,,,,
12956004,12956004-PT2-GLL-FAB-ORI,8,  -   ,2099331,262.416.375,AREA 4,SULAWESI,TERNATE,PT2,Telkom Akses,383,12. PT2/Batch 4 UNTSEL,Prio Agustus,NY Go Live,0,Y,y,20 Branch,PT2,01. Persiapan,Ready,,,,,,,,,,#N/A,,,,
12025163,12025163 PT 2 EXPAND ODP-JLL-FAF-012,16,  -   ,565270,35.329.375,AREA 4,SULAWESI,TERNATE,PT2,Telkom Akses,368,9. PT2/Batch 2,Prio Agustus,NY Go Live,0,Y,y,20 Branch,PT2,01. Persiapan,Ready,,,,,,,,,,#N/A,,,,
13057610,13057610-PT2-GLL-FAB-SEKI,8,  -   ,2099331,262.416.375,AREA 4,SULAWESI,TERNATE,PT2,Telkom Akses,354,12. PT2/Batch 4 UNTSEL,Prio Agustus,NY Go Live,0,Y,y,20 Branch,PT2,01. Persiapan,Ready,,,,,,,,,,#N/A,,,,
13200178,ODP-SNN-FAB/8,8,  -   ,2180989,272.623.625,AREA 4,SULAWESI,TERNATE,PT2,Telkom Akses,353,20. PT2/Batch 7,Prio Agustus,NY Go Live,0,Y,y,20 Branch,PT2,00. Propose Drop,Ready,,,,,"Irisan Cleansing Port 2,3 Jt",,,,,#N/A,,,,
13198718,ODP-MGL-FAA/10,8,  -   ,2180989,272.623.625,AREA 4,SULAWESI,TERNATE,PT2,Telkom Akses,352,20. PT2/Batch 7,Prio Agustus,NY Go Live,0,Y,y,20 Branch,PT2,01. Persiapan,Ready,,,,,,,,,,#N/A,,,,
13200075,ODP-SSI-FAA/45,8,  -   ,2180989,272.623.625,AREA 4,SULAWESI,TERNATE,PT2,Telkom Akses,339,20. PT2/Batch 7,Prio Agustus,NY Go Live,0,Y,y,20 Branch,PT2,01. Persiapan,Ready,,,,,,,,,,#N/A,,,,
13197223,ODP-SSI-FAE/40,8,  -   ,778800,97350,AREA 4,SULAWESI,TERNATE,PT2,Telkom Akses,338,20. PT2/Batch 7,Prio Agustus,NY Go Live,0,Y,y,20 Branch,PT2,00. Propose Drop,Ready,,,,,"Irisan Cleansing Port 2,3 Jt",,,,,#N/A,,,,
13201727,ODP-TNT-FAR/51,8,  -   ,2180989,272.623.625,AREA 4,SULAWESI,TERNATE,PT2,Telkom Akses,323,20. PT2/Batch 7,Prio Agustus,NY Go Live,0,Y,y,20 Branch,PT2,00. Propose Drop,Ready,,,,,"Irisan Cleansing Port 2,3 Jt",,,,,#N/A,,,,
13202065,ODP-TNT-FBD/64,8,  -   ,2180989,272.623.625,AREA 4,SULAWESI,TERNATE,PT2,Telkom Akses,322,20. PT2/Batch 7,Prio Agustus,NY Go Live,0,Y,y,20 Branch,PT2,00. Propose Drop,Ready,,,,,"Irisan Cleansing Port 2,3 Jt",,,,,#N/A,,,,
13247469,ODP-SFI-FAH/031,8,  -   ,2093002,"261625,25",AREA 4,SULAWESI,TERNATE,PT2,Telkom Akses,295,20. PT2/Batch 7,Prio Agustus,NY Go Live,0,Y,y,20 Branch,PT2,00. Propose Drop,Ready,,,,,"Irisan Cleansing Port 2,3 Jt",,,,,#N/A,,,,
13200161,ODP-SNN-FAC/14,8,  -   ,2180989,272.623.625,AREA 4,SULAWESI,TERNATE,PT2,Telkom Akses,281,20. PT2/Batch 7,Prio Agustus,NY Go Live,0,Y,y,20 Branch,PT2,00. Propose Drop,Ready,,,,,"Irisan Cleansing Port 2,3 Jt",,,,,#N/A,,,,
11940219,ODP-SFI-FAD/021,8,  -   ,877554,"109694,25",AREA 4,SULAWESI,TERNATE,PT2,Telkom Akses,280,20. PT2/Batch 7,Prio Agustus,NY Go Live,0,Y,y,20 Branch,PT2,00. Propose Drop,Ready,,,,,"Irisan Cleansing Port 2,3 Jt",,,,,#N/A,,,,
13239261,ODP-JLL-FAP/056,8,  -   ,1556752,194594,AREA 4,SULAWESI,TERNATE,PT2,Telkom Akses,267,20. PT2/Batch 7,Prio Agustus,NY Go Live,0,Y,y,20 Branch,PT2,01. Persiapan,Ready,,,,,,,,,,#N/A,,,,
10614709,10614709-7SUMA-TNT-EXPAND-ODP-TNT-FBJ-145,8,  -   ,1864182,"233022,75",AREA 4,SULAWESI,TERNATE,PT2,Telkom Akses,244,9. PT2/Batch 2,Prio Agustus,NY Go Live,0,Y,y,20 Branch,PT2,04. Finish Instalasi,Ready,,,,,,,,,,#N/A,,,,
13238741,ODP-SFI-FCF/007,8,  -   ,1556752,194594,AREA 4,SULAWESI,TERNATE,PT2,Telkom Akses,243,20. PT2/Batch 7,Prio Agustus,NY Go Live,0,Y,y,20 Branch,PT2,00. Propose Drop,Ready,,,,,"Irisan Cleansing Port 2,3 Jt",,,,,#N/A,,,,
13238412,ODP-JLL-FAJ/019,8,  -   ,1556752,194594,AREA 4,SULAWESI,TERNATE,PT2,Telkom Akses,228,20. PT2/Batch 7,Prio Agustus,NY Go Live,0,Y,y,20 Branch,PT2,01. Persiapan,Ready,,,,,,,,,,#N/A,,,,
13197365,ODP-SNN-FAA/111,8,  -   ,778800,97350,AREA 4,SULAWESI,TERNATE,PT2,Telkom Akses,213,20. PT2/Batch 7,Prio Agustus,NY Go Live,0,Y,y,20 Branch,PT2,00. Propose Drop,Ready,,,,,"Irisan Cleansing Port 2,3 Jt",,,,,#N/A,,,,
12045382,12045382-PT2-EXPAND ODP-SFI-FAF-053,16,  -   ,565270,35.329.375,AREA 4,SULAWESI,TERNATE,PT2,Telkom Akses,212,9. PT2/Batch 2,Prio Agustus,NY Go Live,0,Y,y,20 Branch,PT2,01. Persiapan,Ready,,,,,,,,,,#N/A,,,,
10584895,10584895-7SUMA-TNT-EXPAND-ODP-TNT-FBL-014,8,  -   ,1744767,218.095.875,AREA 4,SULAWESI,TERNATE,PT2,Telkom Akses,199,9. PT2/Batch 2,Prio Agustus,NY Go Live,0,Y,y,20 Branch,PT2,01. Persiapan,Ready,,,,,,,,,,#N/A,,,,
10575425,10575425-7SUMA-TNT-EXPAND-ODP-TNT-FBH-035,8,  -   ,1864182,"233022,75",AREA 4,SULAWESI,TERNATE,PT2,Telkom Akses,198,9. PT2/Batch 2,Prio Agustus,NY Go Live,0,Y,y,20 Branch,PT2,01. Persiapan,Ready,,,,,,,,,,#N/A,,,,
13099997,DM-AOk4260417125103264fd71d0,8,  -   ,2087115,260.889.375,AREA 4,SULAWESI,TERNATE,PT2,Telkom Akses,197,12. PT2/Batch 4 UNTSEL,Prio Agustus,NY Go Live,0,Y,y,20 Branch,PT2,01. Persiapan,Ready,,,,,,,,,,#N/A,,,,
10592081,10592081-7SUMA-SNN-EXPAND-ODP-SNN-FAC-031,8,  -   ,1933168,241646,AREA 4,SULAWESI,TERNATE,PT2,Telkom Akses,196,9. PT2/Batch 2,Prio Agustus,NY Go Live,0,Y,y,20 Branch,PT2,01. Persiapan,Ready,,,,,,,,,,#N/A,,,,
13091111,DM-AOk4260414122446475aad930,8,  -   ,2099331,262.416.375,AREA 4,SULAWESI,TERNATE,PT2,Telkom Akses,181,12. PT2/Batch 4 UNTSEL,Prio Agustus,NY Go Live,0,Y,y,20 Branch,PT2,01. Persiapan,Ready,,,,,,,,,,#N/A,,,,
10592277,10592277-7SUMA-MGL-EXPAND-ODP-MGL-FAA-024,8,  -   ,1744767,218.095.875,AREA 4,SULAWESI,TERNATE,PT2,Telkom Akses,180,9. PT2/Batch 2,Prio Agustus,NY Go Live,0,Y,y,20 Branch,PT2,01. Persiapan,Ready,,,,,,,,,,#N/A,,,,
13200090,ODP-SSI-FAA/52,8,  -   ,2180989,272.623.625,AREA 4,SULAWESI,TERNATE,PT2,Telkom Akses,164,20. PT2/Batch 7,Prio Agustus,NY Go Live,0,Y,y,20 Branch,PT2,00. Propose Drop,Ready,,,,,"Irisan Cleansing Port 2,3 Jt",,,,,#N/A,,,,
11498998,SMU SIB-FAD D05 CLUST SILANDO,104,  -   ,228961958,2201558,AREA 1,SUMBAGUT,PADANG SIDEMPUAN,PT3,Telkom Akses,30,28. PT3/Batch 8 thp 3,Prio September,NY Go Live,0,Y,y,20 Branch,#N/A,01. Persiapan,Ready,0,6950,,22/10/2026,,,,,00. Ny Golive,22/10/2026,,,,
13083333,SMU JPP ODCLESS CLUST 2500_20_192,104,  -   ,674948227,6489887,AREA 1,SUMBAGUT,PADANG SIDEMPUAN,PT3,Telkom Akses,1,28. PT3/Batch 8 thp 3,Prio September,NY Go Live,0,Y,y,20 Branch,#N/A,01. Persiapan,Ready,17637,0,,13/10/2026,,,,,00. Ny Golive,13/10/2026,,,,
13121155,ACH PT4 SMM-VAA LEMBAH SEULAWAH-LAMTAMOT,184,  -   ,1170625810,6362097,AREA 1,SUMBAGUT,BANDA ACEH,PT3,Telkom Akses,1,28. PT3/Batch 8 thp 3,Prio September,NY Go Live,0,Y,y,20 Branch,#N/A,01. Persiapan,Ready,1700,16500,,20/10/2026,,"Perizinan PU BALAI, Design KT",,,00. Ny Golive,20/10/2026,,,,
13138846,ACH FBB PT4 BNN-VAB SUKON PAKU,112,  -   ,320433821,2861017,AREA 1,SUMBAGUT,BANDA ACEH,PT3,Telkom Akses,1,28. PT3/Batch 8 thp 3,Prio September,NY Go Live,0,Y,y,20 Branch,#N/A,01. Persiapan,Ready,0,8640,,20/10/2026,,,,,00. Ny Golive,20/10/2026,,,,
13138974,ACH FBB PT4 SAB-VAA JABOI-ANOI ITAM,72,  -   ,707888154,9831780,AREA 1,SUMBAGUT,BANDA ACEH,PT3,Telkom Akses,18,28. PT3/Batch 8 thp 3,Prio September,NY Go Live,0,Y,y,20 Branch,#N/A,01. Persiapan,Ready,5850,6460,,20/10/2026,,,,,00. Ny Golive,20/10/2026,,,,
13117800,SMU JPP ODCLESS CLUS PINANGSORI,152,  -   ,358143168,2356206,AREA 1,SUMBAGUT,PADANG SIDEMPUAN,PT3,Telkom Akses,1,24. PT3/Batch 8 thp 1,Prio September,NY Go Live,0,Y,y,20 Branch,#N/A,01. Persiapan,Ready,,,,13/10/2026,,,,,00. Ny Golive,13/10/2026,,,,
11587453,ACH CAG PT3 CAG-FP BR.D01 TUWIE KAREUNG,72,  56 ,83684121,1.162.279.458,AREA 1,SUMBAGUT,BANDA ACEH,PT3,Telkom Akses,16,8. PT3/Batch 4b thp 2,Prio September,NY Go Live,0,Y,y,20 Branch,#N/A,05. Go Live,Ready,1905,-,,,,,,,01. Golive,Done,,,,
11437473,SMU GST-FAM CLUST IDANOGAWO,104,  -   ,164719967,1.583.845.837,AREA 1,SUMBAGUT,PADANG SIDEMPUAN,PT3,Telkom Akses,1,7. PT3/Batch 4b thp 1,Prio September,NY Go Live,0,Y,y,20 Branch,#N/A,01. Persiapan,Ready,1245,5.755,,07/10/2026,,,,,00. Ny Golive,07/10/2026,,,,
11346627,ACH PT3 CAG-FN BR.D02 PANTON_MD,32,  -   ,32540539,1.016.891.844,AREA 1,SUMBAGUT,BANDA ACEH,PT3,Telkom Akses,16,7. PT3/Batch 4b thp 1,Prio September,NY Go Live,0,Y,y,20 Branch,#N/A,01. Persiapan,Ready,,,,20/10/2026,,"Depedensi dengan LoP belum Release, Tulak balabasi",,,00. Ny Golive,20/10/2026,,,,
12596359,ACH PT3 DAR-FRB D12 KRUENG ANOI_MD,56,  -   ,112603006,2.010.767.964,AREA 1,SUMBAGUT,BANDA ACEH,PT3,Telkom Akses,19,7. PT3/Batch 4b thp 1,Prio September,NY Go Live,0,Y,y,20 Branch,#N/A,01. Persiapan,Ready,1200,1.700,,29/09/2026,,Menungu Join Visit dengan Tsel ke Desa,,,00. Ny Golive,29/09/2026,,,,
12444786,ACH PT3 MBO-FB D07 RUNDENG 2,24,  -   ,30582106,1.274.254.417,AREA 1,SUMBAGUT,BANDA ACEH,PT3,Telkom Akses,18,7. PT3/Batch 4b thp 1,Prio September,NY Go Live,0,Y,y,20 Branch,#N/A,02. Matdel,Ready,-,1.620,,29/09/2026,,,,,00. Ny Golive,29/09/2026,,,,
12543199,ACH PT3 MBO-FZ BR.D03 COT PIUH,32,  -   ,57702804,1.803.212.625,AREA 1,SUMBAGUT,BANDA ACEH,PT3,Telkom Akses,18,7. PT3/Batch 4b thp 1,Prio September,NY Go Live,0,Y,y,20 Branch,#N/A,01. Persiapan,Ready,2415,-,,20/10/2026,,"Redesign PT4, Menunggu Review Tsel",,,00. Ny Golive,20/10/2026,,,,
12596092,ACH PT3 MBO-FAE GUNONG KLENG,24,  -   ,24346273,1.014.428.042,AREA 1,SUMBAGUT,BANDA ACEH,PT3,Telkom Akses,17,7. PT3/Batch 4b thp 1,Prio September,NY Go Live,0,Y,y,20 Branch,#N/A,02. Matdel,Ready,390,575,,30/09/2026,,,,,00. Ny Golive,30/09/2026,,,,
12365035,SMU PYB-FAL 9266_H2_2025,88,  -   ,103431091,1.175.353.307,AREA 1,SUMBAGUT,PADANG SIDEMPUAN,PT3,Telkom Akses,30,3. PT3/Batch 2,Prio September,NY Go Live,0,Y,y,20 Branch,#N/A,03. OGP Instalasi,Ready,,,,25/09/2026,,,,,00. Ny Golive,25/09/2026,,,,
11283199,SMU PYB-FAZ CLUST DOLOK DARUSSALAM,184,  -   ,286920800,1.559.352.174,AREA 1,SUMBAGUT,PADANG SIDEMPUAN,PT3,Telkom Akses,1,3. PT3/Batch 2,Prio September,NY Go Live,0,Y,y,20 Branch,#N/A,03. OGP Instalasi,Ready,,,,29/09/2026,,,,,00. Ny Golive,29/09/2026,,,,
11456826,SMU TRT-FAN CLUST PANGARIBUAN,128,  -   ,202638966,1.583.116.922,AREA 1,SUMBAGUT,PADANG SIDEMPUAN,PT3,Telkom Akses,30,3. PT3/Batch 2,Prio September,NY Go Live,0,Y,y,20 Branch,#N/A,01. Persiapan,Ready,,,,13/10/2026,,Perizinan PU,,,00. Ny Golive,13/10/2026,,,,
11511756,ACH PT4 BNN-FU MUTIARA TIMUR,192,  -   ,274201292,1.428.131.729,AREA 1,SUMBAGUT,BANDA ACEH,PT3,Telkom Akses,1,3. PT3/Batch 2,Prio September,NY Go Live,0,Y,y,20 Branch,#N/A,01. Persiapan,Ready,,,,25/10/2026,,Depedensi dengan LoP Sukon Paku,,,00. Ny Golive,25/10/2026,,,,
11388984,ACH PT3 BNN-FB LAM UJONG,208,  -   ,330574485,1.589.300.409,AREA 1,SUMBAGUT,BANDA ACEH,PT3,Telkom Akses,1,3. PT3/Batch 2,Prio September,NY Go Live,0,Y,y,20 Branch,#N/A,01. Persiapan,Ready,,,,20/10/2026,,Plan review dengan ED Redesign kenaikan 83% QE 22-sep-26,,,00. Ny Golive,20/10/2026,,,,
12085649,ACH BNA PT3 BNA-FAH PERUM VAN GOGH,24,  -   ,55357971,2.306.582.125,AREA 1,SUMBAGUT,BANDA ACEH,PT3,Telkom Akses,1,10. PT3/Batch 5,Prio Agustus,NY Go Live,0,Y,y,20 Branch,PT3,02. Matdel,Ready,470,-,,30/09/2026,,"perizinan, Developer",,,00. Ny Golive,30/09/2026,,,,
11346432,ACH PT3 LTM-FK D08 PERUM CAYSYA INDAH,72,  -   ,53074567,7.371.467.639,AREA 1,SUMBAGUT,BANDA ACEH,PT3,Telkom Akses,1,3. PT3/Batch 2,Prio Agustus,NY Go Live,0,Y,y,20 Branch,PT3,04. Finish Instalasi,Ready,1185,1.455,,29/09/2026,,"Kendala QE Plan Selesai QE, CRA,CRQ 17-Sep-26",,,00. Ny Golive,29/09/2026,,,,
12298750,ACH PT3 LTM-FK BR.D05 PERUM NEUSOK,24,  -   ,28337124,"1180713,5",AREA 1,SUMBAGUT,BANDA ACEH,PT3,Telkom Akses,1,3. PT3/Batch 2,Prio Agustus,NY Go Live,0,Y,y,20 Branch,PT3,04. Finish Instalasi,Ready,566,,,29/09/2026,,"Kendala QE Plan Selesai QE, CRA,CRQ 17-Sep-26",,,00. Ny Golive,29/09/2026,,,,
11390860,ACH PT3 TKN TAKENGON BEBESEN,224,  -   ,192364600,8.587.705.357,AREA 1,SUMBAGUT,BANDA ACEH,PT3,Telkom Akses,1,4. PT3/Batch 3,Prio Agustus,NY Go Live,0,Y,y,20 Branch,PT3,05. Go Live,Ready,,,,,,,,,01. Golive,Golive,,,,
12941895,SUMUT JPP PT2 ODC BGO 571656,24,  -   ,7340167,3.058.402.917,AREA 1,SUMBAGUT,PADANG SIDEMPUAN,PT2,Telkom Akses,34,11. PT2/Batch 3,Prio September,NY Go Live,0,Y,y,20 Branch,#N/A,01. Persiapan,Ready,,,,,,,,,,#N/A,,,,
12941552,SUMUT JPP PT2 ODC BGO 571665,16,  -   ,5033453,3.145.908.125,AREA 1,SUMBAGUT,PADANG SIDEMPUAN,PT2,Telkom Akses,35,11. PT2/Batch 3,Prio September,NY Go Live,0,Y,y,20 Branch,#N/A,01. Persiapan,Ready,,,,,,,,,,#N/A,,,,
12196977,SMU PT2 LS ODC-BGO-FAB,72,  -   ,25189215,3.498.502.083,AREA 1,SUMBAGUT,PADANG SIDEMPUAN,PT2,Telkom Akses,36,11. PT2/Batch 3,Prio September,NY Go Live,0,Y,y,20 Branch,#N/A,01. Persiapan,Ready,,,,,,,,,,#N/A,,,,
12931504,SMU-PT2LS-250_300_2111,8,  -   ,3126711,390.838.875,AREA 1,SUMBAGUT,PADANG SIDEMPUAN,PT2,Telkom Akses,54,11. PT2/Batch 3,Prio September,NY Go Live,0,Y,y,20 Branch,#N/A,01. Persiapan,Ready,,,,,,,,,,#N/A,,,,
12931479,SMU-PT2LS-250_302_2109,8,  -   ,3126711,390.838.875,AREA 1,SUMBAGUT,PADANG SIDEMPUAN,PT2,Telkom Akses,55,11. PT2/Batch 3,Prio September,NY Go Live,0,Y,y,20 Branch,#N/A,01. Persiapan,Ready,,,,,,,,,,#N/A,,,,
12931446,SMU-PT2LS-250_295_2116,8,  -   ,3126711,390.838.875,AREA 1,SUMBAGUT,PADANG SIDEMPUAN,PT2,Telkom Akses,56,11. PT2/Batch 3,Prio September,NY Go Live,0,Y,y,20 Branch,#N/A,01. Persiapan,Ready,,,,,,,,,,#N/A,,,,
12931434,SMU-PT2LS-250_296_2115,8,  -   ,3126711,390.838.875,AREA 1,SUMBAGUT,PADANG SIDEMPUAN,PT2,Telkom Akses,57,11. PT2/Batch 3,Prio September,NY Go Live,0,Y,y,20 Branch,#N/A,01. Persiapan,Ready,,,,,,,,,,#N/A,,,,
12931421,SMU-PT2LS-250_295_2117,8,  -   ,3126711,390.838.875,AREA 1,SUMBAGUT,PADANG SIDEMPUAN,PT2,Telkom Akses,58,11. PT2/Batch 3,Prio September,NY Go Live,0,Y,y,20 Branch,#N/A,01. Persiapan,Ready,,,,,,,,,,#N/A,,,,
12931406,SMU-PT2LS-250_296_2114,8,  -   ,3126711,390.838.875,AREA 1,SUMBAGUT,PADANG SIDEMPUAN,PT2,Telkom Akses,59,11. PT2/Batch 3,Prio September,NY Go Live,0,Y,y,20 Branch,#N/A,01. Persiapan,Ready,,,,,,,,,,#N/A,,,,
10577725,SMU-EXPAND-ODP-SIP-FAA-054,8,  -   ,1505088,188136,AREA 1,SUMBAGUT,PADANG SIDEMPUAN,PT2,Telkom Akses,68,11. PT2/Batch 3,Prio September,NY Go Live,0,Y,y,20 Branch,#N/A,00. Propose Drop,,,,,,"Irisan Cleansing Port 2,3 Jt",,,,,#N/A,,,,
10577159,SMU-EXPAND-ODP-SIP-FAA-042,8,  -   ,1505088,188136,AREA 1,SUMBAGUT,PADANG SIDEMPUAN,PT2,Telkom Akses,69,11. PT2/Batch 3,Prio September,NY Go Live,0,Y,y,20 Branch,#N/A,01. Persiapan,Ready,,,,,,,,,,#N/A,,,,
12951268,SMU JPP PT2 ODC FAI 2500_37_205,8,  -   ,3126711,390.838.875,AREA 1,SUMBAGUT,PADANG SIDEMPUAN,PT2,Telkom Akses,154,11. PT2/Batch 3,Prio September,NY Go Live,0,Y,y,20 Branch,#N/A,01. Persiapan,Ready,,,,,,,,,,#N/A,,,,
12942238,BABEL JPP PT2 ODC-PYB1-2500_40_2038,8,  -   ,2841864,355233,AREA 1,SUMBAGUT,PADANG SIDEMPUAN,PT2,Telkom Akses,155,11. PT2/Batch 3,Prio September,NY Go Live,0,Y,y,20 Branch,#N/A,01. Persiapan,Ready,,,,,,,,,,#N/A,,,,
12942156,BABEL JPP PT2 ODC-PYB1-2500_40_2039,8,  -   ,2841864,355233,AREA 1,SUMBAGUT,PADANG SIDEMPUAN,PT2,Telkom Akses,156,11. PT2/Batch 3,Prio September,NY Go Live,0,Y,y,20 Branch,#N/A,01. Persiapan,Ready,,,,,,,,,,#N/A,,,,
12941697,BABEL PT2 EXPAND ODP-PYB-FAH05-569198,8,  -   ,700987,87.623.375,AREA 1,SUMBAGUT,PADANG SIDEMPUAN,PT2,Telkom Akses,157,11. PT2/Batch 3,Prio September,NY Go Live,0,Y,y,20 Branch,#N/A,00. Propose Drop,,,,,,QE Repair Core,,,,,#N/A,,,,
12938274,SMU-PT2LS-250_381_2048,8,  -   ,3126711,390.838.875,AREA 1,SUMBAGUT,PADANG SIDEMPUAN,PT2,Telkom Akses,158,11. PT2/Batch 3,Prio September,NY Go Live,0,Y,y,20 Branch,#N/A,01. Persiapan,Ready,,,,,,,,,,#N/A,,,,
12938264,SMU-PT2LS-250_456_2015,8,  -   ,3126711,390.838.875,AREA 1,SUMBAGUT,PADANG SIDEMPUAN,PT2,Telkom Akses,159,11. PT2/Batch 3,Prio September,NY Go Live,0,Y,y,20 Branch,#N/A,01. Persiapan,Ready,,,,,,,,,,#N/A,,,,
12938247,SMU-PT2LS-250_398_2045,8,  -   ,3126711,390.838.875,AREA 1,SUMBAGUT,PADANG SIDEMPUAN,PT2,Telkom Akses,160,11. PT2/Batch 3,Prio September,NY Go Live,0,Y,y,20 Branch,#N/A,01. Persiapan,Ready,,,,,,,,,,#N/A,,,,
12938227,SMU-PT2LS-250_381_2046,8,  -   ,3126711,390.838.875,AREA 1,SUMBAGUT,PADANG SIDEMPUAN,PT2,Telkom Akses,161,11. PT2/Batch 3,Prio September,NY Go Live,0,Y,y,20 Branch,#N/A,01. Persiapan,Ready,,,,,,,,,,#N/A,,,,
12938205,SMU-PT2LS-250_380_2054,8,  -   ,3126711,390.838.875,AREA 1,SUMBAGUT,PADANG SIDEMPUAN,PT2,Telkom Akses,162,11. PT2/Batch 3,Prio September,NY Go Live,0,Y,y,20 Branch,#N/A,01. Persiapan,Ready,,,,,,,,,,#N/A,,,,
12938192,SMU-PT2LS-250_380_2053,8,  -   ,3126711,390.838.875,AREA 1,SUMBAGUT,PADANG SIDEMPUAN,PT2,Telkom Akses,163,11. PT2/Batch 3,Prio September,NY Go Live,0,Y,y,20 Branch,#N/A,01. Persiapan,Ready,,,,,,,,,,#N/A,,,,
12938186,SMU-PT2LS-250_380_2047,8,  -   ,3126711,390.838.875,AREA 1,SUMBAGUT,PADANG SIDEMPUAN,PT2,Telkom Akses,164,11. PT2/Batch 3,Prio September,NY Go Live,0,Y,y,20 Branch,#N/A,01. Persiapan,Ready,,,,,,,,,,#N/A,,,,
12938175,SMU-PT2LS-250_380_2046,8,  -   ,3126711,390.838.875,AREA 1,SUMBAGUT,PADANG SIDEMPUAN,PT2,Telkom Akses,165,11. PT2/Batch 3,Prio September,NY Go Live,0,Y,y,20 Branch,#N/A,01. Persiapan,Ready,,,,,,,,,,#N/A,,,,
12938159,SMU-PT2LS-250_379_2053,8,  -   ,3126711,390.838.875,AREA 1,SUMBAGUT,PADANG SIDEMPUAN,PT2,Telkom Akses,166,11. PT2/Batch 3,Prio September,NY Go Live,0,Y,y,20 Branch,#N/A,01. Persiapan,Ready,,,,,,,,,,#N/A,,,,
12938131,SMU-PT2LS-250_379_2052,8,  -   ,3126711,390.838.875,AREA 1,SUMBAGUT,PADANG SIDEMPUAN,PT2,Telkom Akses,167,11. PT2/Batch 3,Prio September,NY Go Live,0,Y,y,20 Branch,#N/A,01. Persiapan,Ready,,,,,,,,,,#N/A,,,,
12938091,SMU-PT2LS-250_378_2057,8,  -   ,3126711,390.838.875,AREA 1,SUMBAGUT,PADANG SIDEMPUAN,PT2,Telkom Akses,168,11. PT2/Batch 3,Prio September,NY Go Live,0,Y,y,20 Branch,#N/A,01. Persiapan,Ready,,,,,,,,,,#N/A,,,,
12938066,SMU-PT2LS-250_378_2056,8,  -   ,3126711,390.838.875,AREA 1,SUMBAGUT,PADANG SIDEMPUAN,PT2,Telkom Akses,169,11. PT2/Batch 3,Prio September,NY Go Live,0,Y,y,20 Branch,#N/A,01. Persiapan,Ready,,,,,,,,,,#N/A,,,,
12938035,SMU-PT2LS-250_378_2054,8,  -   ,3126711,390.838.875,AREA 1,SUMBAGUT,PADANG SIDEMPUAN,PT2,Telkom Akses,170,11. PT2/Batch 3,Prio September,NY Go Live,0,Y,y,20 Branch,#N/A,01. Persiapan,Ready,,,,,,,,,,#N/A,,,,
12936994,SMU-PT2LS-250_377_2051,8,  -   ,3126711,390.838.875,AREA 1,SUMBAGUT,PADANG SIDEMPUAN,PT2,Telkom Akses,171,11. PT2/Batch 3,Prio September,NY Go Live,0,Y,y,20 Branch,#N/A,01. Persiapan,Ready,,,,,,,,,,#N/A,,,,
12936718,PMS-PT2-FAK-PYB-250_246_1849,8,  -   ,3171849,396.481.125,AREA 1,SUMBAGUT,PADANG SIDEMPUAN,PT2,Telkom Akses,172,11. PT2/Batch 3,Prio September,NY Go Live,0,Y,y,20 Branch,#N/A,01. Persiapan,Ready,,,,,,,,,,#N/A,,,,
12936619,PMS-PT2-FAK-PYB-250_246_1850_,8,  -   ,3171849,396.481.125,AREA 1,SUMBAGUT,PADANG SIDEMPUAN,PT2,Telkom Akses,173,11. PT2/Batch 3,Prio September,NY Go Live,0,Y,y,20 Branch,#N/A,01. Persiapan,Ready,,,,,,,,,,#N/A,,,,
12933919,SMU-PT2LS-250_375_2050,8,  -   ,3126711,390.838.875,AREA 1,SUMBAGUT,PADANG SIDEMPUAN,PT2,Telkom Akses,174,11. PT2/Batch 3,Prio September,NY Go Live,0,Y,y,20 Branch,#N/A,01. Persiapan,Ready,,,,,,,,,,#N/A,,,,
12933873,SMU-PT2LS-250_378_2058,8,  -   ,3126711,390.838.875,AREA 1,SUMBAGUT,PADANG SIDEMPUAN,PT2,Telkom Akses,175,11. PT2/Batch 3,Prio September,NY Go Live,0,Y,y,20 Branch,#N/A,01. Persiapan,Ready,,,,,,,,,,#N/A,,,,
12933854,SMU-PT2LS-250_378_2052,8,  -   ,3126711,390.838.875,AREA 1,SUMBAGUT,PADANG SIDEMPUAN,PT2,Telkom Akses,176,11. PT2/Batch 3,Prio September,NY Go Live,0,Y,y,20 Branch,#N/A,01. Persiapan,Ready,,,,,,,,,,#N/A,,,,
12933842,SMU-PT2LS-250_378_2051,8,  -   ,3126711,390.838.875,AREA 1,SUMBAGUT,PADANG SIDEMPUAN,PT2,Telkom Akses,177,11. PT2/Batch 3,Prio September,NY Go Live,0,Y,y,20 Branch,#N/A,01. Persiapan,Ready,,,,,,,,,,#N/A,,,,
12933813,SMU-PT2LS-250_368_2051,8,  -   ,3126711,390.838.875,AREA 1,SUMBAGUT,PADANG SIDEMPUAN,PT2,Telkom Akses,178,11. PT2/Batch 3,Prio September,NY Go Live,0,Y,y,20 Branch,#N/A,01. Persiapan,Ready,,,,,,,,,,#N/A,,,,
12933286,SMU-PT2LS-250_365_2051,8,  -   ,3126711,390.838.875,AREA 1,SUMBAGUT,PADANG SIDEMPUAN,PT2,Telkom Akses,179,11. PT2/Batch 3,Prio September,NY Go Live,0,Y,y,20 Branch,#N/A,01. Persiapan,Ready,,,,,,,,,,#N/A,,,,
12933237,SMU-PT2LS-250_355_2054,8,  -   ,3126711,390.838.875,AREA 1,SUMBAGUT,PADANG SIDEMPUAN,PT2,Telkom Akses,180,11. PT2/Batch 3,Prio September,NY Go Live,0,Y,y,20 Branch,#N/A,01. Persiapan,Ready,,,,,,,,,,#N/A,,,,
12931683,SMU-PT2LS-250_358_2052,8,  -   ,3126711,390.838.875,AREA 1,SUMBAGUT,PADANG SIDEMPUAN,PT2,Telkom Akses,181,11. PT2/Batch 3,Prio September,NY Go Live,0,Y,y,20 Branch,#N/A,01. Persiapan,Ready,,,,,,,,,,#N/A,,,,
12931664,SMU-PT2LS-250_377_2058,8,  -   ,3126711,390.838.875,AREA 1,SUMBAGUT,PADANG SIDEMPUAN,PT2,Telkom Akses,182,11. PT2/Batch 3,Prio September,NY Go Live,0,Y,y,20 Branch,#N/A,01. Persiapan,Ready,,,,,,,,,,#N/A,,,,
12931576,SMU-PT2LS-250_371_2050,8,  -   ,3126711,390.838.875,AREA 1,SUMBAGUT,PADANG SIDEMPUAN,PT2,Telkom Akses,183,11. PT2/Batch 3,Prio September,NY Go Live,0,Y,y,20 Branch,#N/A,01. Persiapan,Ready,,,,,,,,,,#N/A,,,,
12931532,SMU-PT2LS-250_366_2050,8,  -   ,3126711,390.838.875,AREA 1,SUMBAGUT,PADANG SIDEMPUAN,PT2,Telkom Akses,184,11. PT2/Batch 3,Prio September,NY Go Live,0,Y,y,20 Branch,#N/A,01. Persiapan,Ready,,,,,,,,,,#N/A,,,,
12931519,SMU-PT2LS-250_366_2048,8,  -   ,3126711,390.838.875,AREA 1,SUMBAGUT,PADANG SIDEMPUAN,PT2,Telkom Akses,185,11. PT2/Batch 3,Prio September,NY Go Live,0,Y,y,20 Branch,#N/A,01. Persiapan,Ready,,,,,,,,,,#N/A,,,,
10274195,SMU PT3 P2I3 CLUSTER SINUNUKAN,280,  -   ,551854702,"1970909,65",AREA 1,SUMBAGUT,PADANG SIDEMPUAN,PT2,Telkom Akses,94,12. PT2/Batch 4 UNTSEL,Prio September,NY Go Live,0,Y,y,20 Branch,#N/A,04. Finish Instalasi,Ready,,,,,,,,,,#N/A,,,,
13039178,AOi4260215024010856dd4560,8,  -   ,851105,106.388.125,AREA 1,SUMBAGUT,BANDA ACEH,PT2,Telkom Akses,223,12. PT2/Batch 4 UNTSEL,Prio September,NY Go Live,0,Y,y,20 Branch,#N/A,00. Propose Drop,,,,,,Core Distribusi Habis,,,,,#N/A,,,,
13007679,ACH PT2 EXPAND ODP-BNA-FAJ-15,32,  -   ,1839152,"57473,5",AREA 1,SUMBAGUT,BANDA ACEH,PT2,Telkom Akses,225,12. PT2/Batch 4 UNTSEL,Prio September,NY Go Live,0,Y,y,20 Branch,#N/A,05. Go Live,Ready,,,,,,,,,,#N/A,,,,
13164441,PT2 BIR-FV AOi4260517113741452bcdb20,16,  -   ,766197,478.873.125,AREA 1,SUMBAGUT,BANDA ACEH,PT2,Telkom Akses,17,19. PT2/Batch 7 UNTSEL,Prio September,NY Go Live,0,Y,y,20 Branch,#N/A,05. Go Live,Ready,,,,,,,,,,#N/A,,,,
11922990,PT2 EXPAND ODP-BNA-FH72,8,  -   ,1059734,"132466,75",AREA 1,SUMBAGUT,BANDA ACEH,PT2,Telkom Akses,206,19. PT2/Batch 7 UNTSEL,Prio September,NY Go Live,0,Y,y,20 Branch,#N/A,05. Go Live,Ready,,,,,,,,,,#N/A,,,,
12579449,ACH PT2 EXPAND ODP-BNA-FM 122,8,  -   ,2076272,259534,AREA 1,SUMBAGUT,BANDA ACEH,PT2,Telkom Akses,210,19. PT2/Batch 7 UNTSEL,Prio September,NY Go Live,0,Y,y,20 Branch,#N/A,05. Go Live,Ready,,,,,,,,,,#N/A,,,,
12671519,ACH PT2 EXPAND ODP-BNA-FAF58,8,  -   ,2076272,259534,AREA 1,SUMBAGUT,BANDA ACEH,PT2,Telkom Akses,212,19. PT2/Batch 7 UNTSEL,Prio September,NY Go Live,0,Y,y,20 Branch,#N/A,05. Go Live,Ready,,,,,,,,,,#N/A,,,,
12671551,ACH PT2 EXPAND ODP-BNA-FT54,8,  -   ,2076272,259534,AREA 1,SUMBAGUT,BANDA ACEH,PT2,Telkom Akses,213,19. PT2/Batch 7 UNTSEL,Prio September,NY Go Live,0,Y,y,20 Branch,#N/A,05. Go Live,Ready,,,,,,,,,,#N/A,,,,
12134900,SMU PT2 EXPAND ODP-BGO-FAA-030,8,  -   ,472660,"59082,5",AREA 1,SUMBAGUT,PADANG SIDEMPUAN,PT2,Telkom Akses,1,2. PT2/Batch 1,Prio September,NY Go Live,0,Y,y,20 Branch,#N/A,00. Propose Drop,,,,,,"Irisan Cleansing Port 2,3 Jt",,,,,#N/A,,,,
12555995,SMU PT2 EXPAND ODP-BGO-FAA-038,8,  -   ,2109757,263.719.625,AREA 1,SUMBAGUT,PADANG SIDEMPUAN,PT2,Telkom Akses,2,2. PT2/Batch 1,Prio September,NY Go Live,0,Y,y,20 Branch,#N/A,00. Propose Drop,,,,,,"Irisan Cleansing Port 2,3 Jt",,,,,#N/A,,,,
12556009,SMU PT2 EXPAND ODP-BGO-FAA-076,8,  -   ,2109757,263.719.625,AREA 1,SUMBAGUT,PADANG SIDEMPUAN,PT2,Telkom Akses,3,2. PT2/Batch 1,Prio September,NY Go Live,0,Y,y,20 Branch,#N/A,00. Propose Drop,,,,,,"Irisan Cleansing Port 2,3 Jt",,,,,#N/A,,,,
12556105,SMU PT2 EXPAND ODP-BGO-FAA-079,8,  -   ,2109757,263.719.625,AREA 1,SUMBAGUT,PADANG SIDEMPUAN,PT2,Telkom Akses,4,2. PT2/Batch 1,Prio September,NY Go Live,0,Y,y,20 Branch,#N/A,00. Propose Drop,,,,,,QE Repair Core,,,,,#N/A,,,,
12557376,SMU PT2 EXPAND ODP-BGO-FAC-090,8,  -   ,2109757,263.719.625,AREA 1,SUMBAGUT,PADANG SIDEMPUAN,PT2,Telkom Akses,5,2. PT2/Batch 1,Prio September,NY Go Live,0,Y,y,20 Branch,#N/A,00. Propose Drop,,,,,,Pelanggan Batal,,,,,#N/A,,,,
12557486,SMU PT2 EXPAND ODP-BGO-FAF-004,8,  -   ,2109757,263.719.625,AREA 1,SUMBAGUT,PADANG SIDEMPUAN,PT2,Telkom Akses,6,2. PT2/Batch 1,Prio September,NY Go Live,0,Y,y,20 Branch,#N/A,00. Propose Drop,,,,,,Pelanggan Batal,,,,,#N/A,,,,
12573583,SMU PT2 EXPAND ODP-PYB-FAM-049,16,  -   ,3406131,2.128.831.875,AREA 1,SUMBAGUT,PADANG SIDEMPUAN,PT2,Telkom Akses,9,2. PT2/Batch 1,Prio September,NY Go Live,0,Y,y,20 Branch,#N/A,00. Propose Drop,,,,,,"Irisan Cleansing Port 2,3 Jt",,,,,#N/A,,,,
12573582,SMU PT2 EXPAND ODP-PYB-FAM-031,16,  -   ,3406131,2.128.831.875,AREA 1,SUMBAGUT,PADANG SIDEMPUAN,PT2,Telkom Akses,10,2. PT2/Batch 1,Prio September,NY Go Live,0,Y,y,20 Branch,#N/A,00. Propose Drop,,,,,,QE Repair Core,,,,,#N/A,,,,
12573580,SMU PT2 EXPAND ODP-PYB-FAM-029,16,  -   ,3406131,2.128.831.875,AREA 1,SUMBAGUT,PADANG SIDEMPUAN,PT2,Telkom Akses,11,2. PT2/Batch 1,Prio September,NY Go Live,0,Y,y,20 Branch,#N/A,00. Propose Drop,,,,,,"Irisan Cleansing Port 2,3 Jt",,,,,#N/A,,,,
11921326,"11921326-PT2-BGO-FAC-AEK PINING, BATANG",8,  -   ,2291953,286.494.125,AREA 1,SUMBAGUT,PADANG SIDEMPUAN,PT2,Telkom Akses,12,2. PT2/Batch 1,Prio September,NY Go Live,0,Y,y,20 Branch,#N/A,00. Propose Drop,,,,,,PT1 - Disolusikan Dengan Alpro Lain,,,,,#N/A,,,,
12197213,SMU PT2 LS ODC-BGO-FAF,40,  -   ,14105163,352.629.075,AREA 1,SUMBAGUT,PADANG SIDEMPUAN,PT2,Telkom Akses,13,2. PT2/Batch 1,Prio September,NY Go Live,0,Y,y,20 Branch,#N/A,01. Persiapan,Ready,,,,,,,,,,#N/A,,,,
12197260,SMU PT2 LS ODC-BGO-FAJ,8,  -   ,3126711,390.838.875,AREA 1,SUMBAGUT,PADANG SIDEMPUAN,PT2,Telkom Akses,14,2. PT2/Batch 1,Prio September,NY Go Live,0,Y,y,20 Branch,#N/A,01. Persiapan,Ready,,,,,,,,,,#N/A,,,,
12486640,ACH PT2 EXPAND-ODP-BIR-FB-50,16,  -   ,3406131,2.128.831.875,AREA 1,SUMBAGUT,BANDA ACEH,PT2,Telkom Akses,18,2. PT2/Batch 1,Prio September,NY Go Live,0,Y,y,20 Branch,#N/A,00. Propose Drop,,,,,,Core Distribusi Habis,,,,,#N/A,,,,
12486641,ACH PT2 EXPAND-ODP-BIR-FB-51,16,  -   ,3406131,2.128.831.875,AREA 1,SUMBAGUT,BANDA ACEH,PT2,Telkom Akses,19,2. PT2/Batch 1,Prio September,NY Go Live,0,Y,y,20 Branch,#N/A,00. Propose Drop,,,,,,"Irisan Cleansing Port 2,3 Jt",,,,,#N/A,,,,
12486648,ACH PT2 EXPAND-ODP-BIR-FB-54,16,  -   ,3406131,2.128.831.875,AREA 1,SUMBAGUT,BANDA ACEH,PT2,Telkom Akses,20,2. PT2/Batch 1,Prio September,NY Go Live,0,Y,y,20 Branch,#N/A,00. Propose Drop,,,,,,"Irisan Cleansing Port 2,3 Jt",,,,,#N/A,,,,
12486689,ACH PT2 EXPAND-ODP-BIR-FC-24,16,  -   ,3406131,2.128.831.875,AREA 1,SUMBAGUT,BANDA ACEH,PT2,Telkom Akses,24,2. PT2/Batch 1,Prio September,NY Go Live,0,Y,y,20 Branch,#N/A,00. Propose Drop,,,,,,"Irisan Cleansing Port 2,3 Jt",,,,,#N/A,,,,
12486715,ACH PT2 EXPAND-ODP-BIR-FD-07,16,  -   ,3406131,2.128.831.875,AREA 1,SUMBAGUT,BANDA ACEH,PT2,Telkom Akses,26,2. PT2/Batch 1,Prio September,NY Go Live,0,Y,y,20 Branch,#N/A,00. Propose Drop,,,,,,"Irisan Cleansing Port 2,3 Jt",,,,,#N/A,,,,
12486938,ACH PT2 EXPAND-ODP-BIR-FD-63,16,  -   ,3406131,2.128.831.875,AREA 1,SUMBAGUT,BANDA ACEH,PT2,Telkom Akses,30,2. PT2/Batch 1,Prio September,NY Go Live,0,Y,y,20 Branch,#N/A,00. Propose Drop,,,,,,"Irisan Cleansing Port 2,3 Jt",,,,,#N/A,,,,
12486963,ACH PT2 EXPAND-ODP-BIR-FE-05,16,  -   ,3406131,2.128.831.875,AREA 1,SUMBAGUT,BANDA ACEH,PT2,Telkom Akses,33,2. PT2/Batch 1,Prio September,NY Go Live,0,Y,y,20 Branch,#N/A,00. Propose Drop,,,,,,"Irisan Cleansing Port 2,3 Jt",,,,,#N/A,,,,
12486969,ACH PT2 EXPAND-ODP-BIR-FE-41,16,  -   ,3406131,2.128.831.875,AREA 1,SUMBAGUT,BANDA ACEH,PT2,Telkom Akses,35,2. PT2/Batch 1,Prio September,NY Go Live,0,Y,y,20 Branch,#N/A,00. Propose Drop,,,,,,"Irisan Cleansing Port 2,3 Jt",,,,,#N/A,,,,
12487000,ACH PT2 EXPAND-ODP-BIR-FF-21,16,  -   ,3406131,2.128.831.875,AREA 1,SUMBAGUT,BANDA ACEH,PT2,Telkom Akses,37,2. PT2/Batch 1,Prio September,NY Go Live,0,Y,y,20 Branch,#N/A,00. Propose Drop,,,,,,"Irisan Cleansing Port 2,3 Jt",,,,,#N/A,,,,
12487003,ACH PT2 EXPAND-ODP-BIR-FF-22,16,  -   ,3406131,2.128.831.875,AREA 1,SUMBAGUT,BANDA ACEH,PT2,Telkom Akses,38,2. PT2/Batch 1,Prio September,NY Go Live,0,Y,y,20 Branch,#N/A,00. Propose Drop,,,,,,"Irisan Cleansing Port 2,3 Jt",,,,,#N/A,,,,
12487007,ACH PT2 EXPAND-ODP-BIR-FF-29,16,  -   ,3406131,2.128.831.875,AREA 1,SUMBAGUT,BANDA ACEH,PT2,Telkom Akses,39,2. PT2/Batch 1,Prio September,NY Go Live,0,Y,y,20 Branch,#N/A,00. Propose Drop,,,,,,"Irisan Cleansing Port 2,3 Jt",,,,,#N/A,,,,
12487152,ACH PT2 EXPAND-ODP-BIR-FF-31,16,  -   ,3406131,2.128.831.875,AREA 1,SUMBAGUT,BANDA ACEH,PT2,Telkom Akses,41,2. PT2/Batch 1,Prio September,NY Go Live,0,Y,y,20 Branch,#N/A,00. Propose Drop,,,,,,"Irisan Cleansing Port 2,3 Jt",,,,,#N/A,,,,
12487157,ACH PT2 EXPAND-ODP-BIR-FG-02,16,  -   ,3406131,2.128.831.875,AREA 1,SUMBAGUT,BANDA ACEH,PT2,Telkom Akses,42,2. PT2/Batch 1,Prio September,NY Go Live,0,Y,y,20 Branch,#N/A,00. Propose Drop,,,,,,QE Repair Core,,,,,#N/A,,,,
12487166,ACH PT2 EXPAND-ODP-BIR-FG-10,16,  -   ,3406131,2.128.831.875,AREA 1,SUMBAGUT,BANDA ACEH,PT2,Telkom Akses,44,2. PT2/Batch 1,Prio September,NY Go Live,0,Y,y,20 Branch,#N/A,00. Propose Drop,,,,,,Core Feeder Habis,,,,,#N/A,,,,
12487174,ACH PT2 EXPAND-ODP-BIR-FG-12,16,  -   ,3406131,2.128.831.875,AREA 1,SUMBAGUT,BANDA ACEH,PT2,Telkom Akses,45,2. PT2/Batch 1,Prio September,NY Go Live,0,Y,y,20 Branch,#N/A,00. Propose Drop,,,,,,QE Repair Core,,,,,#N/A,,,,
12488544,ACH PT2 EXPAND-ODP-BIR-FJ-13,16,  -   ,3406131,2.128.831.875,AREA 1,SUMBAGUT,BANDA ACEH,PT2,Telkom Akses,62,2. PT2/Batch 1,Prio September,NY Go Live,0,Y,y,20 Branch,#N/A,00. Propose Drop,,,,,,QE Repair Core,,,,,#N/A,,,,
12493503,ACH PT2 EXPAND-ODP-BIR-FJ-17,16,  -   ,3406131,2.128.831.875,AREA 1,SUMBAGUT,BANDA ACEH,PT2,Telkom Akses,63,2. PT2/Batch 1,Prio September,NY Go Live,0,Y,y,20 Branch,#N/A,00. Propose Drop,,,,,,QE Repair Core,,,,,#N/A,,,,
12493539,ACH PT2 EXPAND-ODP-BIR-FL-14,16,  -   ,3406131,2.128.831.875,AREA 1,SUMBAGUT,BANDA ACEH,PT2,Telkom Akses,66,2. PT2/Batch 1,Prio September,NY Go Live,0,Y,y,20 Branch,#N/A,00. Propose Drop,,,,,,"Irisan Cleansing Port 2,3 Jt",,,,,#N/A,,,,
12493581,ACH PT2 EXPAND-ODP-BIR-FQ-15,16,  -   ,3406131,2.128.831.875,AREA 1,SUMBAGUT,BANDA ACEH,PT2,Telkom Akses,73,2. PT2/Batch 1,Prio September,NY Go Live,0,Y,y,20 Branch,#N/A,00. Propose Drop,,,,,,"Irisan Cleansing Port 2,3 Jt",,,,,#N/A,,,,
12567421,SMU PT2 EXPAND ODP-SIP-FA-064,8,  -   ,2109757,263.719.625,AREA 1,SUMBAGUT,PADANG SIDEMPUAN,PT2,Telkom Akses,73,2. PT2/Batch 1,Prio September,NY Go Live,0,Y,y,20 Branch,#N/A,00. Propose Drop,,,,,,"Irisan Cleansing Port 2,3 Jt",,,,,#N/A,,,,
12567297,SMU PT2 EXPAND ODP-SIP-FA-050,8,  -   ,2109757,263.719.625,AREA 1,SUMBAGUT,PADANG SIDEMPUAN,PT2,Telkom Akses,74,2. PT2/Batch 1,Prio September,NY Go Live,0,Y,y,20 Branch,#N/A,00. Propose Drop,,,,,,QE Repair Core,,,,,#N/A,,,,
12493589,ACH PT2 EXPAND-ODP-BIR-FT-25,16,  -   ,3406131,2.128.831.875,AREA 1,SUMBAGUT,BANDA ACEH,PT2,Telkom Akses,75,2. PT2/Batch 1,Prio September,NY Go Live,0,Y,y,20 Branch,#N/A,00. Propose Drop,,,,,,"Irisan Cleansing Port 2,3 Jt",,,,,#N/A,,,,
12567290,SMU PT2 EXPAND ODP-SIP-FA-049,8,  -   ,2109757,263.719.625,AREA 1,SUMBAGUT,PADANG SIDEMPUAN,PT2,Telkom Akses,75,2. PT2/Batch 1,Prio September,NY Go Live,0,Y,y,20 Branch,#N/A,00. Propose Drop,,,,,,"Irisan Cleansing Port 2,3 Jt",,,,,#N/A,,,,
12530757,SMU PT2 EXPAND ODP-SIP-FAC-016,16,  -   ,3406131,2.128.831.875,AREA 1,SUMBAGUT,PADANG SIDEMPUAN,PT2,Telkom Akses,77,2. PT2/Batch 1,Prio September,NY Go Live,0,Y,y,20 Branch,#N/A,00. Propose Drop,,,,,,"Irisan Cleansing Port 2,3 Jt",,,,,#N/A,,,,
12502675,ACH PT2 ODP-BIR-FA-84 Expand,16,  -   ,3406131,2.128.831.875,AREA 1,SUMBAGUT,BANDA ACEH,PT2,Telkom Akses,78,2. PT2/Batch 1,Prio September,NY Go Live,0,Y,y,20 Branch,#N/A,00. Propose Drop,,,,,,QE Repair Core,,,,,#N/A,,,,
12502745,ACH PT2 EXPAND ODP-BIR-FA-79,16,  -   ,3406131,2.128.831.875,AREA 1,SUMBAGUT,BANDA ACEH,PT2,Telkom Akses,80,2. PT2/Batch 1,Prio September,NY Go Live,0,Y,y,20 Branch,#N/A,00. Propose Drop,,,,,,QE Repair Core,,,,,#N/A,,,,
12502809,ACH PT2 ODP-BIR-FB-50 Expand,16,  -   ,3406131,2.128.831.875,AREA 1,SUMBAGUT,BANDA ACEH,PT2,Telkom Akses,82,2. PT2/Batch 1,Prio September,NY Go Live,0,Y,y,20 Branch,#N/A,00. Propose Drop,,,,,,QE Repair Core,,,,,#N/A,,,,
11859174,EXPAND ODP-SIP-FAA-038,8,  -   ,962970,"120371,25",AREA 1,SUMBAGUT,PADANG SIDEMPUAN,PT2,Telkom Akses,82,2. PT2/Batch 1,Prio September,NY Go Live,0,Y,y,20 Branch,#N/A,00. Propose Drop,,,,,,"Irisan Cleansing Port 2,3 Jt",,,,,#N/A,,,,
12502831,ACH PT2 ODP-BIR-FB-51 Expand,16,  -   ,3406131,2.128.831.875,AREA 1,SUMBAGUT,BANDA ACEH,PT2,Telkom Akses,83,2. PT2/Batch 1,Prio September,NY Go Live,0,Y,y,20 Branch,#N/A,00. Propose Drop,,,,,,"Irisan Cleansing Port 2,3 Jt",,,,,#N/A,,,,
11503258,EXPAND ODP-SIP-FAA-042,8,  -   ,962970,"120371,25",AREA 1,SUMBAGUT,PADANG SIDEMPUAN,PT2,Telkom Akses,83,2. PT2/Batch 1,Prio September,NY Go Live,0,Y,y,20 Branch,#N/A,00. Propose Drop,,,,,,"Irisan Cleansing Port 2,3 Jt",,,,,#N/A,,,,
12268414,SMU PT2 LS ODC-SIP-FAF,32,  -   ,10978452,343.076.625,AREA 1,SUMBAGUT,PADANG SIDEMPUAN,PT2,Telkom Akses,84,2. PT2/Batch 1,Prio September,NY Go Live,0,Y,y,20 Branch,#N/A,01. Persiapan,Ready,,,,,,,,,,#N/A,,,,
12268366,SMU PT2 LS ODC-SIP-FA,32,  -   ,10978452,343.076.625,AREA 1,SUMBAGUT,PADANG SIDEMPUAN,PT2,Telkom Akses,85,2. PT2/Batch 1,Prio September,NY Go Live,0,Y,y,20 Branch,#N/A,01. Persiapan,Ready,,,,,,,,,,#N/A,,,,
12503854,ACH PT2 EXPAND ODP-BIR-FD-07,16,  -   ,3406131,2.128.831.875,AREA 1,SUMBAGUT,BANDA ACEH,PT2,Telkom Akses,86,2. PT2/Batch 1,Prio September,NY Go Live,0,Y,y,20 Branch,#N/A,00. Propose Drop,,,,,,"Irisan Cleansing Port 2,3 Jt",,,,,#N/A,,,,
12055556,PT2 SIP-FAD D01 117471_H2_2025,8,  -   ,3178411,397.301.375,AREA 1,SUMBAGUT,PADANG SIDEMPUAN,PT2,Telkom Akses,86,2. PT2/Batch 1,Prio September,NY Go Live,0,Y,y,20 Branch,#N/A,01. Persiapan,Ready,,,,,,,,,,#N/A,,,,
12267842,"12267842-PT2-SIP-FAA-PARAN JULU, SIPIROK",8,  -   ,2291953,286.494.125,AREA 1,SUMBAGUT,PADANG SIDEMPUAN,PT2,Telkom Akses,87,2. PT2/Batch 1,Prio September,NY Go Live,0,Y,y,20 Branch,#N/A,00. Propose Drop,,,,,,PT1 - Disolusikan Dengan Alpro Lain,,,,,#N/A,,,,
12549660,"12549660-PT2-SIP-FAA-HUTA SUHUT III, SIP",8,  -   ,2291953,286.494.125,AREA 1,SUMBAGUT,PADANG SIDEMPUAN,PT2,Telkom Akses,88,2. PT2/Batch 1,Prio September,NY Go Live,0,Y,y,20 Branch,#N/A,00. Propose Drop,,,,,,PT1 - Disolusikan Dengan Alpro Lain,,,,,#N/A,,,,
12410246,"12410246-PT2-SIP-FAA-SIBADOAR, SIPIROK,",8,  -   ,2291953,286.494.125,AREA 1,SUMBAGUT,PADANG SIDEMPUAN,PT2,Telkom Akses,89,2. PT2/Batch 1,Prio September,NY Go Live,0,Y,y,20 Branch,#N/A,00. Propose Drop,,,,,,PT1 - Disolusikan Dengan Alpro Lain,,,,,#N/A,,,,
12526466,"12526466-PT2-SIP-FAB-BAGAS NAGODANG II,",8,  -   ,2291953,286.494.125,AREA 1,SUMBAGUT,PADANG SIDEMPUAN,PT2,Telkom Akses,90,2. PT2/Batch 1,Prio September,NY Go Live,0,Y,y,20 Branch,#N/A,00. Propose Drop,,,,,,PT1 - Disolusikan Dengan Alpro Lain,,,,,#N/A,,,,
12504390,ACH PT2 EXPAND ODP-BIR-FF-21,16,  -   ,3406131,2.128.831.875,AREA 1,SUMBAGUT,BANDA ACEH,PT2,Telkom Akses,92,2. PT2/Batch 1,Prio September,NY Go Live,0,Y,y,20 Branch,#N/A,00. Propose Drop,,,,,,"Irisan Cleansing Port 2,3 Jt",,,,,#N/A,,,,
12504466,ACH PT2 EXPAND ODP-BIR-FG-02,16,  -   ,3406131,2.128.831.875,AREA 1,SUMBAGUT,BANDA ACEH,PT2,Telkom Akses,93,2. PT2/Batch 1,Prio September,NY Go Live,0,Y,y,20 Branch,#N/A,00. Propose Drop,,,,,,QE Repair Core,,,,,#N/A,,,,
12504839,ACH PT2 EXPAND ODP-BIR-FG-170,16,  -   ,3406131,2.128.831.875,AREA 1,SUMBAGUT,BANDA ACEH,PT2,Telkom Akses,95,2. PT2/Batch 1,Prio September,NY Go Live,0,Y,y,20 Branch,#N/A,00. Propose Drop,,,,,,Kapasitas sudah 16,,,,,#N/A,,,,
12393233,ACH PT2 LS BIR-FS,40,  -   ,13570010,"339250,25",AREA 1,SUMBAGUT,BANDA ACEH,PT2,Telkom Akses,99,2. PT2/Batch 1,Prio September,NY Go Live,0,Y,y,20 Branch,#N/A,00. Propose Drop,,,,,,Core Distribusi Habis,,,,,#N/A,,,,
12393095,ACH PT2 LSBIR-FP,8,  -   ,3246851,405.856.375,AREA 1,SUMBAGUT,BANDA ACEH,PT2,Telkom Akses,100,2. PT2/Batch 1,Prio September,NY Go Live,0,Y,y,20 Branch,#N/A,00. Propose Drop,,,,,,Core Distribusi Habis,,,,,#N/A,,,,
12393038,ACH PT2 LS BIR-FC,8,  -   ,3193696,399212,AREA 1,SUMBAGUT,BANDA ACEH,PT2,Telkom Akses,101,2. PT2/Batch 1,Prio September,NY Go Live,0,Y,y,20 Branch,#N/A,00. Propose Drop,,,,,,Core Distribusi Habis,,,,,#N/A,,,,
12392994,ACH PT2 LS BIR-FP,24,  -   ,8381121,349.213.375,AREA 1,SUMBAGUT,BANDA ACEH,PT2,Telkom Akses,102,2. PT2/Batch 1,Prio September,NY Go Live,0,Y,y,20 Branch,#N/A,00. Propose Drop,,,,,,Core Distribusi Habis,,,,,#N/A,,,,
12258859,ACH PT2 LS BIR-FF,72,  -   ,25224195,3.503.360.417,AREA 1,SUMBAGUT,BANDA ACEH,PT2,Telkom Akses,103,2. PT2/Batch 1,Prio September,NY Go Live,0,Y,y,20 Branch,#N/A,00. Propose Drop,,,,,,Core Distribusi Habis,,,,,#N/A,,,,
11912599,XP R1 BIR ODC-BIR-FB,8,  -   ,700987,87.623.375,AREA 1,SUMBAGUT,BANDA ACEH,PT2,Telkom Akses,104,2. PT2/Batch 1,Prio September,NY Go Live,0,Y,y,20 Branch,#N/A,00. Propose Drop,,,,,,Core Distribusi Habis,,,,,#N/A,,,,
11912606,XP R1 BIR ODC-BIR-FD,8,  -   ,700987,87.623.375,AREA 1,SUMBAGUT,BANDA ACEH,PT2,Telkom Akses,105,2. PT2/Batch 1,Prio September,NY Go Live,0,Y,y,20 Branch,#N/A,00. Propose Drop,,,,,,Core Distribusi Habis,,,,,#N/A,,,,
11912651,XP R1 BIR ODC-BIR-FE,8,  -   ,700987,87.623.375,AREA 1,SUMBAGUT,BANDA ACEH,PT2,Telkom Akses,106,2. PT2/Batch 1,Prio September,NY Go Live,0,Y,y,20 Branch,#N/A,00. Propose Drop,,,,,,Core Distribusi Habis,,,,,#N/A,,,,
11912656,XP R1 BIR ODC-BIR-FG,8,  -   ,1401974,"175246,75",AREA 1,SUMBAGUT,BANDA ACEH,PT2,Telkom Akses,107,2. PT2/Batch 1,Prio September,NY Go Live,0,Y,y,20 Branch,#N/A,00. Propose Drop,,,,,,Core Distribusi Habis,,,,,#N/A,,,,
12493535,ACH PT2 EXPAND-ODP-BIR-FL-05,16,  -   ,3406131,2.128.831.875,AREA 1,SUMBAGUT,BANDA ACEH,PT2,Telkom Akses,117,2. PT2/Batch 1,Prio September,NY Go Live,0,Y,y,20 Branch,#N/A,00. Propose Drop,,,,,,"Irisan Cleansing Port 2,3 Jt",,,,,#N/A,,,,
12493540,ACH PT2 EXPAND-ODP-BIR-FL-15,16,  -   ,3406131,2.128.831.875,AREA 1,SUMBAGUT,BANDA ACEH,PT2,Telkom Akses,118,2. PT2/Batch 1,Prio September,NY Go Live,0,Y,y,20 Branch,#N/A,00. Propose Drop,,,,,,"Irisan Cleansing Port 2,3 Jt",,,,,#N/A,,,,
12493545,ACH PT2 EXPAND-ODP-BIR-FL-16,16,  -   ,3406131,2.128.831.875,AREA 1,SUMBAGUT,BANDA ACEH,PT2,Telkom Akses,119,2. PT2/Batch 1,Prio September,NY Go Live,0,Y,y,20 Branch,#N/A,00. Propose Drop,,,,,,"Irisan Cleansing Port 2,3 Jt",,,,,#N/A,,,,
12493573,ACH PT2 EXPAND-ODP-BIR-FP-20,16,  -   ,3406131,2.128.831.875,AREA 1,SUMBAGUT,BANDA ACEH,PT2,Telkom Akses,121,2. PT2/Batch 1,Prio September,NY Go Live,0,Y,y,20 Branch,#N/A,00. Propose Drop,,,,,,"Irisan Cleansing Port 2,3 Jt",,,,,#N/A,,,,
11922043,PT2 EXPAND ODP-BKJ-FB-127,8,  -   ,912103,114.012.875,AREA 1,SUMBAGUT,BANDA ACEH,PT2,Telkom Akses,197,2. PT2/Batch 1,Prio September,NY Go Live,0,Y,y,20 Branch,#N/A,00. Propose Drop,,,,,,"Irisan Cleansing Port 2,3 Jt",,,,,#N/A,,,,
12513334,12513334-PT2-BGO-FAC-PERKEBUNAN SIGALA-G,8,  -   ,2291953,286.494.125,AREA 1,SUMBAGUT,PADANG SIDEMPUAN,PT2,Telkom Akses,207,2. PT2/Batch 1,Prio September,NY Go Live,0,Y,y,20 Branch,#N/A,00. Propose Drop,,,,,,PT1 - Disolusikan Dengan Alpro Lain,,,,,#N/A,,,,
12526956,12526956-PT2-BGO-FAC-WEK III BATANG TORU,8,  -   ,2291953,286.494.125,AREA 1,SUMBAGUT,PADANG SIDEMPUAN,PT2,Telkom Akses,208,2. PT2/Batch 1,Prio September,NY Go Live,0,Y,y,20 Branch,#N/A,00. Propose Drop,,,,,,PT1 - Disolusikan Dengan Alpro Lain,,,,,#N/A,,,,
12528173,"12528173-PT2-BGO-FAC-HAPESONG BARU, BATA",8,  -   ,2291953,286.494.125,AREA 1,SUMBAGUT,PADANG SIDEMPUAN,PT2,Telkom Akses,209,2. PT2/Batch 1,Prio September,NY Go Live,0,Y,y,20 Branch,#N/A,00. Propose Drop,,,,,,PT1 - Disolusikan Dengan Alpro Lain,,,,,#N/A,,,,
12548380,"12548380-PT2-BGO-FAA-AEK PINING, BATANG",8,  -   ,2291953,286.494.125,AREA 1,SUMBAGUT,PADANG SIDEMPUAN,PT2,Telkom Akses,210,2. PT2/Batch 1,Prio September,NY Go Live,0,Y,y,20 Branch,#N/A,00. Propose Drop,,,,,,PT1 - Disolusikan Dengan Alpro Lain,,,,,#N/A,,,,
12268872,"12268872-PT2-BGO-FAA-BATU HULA, BATANG T",8,  -   ,2291953,286.494.125,AREA 1,SUMBAGUT,PADANG SIDEMPUAN,PT2,Telkom Akses,211,2. PT2/Batch 1,Prio September,NY Go Live,0,Y,y,20 Branch,#N/A,00. Propose Drop,,,,,,PT1 - Disolusikan Dengan Alpro Lain,,,,,#N/A,,,,
12573575,SMU PT2 EXPAND ODP-PYB-FAJ-025,16,  -   ,3406131,2.128.831.875,AREA 1,SUMBAGUT,PADANG SIDEMPUAN,PT2,Telkom Akses,214,2. PT2/Batch 1,Prio September,NY Go Live,0,Y,y,20 Branch,#N/A,00. Propose Drop,,,,,,QE Repair Core,,,,,#N/A,,,,
12573565,SMU PT2 EXPAND ODP-PYB-FAI-104,16,  -   ,3406131,2.128.831.875,AREA 1,SUMBAGUT,PADANG SIDEMPUAN,PT2,Telkom Akses,218,2. PT2/Batch 1,Prio September,NY Go Live,0,Y,y,20 Branch,#N/A,05. Go Live,Ready,,,,,,,,,,#N/A,,,,
12573561,SMU PT2 EXPAND ODP-PYB-FAI-099,16,  -   ,3406131,2.128.831.875,AREA 1,SUMBAGUT,PADANG SIDEMPUAN,PT2,Telkom Akses,219,2. PT2/Batch 1,Prio September,NY Go Live,0,Y,y,20 Branch,#N/A,05. Go Live,Ready,,,,,,,,,,#N/A,,,,
12573462,SMU PT2 EXPAND ODP-PYB-FAI-076,16,  -   ,3406131,2.128.831.875,AREA 1,SUMBAGUT,PADANG SIDEMPUAN,PT2,Telkom Akses,223,2. PT2/Batch 1,Prio September,NY Go Live,0,Y,y,20 Branch,#N/A,00. Propose Drop,,,,,,QE Repair Core,,,,,#N/A,,,,
12573458,SMU PT2 EXPAND ODP-PYB-FAI-073,16,  -   ,3406131,2.128.831.875,AREA 1,SUMBAGUT,PADANG SIDEMPUAN,PT2,Telkom Akses,226,2. PT2/Batch 1,Prio September,NY Go Live,0,Y,y,20 Branch,#N/A,00. Propose Drop,,,,,,QE Repair Core,,,,,#N/A,,,,
12140191,ACH PT2 EXPAND ODP-DAR-FQ-131,8,  -   ,472660,"59082,5",AREA 1,SUMBAGUT,BANDA ACEH,PT2,Telkom Akses,230,2. PT2/Batch 1,Prio September,NY Go Live,0,Y,y,20 Branch,#N/A,00. Propose Drop,,,,,,"Irisan Cleansing Port 2,3 Jt",,,,,#N/A,,,,
12573438,SMU PT2 EXPAND ODP-PYB-FAH-038,16,  -   ,3406131,2.128.831.875,AREA 1,SUMBAGUT,PADANG SIDEMPUAN,PT2,Telkom Akses,231,2. PT2/Batch 1,Prio September,NY Go Live,0,Y,y,20 Branch,#N/A,00. Propose Drop,,,,,,"Irisan Cleansing Port 2,3 Jt",,,,,#N/A,,,,
12258202,ACH PT2 EXPAND-ODP-BNA-FM-101,8,  -   ,472660,"59082,5",AREA 1,SUMBAGUT,BANDA ACEH,PT2,Telkom Akses,233,2. PT2/Batch 1,Prio September,NY Go Live,0,Y,y,20 Branch,#N/A,00. Propose Drop,,,,,,Masih ada Port Iddle,,,,,#N/A,,,,
13242711,ODP-BAK-FK/10,8,  -   ,683738,"85467,25",AREA 1,SUMBAGUT,BANDA ACEH,PT2,Telkom Akses,3,20. PT2/Batch 7 thp 2,Prio September,NY Go Live,0,Y,y,20 Branch,#N/A,01. Persiapan,Ready,,,,,,,,,,#N/A,,,,
13242707,ODP-BAK-FK/11,8,  -   ,683738,"85467,25",AREA 1,SUMBAGUT,BANDA ACEH,PT2,Telkom Akses,4,20. PT2/Batch 7 thp 2,Prio September,NY Go Live,0,Y,y,20 Branch,#N/A,01. Persiapan,Ready,,,,,,,,,,#N/A,,,,
13242692,ODP-BAK-FK/20,8,  -   ,683738,"85467,25",AREA 1,SUMBAGUT,BANDA ACEH,PT2,Telkom Akses,5,20. PT2/Batch 7 thp 2,Prio September,NY Go Live,0,Y,y,20 Branch,#N/A,01. Persiapan,Ready,,,,,,,,,,#N/A,,,,
13242618,ODP-BAK-FA/26,8,  -   ,683738,"85467,25",AREA 1,SUMBAGUT,BANDA ACEH,PT2,Telkom Akses,8,20. PT2/Batch 7 thp 2,Prio September,NY Go Live,0,Y,y,20 Branch,#N/A,01. Persiapan,Ready,,,,,,,,,,#N/A,,,,
13242586,ODP-BAK-FD/14,8,  -   ,683738,"85467,25",AREA 1,SUMBAGUT,BANDA ACEH,PT2,Telkom Akses,9,20. PT2/Batch 7 thp 2,Prio September,NY Go Live,0,Y,y,20 Branch,#N/A,00. Propose Drop,,,,,,QE Repair Core,,,,,#N/A,,,,
13261508,ODP-BGO-FAA/029,8,  -   ,772208,96526,AREA 1,SUMBAGUT,PADANG SIDEMPUAN,PT2,Telkom Akses,23,20. PT2/Batch 7 thp 2,Prio September,NY Go Live,0,Y,y,20 Branch,#N/A,00. Propose Drop,Ready,,,,,"Irisan Cleansing Port 2,3 Jt",,,,,#N/A,,,,
13236630,ODP-BGO-FAJ/023,8,  -   ,1041738,"130217,25",AREA 1,SUMBAGUT,PADANG SIDEMPUAN,PT2,Telkom Akses,25,20. PT2/Batch 7 thp 2,Prio September,NY Go Live,0,Y,y,20 Branch,#N/A,00. Propose Drop,,,,,,"Irisan Cleansing Port 2,3 Jt",,,,,#N/A,,,,
13236684,ODP-BGO-FAJ/025,8,  -   ,1041738,"130217,25",AREA 1,SUMBAGUT,PADANG SIDEMPUAN,PT2,Telkom Akses,26,20. PT2/Batch 7 thp 2,Prio September,NY Go Live,0,Y,y,20 Branch,#N/A,00. Propose Drop,,,,,,"Irisan Cleansing Port 2,3 Jt",,,,,#N/A,,,,
13236651,ODP-BGO-FAJ/024,8,  -   ,1041738,"130217,25",AREA 1,SUMBAGUT,PADANG SIDEMPUAN,PT2,Telkom Akses,28,20. PT2/Batch 7 thp 2,Prio September,NY Go Live,0,Y,y,20 Branch,#N/A,00. Propose Drop,,,,,,QE Repair Core,,,,,#N/A,,,,
13234366,ODP-BGO-FAB/030,8,  -   ,1041738,"130217,25",AREA 1,SUMBAGUT,PADANG SIDEMPUAN,PT2,Telkom Akses,29,20. PT2/Batch 7 thp 2,Prio September,NY Go Live,0,Y,y,20 Branch,#N/A,00. Propose Drop,,,,,,"Irisan Cleansing Port 2,3 Jt",,,,,#N/A,,,,
13235097,ODP-BGO-FAF/003,8,  -   ,1041738,"130217,25",AREA 1,SUMBAGUT,PADANG SIDEMPUAN,PT2,Telkom Akses,30,20. PT2/Batch 7 thp 2,Prio September,NY Go Live,0,Y,y,20 Branch,#N/A,00. Propose Drop,,,,,,QE Repair Core,,,,,#N/A,,,,
13236560,ODP-BGO-FAF/025,8,  -   ,1041738,"130217,25",AREA 1,SUMBAGUT,PADANG SIDEMPUAN,PT2,Telkom Akses,31,20. PT2/Batch 7 thp 2,Prio September,NY Go Live,0,Y,y,20 Branch,#N/A,00. Propose Drop,,,,,,"Irisan Cleansing Port 2,3 Jt",,,,,#N/A,,,,
13234397,ODP-BGO-FAB/053,8,  -   ,1041738,"130217,25",AREA 1,SUMBAGUT,PADANG SIDEMPUAN,PT2,Telkom Akses,32,20. PT2/Batch 7 thp 2,Prio September,NY Go Live,0,Y,y,20 Branch,#N/A,00. Propose Drop,,,,,,"Irisan Cleansing Port 2,3 Jt",,,,,#N/A,,,,
13234297,ODP-BGO-FAA/077,8,  -   ,730012,"91251,5",AREA 1,SUMBAGUT,PADANG SIDEMPUAN,PT2,Telkom Akses,33,20. PT2/Batch 7 thp 2,Prio September,NY Go Live,0,Y,y,20 Branch,#N/A,00. Propose Drop,,,,,,"Irisan Cleansing Port 2,3 Jt",,,,,#N/A,,,,
13261420,ODP-KON-FAC/013,8,  -   ,772208,96526,AREA 1,SUMBAGUT,PADANG SIDEMPUAN,PT2,Telkom Akses,47,20. PT2/Batch 7 thp 2,Prio September,NY Go Live,0,Y,y,20 Branch,#N/A,00. Propose Drop,,,,,,"Irisan Cleansing Port 2,3 Jt",,,,,#N/A,,,,
13261406,ODP-KON-FAA/052,8,  -   ,1631708,"203963,5",AREA 1,SUMBAGUT,PADANG SIDEMPUAN,PT2,Telkom Akses,48,20. PT2/Batch 7 thp 2,Prio September,NY Go Live,0,Y,y,20 Branch,#N/A,00. Propose Drop,,,,,,"Irisan Cleansing Port 2,3 Jt",,,,,#N/A,,,,
13261401,ODP-KON-FAA/030,8,  -   ,1631708,"203963,5",AREA 1,SUMBAGUT,PADANG SIDEMPUAN,PT2,Telkom Akses,49,20. PT2/Batch 7 thp 2,Prio September,NY Go Live,0,Y,y,20 Branch,#N/A,01. Persiapan,Ready,,,,,,,,,,#N/A,,,,
13262359,ODP-SIP-FAC/005,8,  -   ,683738,"85467,25",AREA 1,SUMBAGUT,PADANG SIDEMPUAN,PT2,Telkom Akses,67,20. PT2/Batch 7 thp 2,Prio September,NY Go Live,0,Y,y,20 Branch,#N/A,00. Propose Drop,Ready,,,,,"Irisan Cleansing Port 2,3 Jt",,,,,#N/A,,,,
13243791,ODP-PYB-FAE/002,8,  -   ,1488274,"186034,25",AREA 1,SUMBAGUT,PADANG SIDEMPUAN,PT2,Telkom Akses,97,20. PT2/Batch 7 thp 2,Prio September,NY Go Live,0,Y,y,20 Branch,#N/A,00. Propose Drop,Ready,,,,,"Irisan Cleansing Port 2,3 Jt",,,,,#N/A,,,,
13244341,ODP-PYB-FAE/001,8,  -   ,772208,96526,AREA 1,SUMBAGUT,PADANG SIDEMPUAN,PT2,Telkom Akses,98,20. PT2/Batch 7 thp 2,Prio September,NY Go Live,0,Y,y,20 Branch,#N/A,00. Propose Drop,Ready,,,,,"Irisan Cleansing Port 2,3 Jt",,,,,#N/A,,,,
13244221,ODP-PYB-FAR/027,8,  -   ,772208,96526,AREA 1,SUMBAGUT,PADANG SIDEMPUAN,PT2,Telkom Akses,100,20. PT2/Batch 7 thp 2,Prio September,NY Go Live,0,Y,y,20 Branch,#N/A,00. Propose Drop,,,,,,"Irisan Cleansing Port 2,3 Jt",,,,,#N/A,,,,
13243917,ODP-PYB-FAR/032,8,  -   ,772208,96526,AREA 1,SUMBAGUT,PADANG SIDEMPUAN,PT2,Telkom Akses,101,20. PT2/Batch 7 thp 2,Prio September,NY Go Live,0,Y,y,20 Branch,#N/A,00. Propose Drop,,,,,,QE Repair Core,,,,,#N/A,,,,
13243694,ODP-PYB-FAT/025,8,  -   ,772208,96526,AREA 1,SUMBAGUT,PADANG SIDEMPUAN,PT2,Telkom Akses,103,20. PT2/Batch 7 thp 2,Prio September,NY Go Live,0,Y,y,20 Branch,#N/A,00. Propose Drop,,,,,,QE Repair Core,,,,,#N/A,,,,
13248812,ODP-PYB-FAA/178,8,  -   ,730012,"91251,5",AREA 1,SUMBAGUT,PADANG SIDEMPUAN,PT2,Telkom Akses,107,20. PT2/Batch 7 thp 2,Prio September,NY Go Live,0,Y,y,20 Branch,#N/A,00. Propose Drop,,,,,,"Irisan Cleansing Port 2,3 Jt",,,,,#N/A,,,,
13248801,ODP-PYB-FAA/175,8,  -   ,730012,"91251,5",AREA 1,SUMBAGUT,PADANG SIDEMPUAN,PT2,Telkom Akses,109,20. PT2/Batch 7 thp 2,Prio September,NY Go Live,0,Y,y,20 Branch,#N/A,00. Propose Drop,,,,,,QE Repair Core,,,,,#N/A,,,,
13248795,ODP-PYB-FAA/174,8,  -   ,730012,"91251,5",AREA 1,SUMBAGUT,PADANG SIDEMPUAN,PT2,Telkom Akses,111,20. PT2/Batch 7 thp 2,Prio September,NY Go Live,0,Y,y,20 Branch,#N/A,00. Propose Drop,,,,,,QE Repair Core,,,,,#N/A,,,,
13248825,ODP-PYB-FAA/200,8,  -   ,730012,"91251,5",AREA 1,SUMBAGUT,PADANG SIDEMPUAN,PT2,Telkom Akses,113,20. PT2/Batch 7 thp 2,Prio September,NY Go Live,0,Y,y,20 Branch,#N/A,00. Propose Drop,Ready,,,,,"Irisan Cleansing Port 2,3 Jt",,,,,#N/A,,,,
13250185,ODP-PYB-FAL/049,8,  -   ,1041738,"130217,25",AREA 1,SUMBAGUT,PADANG SIDEMPUAN,PT2,Telkom Akses,117,20. PT2/Batch 7 thp 2,Prio September,NY Go Live,0,Y,y,20 Branch,#N/A,00. Propose Drop,,,,,,QE Repair Core,,,,,#N/A,,,,
13250111,ODP-PYB-FAL/008,8,  -   ,1041738,"130217,25",AREA 1,SUMBAGUT,PADANG SIDEMPUAN,PT2,Telkom Akses,124,20. PT2/Batch 7 thp 2,Prio September,NY Go Live,0,Y,y,20 Branch,#N/A,00. Propose Drop,,,,,,"Irisan Cleansing Port 2,3 Jt",,,,,#N/A,,,,
13250133,ODP-PYB-FAL/010,8,  -   ,1041738,"130217,25",AREA 1,SUMBAGUT,PADANG SIDEMPUAN,PT2,Telkom Akses,125,20. PT2/Batch 7 thp 2,Prio September,NY Go Live,0,Y,y,20 Branch,#N/A,00. Propose Drop,,,,,,QE Repair Core,,,,,#N/A,,,,
13250088,ODP-PYB-FAL/002,8,  -   ,1041738,"130217,25",AREA 1,SUMBAGUT,PADANG SIDEMPUAN,PT2,Telkom Akses,126,20. PT2/Batch 7 thp 2,Prio September,NY Go Live,0,Y,y,20 Branch,#N/A,00. Propose Drop,,,,,,QE Repair Core,,,,,#N/A,,,,
13250158,ODP-PYB-FAL/028,8,  -   ,1041738,"130217,25",AREA 1,SUMBAGUT,PADANG SIDEMPUAN,PT2,Telkom Akses,127,20. PT2/Batch 7 thp 2,Prio September,NY Go Live,0,Y,y,20 Branch,#N/A,00. Propose Drop,,,,,,"Irisan Cleansing Port 2,3 Jt",,,,,#N/A,,,,
13250146,ODP-PYB-FAL/011,8,  -   ,1041738,"130217,25",AREA 1,SUMBAGUT,PADANG SIDEMPUAN,PT2,Telkom Akses,129,20. PT2/Batch 7 thp 2,Prio September,NY Go Live,0,Y,y,20 Branch,#N/A,00. Propose Drop,,,,,,"Irisan Cleansing Port 2,3 Jt",,,,,#N/A,,,,
13250169,ODP-PYB-FAL/030,8,  -   ,1041738,"130217,25",AREA 1,SUMBAGUT,PADANG SIDEMPUAN,PT2,Telkom Akses,130,20. PT2/Batch 7 thp 2,Prio September,NY Go Live,0,Y,y,20 Branch,#N/A,00. Propose Drop,,,,,,"Irisan Cleansing Port 2,3 Jt",,,,,#N/A,,,,
13250096,ODP-PYB-FAL/003,8,  -   ,1041738,"130217,25",AREA 1,SUMBAGUT,PADANG SIDEMPUAN,PT2,Telkom Akses,131,20. PT2/Batch 7 thp 2,Prio September,NY Go Live,0,Y,y,20 Branch,#N/A,00. Propose Drop,,,,,,QE Repair Core,,,,,#N/A,,,,
13250219,ODP-PYB-FAM/030,8,  -   ,1041738,"130217,25",AREA 1,SUMBAGUT,PADANG SIDEMPUAN,PT2,Telkom Akses,132,20. PT2/Batch 7 thp 2,Prio September,NY Go Live,0,Y,y,20 Branch,#N/A,01. Persiapan,Ready,,,,,,,,,,#N/A,,,,
13250226,ODP-PYB-FAM/032,8,  -   ,1041738,"130217,25",AREA 1,SUMBAGUT,PADANG SIDEMPUAN,PT2,Telkom Akses,134,20. PT2/Batch 7 thp 2,Prio September,NY Go Live,0,Y,y,20 Branch,#N/A,00. Propose Drop,,,,,,"Irisan Cleansing Port 2,3 Jt",,,,,#N/A,,,,
13248915,ODP-PYB-FAK/002,8,  -   ,730012,"91251,5",AREA 1,SUMBAGUT,PADANG SIDEMPUAN,PT2,Telkom Akses,143,20. PT2/Batch 7 thp 2,Prio September,NY Go Live,0,Y,y,20 Branch,#N/A,01. Persiapan,Ready,,,,,,,,,,#N/A,,,,
13248873,ODP-PYB-FAI/003,8,  -   ,730012,"91251,5",AREA 1,SUMBAGUT,PADANG SIDEMPUAN,PT2,Telkom Akses,147,20. PT2/Batch 7 thp 2,Prio September,NY Go Live,0,Y,y,20 Branch,#N/A,00. Propose Drop,Ready,,,,,"Irisan Cleansing Port 2,3 Jt",,,,,#N/A,,,,
13259750,ODP-BIR-FS/46,8,  -   ,683738,"85467,25",AREA 1,SUMBAGUT,BANDA ACEH,PT2,Telkom Akses,147,20. PT2/Batch 7 thp 2,Prio September,NY Go Live,0,Y,y,20 Branch,#N/A,00. Propose Drop,,,,,,QE Repair Core,,,,,#N/A,,,,
13248869,ODP-PYB-FAI/015,8,  -   ,730012,"91251,5",AREA 1,SUMBAGUT,PADANG SIDEMPUAN,PT2,Telkom Akses,148,20. PT2/Batch 7 thp 2,Prio September,NY Go Live,0,Y,y,20 Branch,#N/A,01. Persiapan,Ready,,,,,,,,,,#N/A,,,,
13259740,ODP-BIR-FS/49,8,  -   ,683738,"85467,25",AREA 1,SUMBAGUT,BANDA ACEH,PT2,Telkom Akses,148,20. PT2/Batch 7 thp 2,Prio September,NY Go Live,0,Y,y,20 Branch,#N/A,00. Propose Drop,,,,,,QE Repair Core,,,,,#N/A,,,,
13248835,ODP-PYB-FAB/037,8,  -   ,730012,"91251,5",AREA 1,SUMBAGUT,PADANG SIDEMPUAN,PT2,Telkom Akses,150,20. PT2/Batch 7 thp 2,Prio September,NY Go Live,0,Y,y,20 Branch,#N/A,00. Propose Drop,Ready,,,,,"Irisan Cleansing Port 2,3 Jt",,,,,#N/A,,,,
13259717,ODP-BIR-FS/48,8,  -   ,683738,"85467,25",AREA 1,SUMBAGUT,BANDA ACEH,PT2,Telkom Akses,150,20. PT2/Batch 7 thp 2,Prio September,NY Go Live,0,Y,y,20 Branch,#N/A,00. Propose Drop,Ready,,,,,"Irisan Cleansing Port 2,3 Jt",,,,,#N/A,,,,
13259199,ODP-BIR-FH/120,8,  -   ,683738,"85467,25",AREA 1,SUMBAGUT,BANDA ACEH,PT2,Telkom Akses,153,20. PT2/Batch 7 thp 2,Prio September,NY Go Live,0,Y,y,20 Branch,#N/A,00. Propose Drop,,,,,,QE Repair Core,,,,,#N/A,,,,
13259196,ODP-BIR-FH/110,8,  -   ,683738,"85467,25",AREA 1,SUMBAGUT,BANDA ACEH,PT2,Telkom Akses,155,20. PT2/Batch 7 thp 2,Prio September,NY Go Live,0,Y,y,20 Branch,#N/A,00. Propose Drop,,,,,,"Irisan Cleansing Port 2,3 Jt",,,,,#N/A,,,,
13259195,ODP-BIR-FH/119,8,  -   ,683738,"85467,25",AREA 1,SUMBAGUT,BANDA ACEH,PT2,Telkom Akses,156,20. PT2/Batch 7 thp 2,Prio September,NY Go Live,0,Y,y,20 Branch,#N/A,00. Propose Drop,Ready,,,,,"Irisan Cleansing Port 2,3 Jt",,,,,#N/A,,,,
13259192,ODP-BIR-FH/123,8,  -   ,683738,"85467,25",AREA 1,SUMBAGUT,BANDA ACEH,PT2,Telkom Akses,158,20. PT2/Batch 7 thp 2,Prio September,NY Go Live,0,Y,y,20 Branch,#N/A,00. Propose Drop,Ready,,,,,"Irisan Cleansing Port 2,3 Jt",,,,,#N/A,,,,
13260228,ODP-BIR-FP/48,8,  -   ,683738,"85467,25",AREA 1,SUMBAGUT,BANDA ACEH,PT2,Telkom Akses,161,20. PT2/Batch 7 thp 2,Prio September,NY Go Live,0,Y,y,20 Branch,#N/A,00. Propose Drop,,,,,,QE Repair Core,,,,,#N/A,,,,
13259269,ODP-BIR-FF/54,8,  -   ,683738,"85467,25",AREA 1,SUMBAGUT,BANDA ACEH,PT2,Telkom Akses,162,20. PT2/Batch 7 thp 2,Prio September,NY Go Live,0,Y,y,20 Branch,#N/A,00. Propose Drop,,,,,,"Irisan Cleansing Port 2,3 Jt",,,,,#N/A,,,,
13259267,ODP-BIR-FF/55,8,  -   ,683738,"85467,25",AREA 1,SUMBAGUT,BANDA ACEH,PT2,Telkom Akses,163,20. PT2/Batch 7 thp 2,Prio September,NY Go Live,0,Y,y,20 Branch,#N/A,00. Propose Drop,,,,,,"Irisan Cleansing Port 2,3 Jt",,,,,#N/A,,,,
13260142,ODP-BIR-FJ/85,8,  -   ,683738,"85467,25",AREA 1,SUMBAGUT,BANDA ACEH,PT2,Telkom Akses,164,20. PT2/Batch 7 thp 2,Prio September,NY Go Live,0,Y,y,20 Branch,#N/A,00. Propose Drop,,,,,,QE Repair Core,,,,,#N/A,,,,
13259266,ODP-BIR-FF/88,8,  -   ,683738,"85467,25",AREA 1,SUMBAGUT,BANDA ACEH,PT2,Telkom Akses,165,20. PT2/Batch 7 thp 2,Prio September,NY Go Live,0,Y,y,20 Branch,#N/A,00. Propose Drop,,,,,,QE Repair Core,,,,,#N/A,,,,
13259262,ODP-BIR-FF/92,8,  -   ,683738,"85467,25",AREA 1,SUMBAGUT,BANDA ACEH,PT2,Telkom Akses,166,20. PT2/Batch 7 thp 2,Prio September,NY Go Live,0,Y,y,20 Branch,#N/A,00. Propose Drop,,,,,,QE Repair Core,,,,,#N/A,,,,
13260140,ODP-BIR-FJ/118,8,  -   ,683738,"85467,25",AREA 1,SUMBAGUT,BANDA ACEH,PT2,Telkom Akses,167,20. PT2/Batch 7 thp 2,Prio September,NY Go Live,0,Y,y,20 Branch,#N/A,00. Propose Drop,,,,,,"Irisan Cleansing Port 2,3 Jt",,,,,#N/A,,,,
13259226,ODP-BIR-FL/91,8,  -   ,683738,"85467,25",AREA 1,SUMBAGUT,BANDA ACEH,PT2,Telkom Akses,169,20. PT2/Batch 7 thp 2,Prio September,NY Go Live,0,Y,y,20 Branch,#N/A,00. Propose Drop,,,,,,"Irisan Cleansing Port 2,3 Jt",,,,,#N/A,,,,
13259182,ODP-BIR-FH/87,8,  -   ,683738,"85467,25",AREA 1,SUMBAGUT,BANDA ACEH,PT2,Telkom Akses,170,20. PT2/Batch 7 thp 2,Prio September,NY Go Live,0,Y,y,20 Branch,#N/A,00. Propose Drop,,,,,,QE Repair Core,,,,,#N/A,,,,
13259261,ODP-BIR-FF/70,8,  8 ,683738,"85467,25",AREA 1,SUMBAGUT,BANDA ACEH,PT2,Telkom Akses,171,20. PT2/Batch 7 thp 2,Prio September,NY Go Live,0,Y,y,20 Branch,#N/A,00. Propose Drop,Ready,,,,,"Irisan Cleansing Port 2,3 Jt",,,,,#N/A,,,,
13260225,ODP-BIR-FP/43,8,  -   ,683738,"85467,25",AREA 1,SUMBAGUT,BANDA ACEH,PT2,Telkom Akses,172,20. PT2/Batch 7 thp 2,Prio September,NY Go Live,0,Y,y,20 Branch,#N/A,00. Propose Drop,,,,,,"Irisan Cleansing Port 2,3 Jt",,,,,#N/A,,,,
13259180,ODP-BIR-FH/05,8,  -   ,683738,"85467,25",AREA 1,SUMBAGUT,BANDA ACEH,PT2,Telkom Akses,181,20. PT2/Batch 7 thp 2,Prio September,NY Go Live,0,Y,y,20 Branch,#N/A,00. Propose Drop,,,,,,QE Repair Core,,,,,#N/A,,,,
13259104,ODP-BIR-FH/22,8,  -   ,683738,"85467,25",AREA 1,SUMBAGUT,BANDA ACEH,PT2,Telkom Akses,185,20. PT2/Batch 7 thp 2,Prio September,NY Go Live,0,Y,y,20 Branch,#N/A,00. Propose Drop,,,,,,QE Repair Core,,,,,#N/A,,,,
13259225,ODP-BIR-FL/65,8,  -   ,683738,"85467,25",AREA 1,SUMBAGUT,BANDA ACEH,PT2,Telkom Akses,186,20. PT2/Batch 7 thp 2,Prio September,NY Go Live,0,Y,y,20 Branch,#N/A,00. Propose Drop,,,,,,"Irisan Cleansing Port 2,3 Jt",,,,,#N/A,,,,
13259224,ODP-BIR-FL/28,8,  -   ,2091923,261.490.375,AREA 1,SUMBAGUT,BANDA ACEH,PT2,Telkom Akses,193,20. PT2/Batch 7 thp 2,Prio September,NY Go Live,0,Y,y,20 Branch,#N/A,00. Propose Drop,,,,,,"Irisan Cleansing Port 2,3 Jt",,,,,#N/A,,,,
13255021,ODP-BKJ-FB/173,8,  -   ,683738,"85467,25",AREA 1,SUMBAGUT,BANDA ACEH,PT2,Telkom Akses,201,20. PT2/Batch 7 thp 2,Prio September,NY Go Live,0,Y,y,20 Branch,#N/A,00. Propose Drop,,,,,,QE Repair Core,,,,,#N/A,,,,
13255019,ODP-BKJ-FB/132,8,  -   ,683738,"85467,25",AREA 1,SUMBAGUT,BANDA ACEH,PT2,Telkom Akses,204,20. PT2/Batch 7 thp 2,Prio September,NY Go Live,0,Y,y,20 Branch,#N/A,01. Persiapan,Ready,,,,,,,,,,#N/A,,,,
13254991,ODP-BKJ-FA/70,8,  -   ,683738,"85467,25",AREA 1,SUMBAGUT,BANDA ACEH,PT2,Telkom Akses,205,20. PT2/Batch 7 thp 2,Prio September,NY Go Live,0,Y,y,20 Branch,#N/A,01. Persiapan,Ready,,,,,,,,,,#N/A,,,,
13275638,ODP-BAK-FA/07,8,  -   ,2236969,279.621.125,AREA 1,SUMBAGUT,BANDA ACEH,PT2,Telkom Akses,11,21. PT2/Batch 7 thp 3,Prio September,NY Go Live,0,Y,y,20 Branch,#N/A,01. Persiapan,Ready,,,,,,,,,,#N/A,,,,
13275633,ODP-BAK-FA/04,8,  -   ,2236969,279.621.125,AREA 1,SUMBAGUT,BANDA ACEH,PT2,Telkom Akses,12,21. PT2/Batch 7 thp 3,Prio September,NY Go Live,0,Y,y,20 Branch,#N/A,01. Persiapan,Ready,,,,,,,,,,#N/A,,,,
13284762,ODP-BGO-FAF/004,8,  -   ,436475,54.559.375,AREA 1,SUMBAGUT,PADANG SIDEMPUAN,PT2,Telkom Akses,44,21. PT2/Batch 7 thp 3,Prio September,NY Go Live,0,Y,y,20 Branch,#N/A,01. Persiapan,Ready,,,,,,,,,,#N/A,,,,
13284757,ODP-BGO-FAC/094,8,  -   ,436475,54.559.375,AREA 1,SUMBAGUT,PADANG SIDEMPUAN,PT2,Telkom Akses,45,21. PT2/Batch 7 thp 3,Prio September,NY Go Live,0,Y,y,20 Branch,#N/A,01. Persiapan,Ready,,,,,,,,,,#N/A,,,,
13297700,ODP-PYB-FAH/044,8,  -   ,1198815,149.851.875,AREA 1,SUMBAGUT,PADANG SIDEMPUAN,PT2,Telkom Akses,192,21. PT2/Batch 7 thp 3,Prio September,NY Go Live,0,Y,y,20 Branch,#N/A,00. Propose Drop,,,,,,Kapasitas sudah 16,,,,,#N/A,,,,
13287719,ODP-PYB-FAI/105,8,  -   ,436475,54.559.375,AREA 1,SUMBAGUT,PADANG SIDEMPUAN,PT2,Telkom Akses,199,21. PT2/Batch 7 thp 3,Prio September,NY Go Live,0,Y,y,20 Branch,#N/A,00. Propose Drop,Ready,,,,,"Irisan Cleansing Port 2,3 Jt",,,,,#N/A,,,,
13287716,ODP-PYB-FAI/083,8,  -   ,436475,54.559.375,AREA 1,SUMBAGUT,PADANG SIDEMPUAN,PT2,Telkom Akses,200,21. PT2/Batch 7 thp 3,Prio September,NY Go Live,0,Y,y,20 Branch,#N/A,00. Propose Drop,,,,,,Kapasitas sudah 16,,,,,#N/A,,,,
13287671,ODP-PYB-FAA/197,8,  -   ,436475,54.559.375,AREA 1,SUMBAGUT,PADANG SIDEMPUAN,PT2,Telkom Akses,204,21. PT2/Batch 7 thp 3,Prio September,NY Go Live,0,Y,y,20 Branch,#N/A,00. Propose Drop,,,,,,Kapasitas sudah 16,,,,,#N/A,,,,
12943301,ODP EXPAND ODP PYB FAA-040,8,  -   ,700987,87.623.375,AREA 1,SUMBAGUT,PADANG SIDEMPUAN,PT2,Telkom Akses,189,9. PT2/Batch 2,Prio September,NY Go Live,0,Y,y,20 Branch,#N/A,01. Persiapan,Ready,,,,,,,,,,#N/A,,,,
12944106,SUMUT-JPP-PT2-ODC-PYB-FAA-569189,56,  -   ,16197423,2.892.396.964,AREA 1,SUMBAGUT,PADANG SIDEMPUAN,PT2,Telkom Akses,188,9. PT2/Batch 2,Prio September,NY Go Live,0,Y,y,20 Branch,#N/A,01. Persiapan,Ready,,,,,,,,,,#N/A,,,,
12942992,ODP EXPAND ODP-BGO-FAC-090,8,  -   ,700987,87.623.375,AREA 1,SUMBAGUT,PADANG SIDEMPUAN,PT2,Telkom Akses,43,9. PT2/Batch 2,Prio September,NY Go Live,0,Y,y,20 Branch,#N/A,00. Propose Drop,,,,,,QE Repair Core,,,,,#N/A,,,,
12943074,SUMUT JPP PT2 ODC BGO 571662,24,  -   ,7340167,3.058.402.917,AREA 1,SUMBAGUT,PADANG SIDEMPUAN,PT2,Telkom Akses,42,9. PT2/Batch 2,Prio September,NY Go Live,0,Y,y,20 Branch,#N/A,01. Persiapan,Ready,,,,,,,,,,#N/A,,,,
12943442,ODP EXPAND ODP-BGO-FAF-039,8,  -   ,700987,87.623.375,AREA 1,SUMBAGUT,PADANG SIDEMPUAN,PT2,Telkom Akses,39,9. PT2/Batch 2,Prio September,NY Go Live,0,Y,y,20 Branch,#N/A,00. Propose Drop,,,,,,"Irisan Cleansing Port 2,3 Jt",,,,,#N/A,,,,
12943758,ODP EXPAND ODP-BGO-FAJ-025,16,  -   ,1401974,87.623.375,AREA 1,SUMBAGUT,PADANG SIDEMPUAN,PT2,Telkom Akses,38,9. PT2/Batch 2,Prio September,NY Go Live,0,Y,y,20 Branch,#N/A,00. Propose Drop,,,,,,QE Repair Core,,,,,#N/A,,,,
12202468,ACH PT2 LS BAK-FF,24,  -   ,7749295,3.228.872.917,AREA 1,SUMBAGUT,BANDA ACEH,PT2,Telkom Akses,10,9. PT2/Batch 2,Prio September,NY Go Live,0,Y,y,20 Branch,#N/A,01. Persiapan,Ready,,,,,,,,,,#N/A,,,,
12134905,SMU PT2 EXPAND ODP-BGO-FAC-062,8,  -   ,472660,"59082,5",AREA 1,SUMBAGUT,PADANG SIDEMPUAN,PT2,Telkom Akses,23,2. PT2/Batch 1,Prio Agustus,NY Go Live,0,Y,y,20 Branch,PT2,00. Propose Drop,,,,,,"Irisan Cleansing Port 2,3 Jt",,,,,#N/A,,,,
12523155,"12523155-PT2-SBG-FAP-SIMARE-MARE, SIBOLG",8,  -   ,2291953,286.494.125,AREA 1,SUMBAGUT,PADANG SIDEMPUAN,PT2,Telkom Akses,22,2. PT2/Batch 1,Prio Agustus,NY Go Live,0,Y,y,20 Branch,PT2,00. Propose Drop,,,,,,Core Feeder Habis,,,,,#N/A,,,,
12556015,SMU PT2 EXPAND ODP-BGO-FAA-078,8,  -   ,2109757,263.719.625,AREA 1,SUMBAGUT,PADANG SIDEMPUAN,PT2,Telkom Akses,22,2. PT2/Batch 1,Prio Agustus,NY Go Live,0,Y,y,20 Branch,PT2,00. Propose Drop,,,,,,QE Repair Core,,,,,#N/A,,,,
11472964,EXPAND ODP-SBG-FAW-001,8,  -   ,962970,"120371,25",AREA 1,SUMBAGUT,PADANG SIDEMPUAN,PT2,Telkom Akses,21,2. PT2/Batch 1,Prio Agustus,NY Go Live,0,Y,y,20 Branch,PT2,00. Propose Drop,,,,,,"Irisan Cleansing Port 2,3 Jt",,,,,#N/A,,,,
11852699,EXPAND ODP-SBG-FAS-028,8,  -   ,2109757,263.719.625,AREA 1,SUMBAGUT,PADANG SIDEMPUAN,PT2,Telkom Akses,20,2. PT2/Batch 1,Prio Agustus,NY Go Live,0,Y,y,20 Branch,PT2,04. Finish Instalasi,Ready,,,,,,,,,,#N/A,,,,
12134132,SMU PT2 EXPAND ODP-SBG-FAE-011,8,  -   ,472660,"59082,5",AREA 1,SUMBAGUT,PADANG SIDEMPUAN,PT2,Telkom Akses,18,2. PT2/Batch 1,Prio Agustus,NY Go Live,0,Y,y,20 Branch,PT2,00. Propose Drop,,,,,,PT1 - Disolusikan Dengan Alpro Lain,,,,,#N/A,,,,
12266042,SMU PT2 EXPAND-ODP-KON-FAC-003,8,  -   ,472660,"59082,5",AREA 1,SUMBAGUT,PADANG SIDEMPUAN,PT2,Telkom Akses,18,2. PT2/Batch 1,Prio Agustus,NY Go Live,0,Y,y,20 Branch,PT2,00. Propose Drop,,,,,,"Irisan Cleansing Port 2,3 Jt",,,,,#N/A,,,,
12486433,ACH PT2 EXPAND-ODP-BIR-FA-79,16,  -   ,3406131,2.128.831.875,AREA 1,SUMBAGUT,BANDA ACEH,PT2,Telkom Akses,18,2. PT2/Batch 1,Prio Agustus,NY Go Live,0,Y,y,20 Branch,PT2,00. Propose Drop,,,,,,Core Distribusi Habis,,,,,#N/A,,,,
12148523,SMU PT2 EXPAND ODP-SBG-FAQ-027,8,  -   ,472660,"59082,5",AREA 1,SUMBAGUT,PADANG SIDEMPUAN,PT2,Telkom Akses,17,2. PT2/Batch 1,Prio Agustus,NY Go Live,0,Y,y,20 Branch,PT2,00. Propose Drop,,,,,,QE Repair Core,,,,,#N/A,,,,
12135355,SMU PT2 EXPAND ODP-KON-FAB-013,8,  -   ,472660,"59082,5",AREA 1,SUMBAGUT,PADANG SIDEMPUAN,PT2,Telkom Akses,17,2. PT2/Batch 1,Prio Agustus,NY Go Live,0,Y,y,20 Branch,PT2,00. Propose Drop,,,,,,"Irisan Cleansing Port 2,3 Jt",,,,,#N/A,,,,
12135291,SMU PT2 EXPAND ODP-KON-FAB-001,8,  -   ,472660,"59082,5",AREA 1,SUMBAGUT,PADANG SIDEMPUAN,PT2,Telkom Akses,16,2. PT2/Batch 1,Prio Agustus,NY Go Live,0,Y,y,20 Branch,PT2,00. Propose Drop,,,,,,"Irisan Cleansing Port 2,3 Jt",,,,,#N/A,,,,
12148638,SMU PT2 EXPAND ODP-SBG-FB-087,8,  -   ,472660,"59082,5",AREA 1,SUMBAGUT,PADANG SIDEMPUAN,PT2,Telkom Akses,15,2. PT2/Batch 1,Prio Agustus,NY Go Live,0,Y,y,20 Branch,PT2,00. Propose Drop,,,,,,"Irisan Cleansing Port 2,3 Jt",,,,,#N/A,,,,
12055294,PT2 KON-FAA D01 250_299_2113,8,  -   ,3178411,397.301.375,AREA 1,SUMBAGUT,PADANG SIDEMPUAN,PT2,Telkom Akses,15,2. PT2/Batch 1,Prio Agustus,NY Go Live,0,Y,y,20 Branch,PT2,00. Propose Drop,,,,,,Core Distribusi Habis,,,,,#N/A,,,,
12574292,SMU PT2 EXPAND ODP-SBG-FAP-036,16,  -   ,3406131,2.128.831.875,AREA 1,SUMBAGUT,PADANG SIDEMPUAN,PT2,Telkom Akses,14,2. PT2/Batch 1,Prio Agustus,NY Go Live,0,Y,y,20 Branch,PT2,00. Propose Drop,,,,,,QE Repair Core,,,,,#N/A,,,,
12055255,PT2 KON-FAC D01 250_288_2129,8,  -   ,3178411,397.301.375,AREA 1,SUMBAGUT,PADANG SIDEMPUAN,PT2,Telkom Akses,14,2. PT2/Batch 1,Prio Agustus,NY Go Live,0,Y,y,20 Branch,PT2,00. Propose Drop,,,,,,Core Feeder Habis,,,,,#N/A,,,,
12573977,SMU PT2 EXPAND ODP-SBG-FAT-018,16,  -   ,3406131,2.128.831.875,AREA 1,SUMBAGUT,PADANG SIDEMPUAN,PT2,Telkom Akses,13,2. PT2/Batch 1,Prio Agustus,NY Go Live,0,Y,y,20 Branch,PT2,00. Propose Drop,,,,,,"Irisan Cleansing Port 2,3 Jt",,,,,#N/A,,,,
12018844,PT2 KON-FAB D01 167674_H2_2025,8,  -   ,3178411,397.301.375,AREA 1,SUMBAGUT,PADANG SIDEMPUAN,PT2,Telkom Akses,13,2. PT2/Batch 1,Prio Agustus,NY Go Live,0,Y,y,20 Branch,PT2,00. Propose Drop,,,,,,Core Feeder Habis,,,,,#N/A,,,,
12486421,ACH PT2 EXPAND-ODP-BIR-FA-36,16,  -   ,3406131,2.128.831.875,AREA 1,SUMBAGUT,BANDA ACEH,PT2,Telkom Akses,12,2. PT2/Batch 1,Prio Agustus,NY Go Live,0,Y,y,20 Branch,PT2,00. Propose Drop,,,,,,Core Distribusi Habis,,,,,#N/A,,,,
12572597,SMU PT2 EXPAND ODP-SBG-FAV-037,16,  -   ,3406131,2.128.831.875,AREA 1,SUMBAGUT,PADANG SIDEMPUAN,PT2,Telkom Akses,11,2. PT2/Batch 1,Prio Agustus,NY Go Live,0,Y,y,20 Branch,PT2,00. Propose Drop,,,,,,"Irisan Cleansing Port 2,3 Jt",,,,,#N/A,,,,
12258261,SMU PT2 EXPAND ODP-SBG-FAG-097,8,  -   ,472660,"59082,5",AREA 1,SUMBAGUT,PADANG SIDEMPUAN,PT2,Telkom Akses,10,2. PT2/Batch 1,Prio Agustus,NY Go Live,0,Y,y,20 Branch,PT2,00. Propose Drop,,,,,,"Irisan Cleansing Port 2,3 Jt",,,,,#N/A,,,,
12547102,SMU PT2 EXPAND ODP-KON-FAA-005,16,  -   ,3406131,2.128.831.875,AREA 1,SUMBAGUT,PADANG SIDEMPUAN,PT2,Telkom Akses,9,2. PT2/Batch 1,Prio Agustus,NY Go Live,0,Y,y,20 Branch,PT2,00. Propose Drop,,,,,,QE Repair Core,,,,,#N/A,,,,
12098784,BNK PT2 EXPAND ODP-BIR-FG-135,8,  -   ,472660,"59082,5",AREA 1,SUMBAGUT,BANDA ACEH,PT2,Telkom Akses,9,2. PT2/Batch 1,Prio Agustus,NY Go Live,0,Y,y,20 Branch,PT2,00. Propose Drop,,,,,,"Irisan Cleansing Port 2,3 Jt",,,,,#N/A,,,,
11692715,SMU PSP-FAV CLUST MANUNGGANG JULU,104,  -   ,36093549,3.470.533.558,AREA 1,SUMBAGUT,PADANG SIDEMPUAN,PT2,Telkom Akses,6,2. PT2/Batch 1,Prio Agustus,NY Go Live,0,Y,y,20 Branch,PT2,00. Propose Drop,,,,,,Core Feeder Habis,,,,,#N/A,,,,
12081892,RDR JPP PT3 DRI FAD Full,144,  -   ,122972630,853977,AREA 1,SUMBAGTENG,BUKIT TINGGI,PT3,Telkom Akses,36,3. PT3/Batch 2,Prio September,NY Go Live,0,Y,y,20 Branch,#N/A,02. Matdel,Ready,2,3.840,,10/10/2026,,"14/09 Pengurusan izin ulang 27/08 Menunggu PO Kabel 24 29/06 Masih menunggu PO Material 07/06 Masih Menunggu PO Material 25/05 Izin clear, Menunggu PO Mateiral 10/05 Baru selesai survey ulang jalur, dan paralel menunggu PO Material 05/05 Review hasil redesign 20/04 Pengurusan izin tanam tiang, karena di stop oleh warga setempat 13/04 Penanaman tiang, kendala comcase dengan lahan warga 06/04 Pengiriman mateiral ke Lokasi 27/03 Pekerjaan mulai progres senin 30 Mar 16/03 Pekerjaan dilanjut setelah RAFI 05/03 Menunggu PO Kabel ADSS sampai di WH Pekanbaru 13/02 Sudah review, go deploy 09/02 Antrian Review 29/01 Antrian review hasil anwidzing (07/01) Persiapan",,,00. Ny Golive,10/10/2026,,,,
13282998,SMB-PT3-TLB-FA-Perumahan Puti Asri Rawang,24,  -   ,16049483,668729,AREA 1,SUMBAGTENG,BUKIT TINGGI,PT3,Telkom Akses,255,28. PT3/Batch 8 thp 3,Prio September,NY Go Live,0,Y,y,20 Branch,#N/A,02. Matdel,Ready,350,0,,28/09/2026,,14/09 : matdel ke site plan instal 16 sept 07/09 : Proses aanwijziing,,,00. Ny Golive,28/09/2026,,,,
12036733,RDR JPP PT3 KAMPAR_64178,160,  -   ,122372993,764832,AREA 1,SUMBAGTENG,BUKIT TINGGI,PT3,Telkom Akses,24,4. PT3/Batch 3,Prio September,NY Go Live,0,Y,y,20 Branch,#N/A,04. Finish Instalasi,Ready,2220,1.880,,19/09/2026,,"14/9 tim legal telkom dan waspang TA menjumpain warga untuk imbas block akses 13/09 Dokumen BA Sitac ODC belum ketemu, Senin 14/9 negosiasi dan buat kontrak baru 12/09 Cek BA Kontrak ODC existing 11/09 Akses ke ODC masih di Blok warga  09/09 Proses Valins terkendala, ODC Blok akses oleh warga setempat 07/09 Proses Valins 31/08 Termiansi ODP 27/08 Terminasi ODP 07/07 Pekerjaan di Stop lagi oleh warga dan rt, meminta comcase lagi untuk pembangunan gorong2 12/06 Pembayaran Comcase dengan Ketua Lingkungan Perumahan 07/06 Menunggu tim dari mitra 02/06 Rabu 03 Juni, visit lagi ke lokasi perihal izin dari warga setempat 25/05 Tanam tiang terkendala di stop oleh pihak ketua lingkungan Meminta kompensasi lampu jalan 15 pcs 18/05 Penanaman tiang 13/05 Comcase done, menunggu antrian tim mitra 20/04 Proses negosiasi perihal comcase dengan RT dan Warga 27/03 Penanaman tiang terhenti karena comcase dari Warga dan semen utk pembuatan gorong2 ) 16/03 Proses negosiasi comcase dengan warga dan RT/RW 09/03 Pekerjaan di stop oleh warga, warga meminta pengadaan lampu jalan utk 3 perumahan 05/03 Penarikan kabel 23/02 Penanaman tiang 09/02 Antrian Review 29/01 Antrian review hasil anwidzing",,,00. Ny Golive,19/09/2026,,,,
11869704,RDR JPP PT4 PANGKALAN MAKMUR DAYUN,128,  -   ,352270950,2752117,AREA 1,SUMBAGTENG,BUKIT TINGGI,PT3,Telkom Akses,45,10. PT3/Batch 5 thp 1,Prio September,NY Go Live,0,Y,y,20 Branch,#N/A,01. Persiapan,Ready,200,4.021,,03/10/2026,,"16/09 Menunggu approval Perubahan Design 31/08 Menunggu PO Material Kabel 24 10/08 Antrian review hasil anwidzing 27/07 Ogp Survey dan anwidzing 29/06 Proses Survey dan anwidzing, antrian TIM Fiberhome",,,00. Ny Golive,03/10/2026,,,,
12139907,RDR JPP PT3 PELALAWAN_1711 TAMBAHAN,64,  -   ,71322420,1114413,AREA 1,SUMBAGTENG,DUMAI,PT3,Telkom Akses,20,3. PT3/Batch 2,Prio September,NY Go Live,0,Y,y,20 Branch,#N/A,02. Matdel,NY Ready,,,20-Sep-26,,,,,,00. Ny Golive,,,,,
12276776,SMB-PT3-ODC-SUP-FA-AGAM_134774,16,  -   ,5909504,369344,AREA 1,SUMBAGTENG,DUMAI,PT3,Telkom Akses,74,3. PT3/Batch 2,Prio September,NY Go Live,0,Y,y,20 Branch,#N/A,02. Matdel,NY Ready,,,20-Sep-26,,,16/09 masih menunggu mitra subcon dari FH,,,00. Ny Golive,,,,,
12308576,SMB-PT3-ODC-TRS-FA-PESISIR 54589-90223,24,  -   ,29075123,1211464,AREA 1,SUMBAGTENG,DUMAI,PT3,Telkom Akses,79,3. PT3/Batch 2,Prio September,NY Go Live,0,Y,y,20 Branch,#N/A,02. Matdel,NY Ready,,,20-Sep-26,,,16/09 masih menunggu mitra subcon dari FH,,,00. Ny Golive,,,,,
11512835,SMB MD - AGAM_9899,16,  -   ,5622849,351429,AREA 1,SUMBAGTENG,BUKIT TINGGI,PT3,Telkom Akses,73,3. PT3/Batch 2,Prio September,NY Go Live,0,Y,y,20 Branch,#N/A,02. Matdel,Ready,,,,25/10/2026,,16/09 masih menunggu mitra subcon dari FH,,,00. Ny Golive,#N/A,,,,
11512816,SMB MD - AGAM_9605,32,  -   ,13854665,432959,AREA 1,SUMBAGTENG,DUMAI,PT3,Telkom Akses,76,3. PT3/Batch 2,Prio September,NY Go Live,0,Y,y,20 Branch,#N/A,02. Matdel,NY Ready,,,20-Sep-26,,,16/09 masih menunggu mitra subcon dari FH,,,00. Ny Golive,,,,,
11497869,RDR BGU PT3 P1I1 Jl.Baru Ring Road,120,  -   ,212258303,1768820,AREA 1,SUMBAGTENG,BUKIT TINGGI,PT3,Telkom Akses,33,10. PT3/Batch 5 thp 1,Prio September,NY Go Live,0,Y,y,20 Branch,#N/A,02. Matdel,Ready,650,3.360,,09/10/2026,,"16/09 Pengambilan material di WH 14/09 paralel perizinan sitac ruas jalan PU, 10/09 Prepare tim untuk pengambilan material 31/08 Menunggu PO Material Kabel 24 127/08 Menunggu PO Material Kabel 24 10/08 Antrian Review hasil Aanwidzing 27/07 Done Survey, penyusunan data hasil survey 29/06 Proses Survey dan anwidzing, antrian TIM Fiberhome",,,00. Ny Golive,09/10/2026,,,,
11481907,SMB P3I1 VINA AMELLA-ADELA BINA BUSTARI,112,  -   ,165742082,1479841,AREA 1,SUMBAGTENG,BUKIT TINGGI,PT3,Telkom Akses,86,3. PT3/Batch 2,Prio September,NY Go Live,0,Y,y,20 Branch,#N/A,02. Matdel,Ready,,,,25/10/2026,,16/09 masih menunggu mitra subcon dari FH,,,00. Ny Golive,#N/A,,,,
11450042,RKP PT3 TSEL TUB-FQ DESA SEBONG PEREH,8,  8 ,12915416,1614427,AREA 1,SUMBAGTENG,BUKIT TINGGI,PT3,Telkom Akses,76,10. PT3/Batch 5 thp 1,Prio September,NY Go Live,0,Y,y,20 Branch,#N/A,05. Go Live,Ready,240,-,,,,15/09 GoLive Area,,,01. Golive,Done,,,,
12574502,SMB PT3-UGD-FA PASAMAN BARAT_125192,64,  48 ,187294783,2926481,AREA 1,SUMBAGTENG,BUKIT TINGGI,PT3,Telkom Akses,65,10. PT3/Batch 5 thp 1,Prio September,NY Go Live,0,Y,y,20 Branch,#N/A,05. Go Live,Ready,12225,-,,Done,,16/09 Go Live Area,,,00. Ny Golive,Done,,,,
11418878,SMB P3I1 VERTA RIPA F,32,  -   ,27425219,857039,AREA 1,SUMBAGTENG,BUKIT TINGGI,PT3,Telkom Akses,80,3. PT3/Batch 2,Prio September,NY Go Live,0,Y,y,20 Branch,#N/A,02. Matdel,Ready,,,,25/10/2026,,16/09 masih menunggu mitra subcon dari FH,,,00. Ny Golive,#N/A,,,,
12792191,RKP TSEL PT3 TUB-FC 250_476_4124,8,  16 ,9733654,1216707,AREA 1,SUMBAGTENG,BUKIT TINGGI,PT3,Telkom Akses,78,14. PT3/Batch 5 thp 2,Prio September,NY Go Live,0,Y,y,20 Branch,#N/A,05. Go Live,Ready,230,-,,,,15/09 GoLive Area,,,01. Golive,Done,,,,
12796477,SMB-PT3-ODC-PAM-FH-KOTA PAR-75382-127746,32,  -   ,36661585,1145675,AREA 1,SUMBAGTENG,BUKIT TINGGI,PT3,Telkom Akses,37,10. PT3/Batch 5 thp 1,Prio September,NY Go Live,0,Y,y,20 Branch,#N/A,03. OGP Instalasi,Ready,2550,-,,27/09/2026,,14/09 : matdel ke site plan instal 16 sept,,,00. Ny Golive,27/09/2026,,,,
12886542,SMB-PT3-ODC-MIN-FB-250-150_2343-4LOP,56,  32 ,49155974,877786,AREA 1,SUMBAGTENG,BUKIT TINGGI,PT3,Telkom Akses,63,10. PT3/Batch 5 thp 1,Prio September,NY Go Live,0,Y,y,20 Branch,#N/A,05. Go Live,Ready,-,3.600,,,,GOLIVE BY OCC,,,01. Golive,Done,,,,
12901218,RDR JPP PT3 INDRAGIRI HILIR_10904,80,  -   ,138144133,1726802,AREA 1,SUMBAGTENG,BUKIT TINGGI,PT3,Telkom Akses,36,10. PT3/Batch 5 thp 1,Prio September,NY Go Live,0,Y,y,20 Branch,#N/A,02. Matdel,Ready,-,7.100,,17/10/2026,,"14/09 Antrian tim Mitra 31/08 Menunggu PO Material Kabel 24 27/08 Menunggu PO Material Kabel 24 10/08 Antrian review hasil anwidzing 27/07 Ogp Survey dan anwidzing 29/06 Proses Survey dan anwidzing, antrian TIM Fiberhome",,,00. Ny Golive,17/10/2026,,,,
12912631,SMB-PT2-ODC-BSO-FA-250-142_2444,24,  -   ,5233546,218065,AREA 1,SUMBAGTENG,BUKIT TINGGI,PT3,Telkom Akses,58,14. PT3/Batch 5 thp 2,Prio September,NY Go Live,0,Y,y,20 Branch,#N/A,03. OGP Instalasi,Ready,15,-,,27/09/2026,,14/09 : tanam tiang,,,00. Ny Golive,27/09/2026,,,,
12912910,SMB-PT3-ODC-BSO-FC-250_138_2436,24,  16 ,10618027,442418,AREA 1,SUMBAGTENG,DUMAI,PT3,Telkom Akses,57,14. PT3/Batch 5 thp 2,Prio September,NY Go Live,0,Y,y,20 Branch,#N/A,05. Go Live,Ready,680,-,,,,GOLIVE,,,01. Golive,Done,,,,
12918753,SMB PT3-PUK-FB PADANG PARIAMAN_11384,16,  -   ,8920861,557554,AREA 1,SUMBAGTENG,BUKIT TINGGI,PT3,Telkom Akses,56,14. PT3/Batch 5 thp 2,Prio September,NY Go Live,0,Y,y,20 Branch,#N/A,03. OGP Instalasi,Ready,670,-,,29/09/2026,,14/09 : terminasi,,,00. Ny Golive,29/09/2026,,,,
11378044,SMB P2I2 PESISIR SELATAN_14560,32,  -   ,18123223,566351,AREA 1,SUMBAGTENG,DUMAI,PT3,Telkom Akses,81,3. PT3/Batch 2,Prio September,NY Go Live,0,Y,y,20 Branch,#N/A,02. Matdel,NY Ready,,,20-Sep-26,,,16/09 masih menunggu mitra subcon dari FH,,,00. Ny Golive,,,,,
11334743,RDR MIS PT4 P1I1 DESA GARUT,216,  -   ,323783099,1498996,AREA 1,SUMBAGTENG,DUMAI,PT3,Telkom Akses,35,8. PT3/Batch 4b thp 2,Prio September,NY Go Live,0,Y,y,20 Branch,#N/A,03. OGP Instalasi,Ready,1948,4.622,,25/09/2026,,14/09 Penanaman tiang dan penarikan kabel,,,00. Ny Golive,25/09/2026,,,,
12944341,SMB PT3 PYK-FS 250_-118_2555,24,  -   ,11497948,479082,AREA 1,SUMBAGTENG,BUKIT TINGGI,PT3,Telkom Akses,44,7. PT3/Batch 4b thp 1,Prio September,NY Go Live,0,Y,y,20 Branch,#N/A,02. Matdel,Ready,200,-,,27/09/2026,,"14/09 : matdel ke site, plan instal 16 sept  07/09 : menunggu kabel 12 datang dari pabrik eta 14 sept  31/08 : menunggu kabel 12 datang dari pabrik, ETA 14 Sept  24/08 :Menunggu po material kabel 12 dari pabrik    27/07 : perpanjangan kabel ke LOP SMB-PT3-ODC-PYK-FS-250-113_2553_1-4LOP 22/07 : Progres aanwijziing",,,00. Ny Golive,27/09/2026,,,,
12944649,SMB PT3-PYK-FS 250_-117_2548,16,  -   ,8835893,552244,AREA 1,SUMBAGTENG,BUKIT TINGGI,PT3,Telkom Akses,45,7. PT3/Batch 4b thp 1,Prio September,NY Go Live,0,Y,y,20 Branch,#N/A,02. Matdel,Ready,225,-,,27/09/2026,,"14/09 : matdel ke site, plan instal 16 sept  07/09 : menunggu kabel 12 datang dari pabrik eta 14 sept  31/08 : menunggu kabel 12 datang dari pabrik, ETA 14 Sept  24/08 :Menunggu po material kabel 12 dari pabrik   27/07 : perpanjangan kabel ke LOP SMB-PT3-ODC-PYK-FS-250-113_2553_1-4LOP 13/07 : kendala distribusi full (04/05) sudah penunjukan mitra, segera di aanwijziing",,,00. Ny Golive,27/09/2026,,,,
12965154,RDR JPP PT3 250_-232_3106,96,  -   ,124436944,1296219,AREA 1,SUMBAGTENG,DUMAI,PT3,Telkom Akses,11,8. PT3/Batch 4b thp 2,Prio September,NY Go Live,0,Y,y,20 Branch,#N/A,02. Matdel,NY Ready,-,4.840,6-Okt-24,17/10/2026,,"16/09 Antrian tim Mitra 31/08 Menunggu PO Material Kabel 24 27/08 Menunggu PO Material Kabel 24 10/08 Antrian review hasil anwidzing 27/07 Ogp Survey dan anwidzing 29/06 Proses Survey dan anwidzing, antrian TIM Fiberhome",,,00. Ny Golive,17/10/2026,,,,
12971064,RDR JPP PT3 AOi4260204123425038948020,40,  -   ,51887721,1297194,AREA 1,SUMBAGTENG,DUMAI,PT3,Telkom Akses,29,8. PT3/Batch 4b thp 2,Prio September,NY Go Live,0,Y,y,20 Branch,#N/A,03. OGP Instalasi,Ready,-,1.420,,27/09/2026,,"14/09 Terminasi ODP done, proses jumper",,,00. Ny Golive,27/09/2026,,,,
13028957,SMB-PT3-ODC-SUP-FA-250-152_2425 - 4LOP,72,  -   ,42335033,5.879.865.694,AREA 1,SUMBAGTENG,BUKIT TINGGI,PT3,Telkom Akses,3,10. PT3/Batch 5 thp 1,Prio September,NY Go Live,0,Y,y,20 Branch,#N/A,03. OGP Instalasi,Ready,1900,-,,30/09/2026,,14/09 : terminasi,,,00. Ny Golive,30/09/2026,,,,
13120383,r_2500_-13_242_AMPEK ANGKEK,32,  -   ,40016667,1.250.520.844,AREA 1,SUMBAGTENG,BUKIT TINGGI,PT3,Telkom Akses,4,10. PT3/Batch 5 thp 1,Prio September,NY Go Live,0,Y,y,20 Branch,#N/A,04. Finish Instalasi,Ready,2130,-,,30/09/2026,,"14/09 : fisik done, kendala modul BKT FULL  13/09 : fisik done, kendala modul BKT FULL 07/09 : Proses penarikan kabel   31/08 : material on site, plan instal 01/09  24/08 : material on site , ogp instalasi 18/08 : proses pengiriman material ke site 27/07 : Proses eval hasil aanwijziing 22/07 : Progres aanwijziing",,,00. Ny Golive,30/09/2026,,,,
13120432,PT3-ODC-BKT-FF-2500_-14_241,32,  -   ,24657097,7.705.342.813,AREA 1,SUMBAGTENG,BUKIT TINGGI,PT3,Telkom Akses,4,10. PT3/Batch 5 thp 1,Prio September,NY Go Live,0,Y,y,20 Branch,#N/A,04. Finish Instalasi,Ready,730,-,,28/09/2026,,"14/09 : fisik done, kendala modul BKT FULL  13/09 : fisik done, kendala modul BKT FULL 07/09 : Proses terminasi ODP 31/08 : material on site, plan instal 01/09  24/08 : material on site , ogp instalasi 18/08 : proses pengiriman material ke site 27/07 : Proses eval hasil aanwijziing 22/07 : Progres aanwijziing",,,00. Ny Golive,28/09/2026,,,,
13120451,PT3-ODC-BKT-FQ-2500_-14_242,40,  -   ,17750678,"443766,95",AREA 1,SUMBAGTENG,BUKIT TINGGI,PT3,Telkom Akses,4,10. PT3/Batch 5 thp 1,Prio September,NY Go Live,0,Y,y,20 Branch,#N/A,04. Finish Instalasi,Ready,1050,-,,29/09/2026,,"14/09 : fisik done, kendala modul BKT FULL  13/09 : fisik done, kendala modul BKT FULL 07/09 : Proses terminasi ODP   31/08 : material on site, plan instal 01/09  24/08 : material on site , ogp instalasi 18/08 : proses pengiriman material ke site 27/07 : Proses eval hasil aanwijziing 22/07 : Progres aanwijziing",,,00. Ny Golive,29/09/2026,,,,
11800759,SMB STTF ANDIANG DAN MAEK IHSAN,112,  -   ,282829659,2.525.264.813,AREA 1,SUMBAGTENG,BUKIT TINGGI,PT3,Telkom Akses,45,10. PT3/Batch 5 thp 1,Prio September,NY Go Live,0,Y,y,20 Branch,#N/A,02. Matdel,Ready,2390,11.980,,27/09/2026,,"14/09 : matdel ke site, plan instal 16 sept  07/09 : menunggu kabel 12 datang dari pabrik eta 14 sept  31/08 : menunggu kabel 12 datang dari pabrik, ETA 14 sept 31/08 : menunggu kabel 12 datang dari pabrik, ETA 14 sept 24/08 : menunggu KU 24 dan 12 adss dari pabrik  27/07 :  Proses eval hasil aanwijziing",,,00. Ny Golive,27/09/2026,,,,
12944627,SMB MD PT3-LBB-FA 250_-143_2244,32,  -   ,8589492,268.421.625,AREA 1,SUMBAGTENG,BUKIT TINGGI,PT3,Telkom Akses,48,10. PT3/Batch 5 thp 1,Prio September,NY Go Live,0,Y,y,20 Branch,#N/A,03. OGP Instalasi,Ready,260,-,,28/09/2026,,14/09 : terminasi ODP,,,00. Ny Golive,28/09/2026,,,,
13026012,SMB PT3-LBB-FB 250_-143_2258,32,  -   ,9215253,2.879.766.563,AREA 1,SUMBAGTENG,BUKIT TINGGI,PT3,Telkom Akses,49,10. PT3/Batch 5 thp 1,Prio September,NY Go Live,0,Y,y,20 Branch,#N/A,04. Finish Instalasi,Ready,320,-,,menunggu modul,,"14/09 : fisik OK, kendala modul OLT LBB Full  07/09 : fisik OK, kendala modul OLT LBB Full  31/08 : fisik OK, kendala modul OLT LBB Full 27/08 : terminasi ODP   24/08 : terminasi ODP  18/08 : proses pengiriman material ke site 27/07 : Proses eval hasil aanwijziing  22/07 : Progres aanwijziing",,,00. Ny Golive,menunggu modul,,,,
12917222,SMB PT3-NRS-FB 250_-256_2288,72,  -   ,23085643,3.206.339.306,AREA 1,SUMBAGTENG,BUKIT TINGGI,PT3,Telkom Akses,53,10. PT3/Batch 5 thp 1,Prio September,NY Go Live,0,Y,y,20 Branch,#N/A,03. OGP Instalasi,Ready,1320,-,,27/09/2026,,14/09 : matdel ke site plan instal 16 sept,,,00. Ny Golive,27/09/2026,,,,
12964579,SMB-PT3-ODC-LBA-FD-PAR_136728 - 93370,32,  -   ,36253560,"1132923,75",AREA 1,SUMBAGTENG,BUKIT TINGGI,PT3,Telkom Akses,5,10. PT3/Batch 5 thp 1,Prio September,NY Go Live,0,Y,y,20 Branch,#N/A,03. OGP Instalasi,Ready,2550,-,,27/09/2026,,14/09 : matdel ke site plan instal 16 sept,,,00. Ny Golive,27/09/2026,,,,
13029192,SMB-PT3-ODC-SUP-FB-157_2428 - 154_2428,32,  32 ,15122794,4.725.873.125,AREA 1,SUMBAGTENG,BUKIT TINGGI,PT3,Telkom Akses,8,10. PT3/Batch 5 thp 1,Prio September,NY Go Live,0,Y,y,20 Branch,#N/A,05. Go Live,Ready,950,-,,,,GOLIVE,,,01. Golive,Done,,,,
13122363,RDR JPP PT3 2500_74_288_DUMAI KOTA,240,  -   ,178718935,7.446.622.292,AREA 1,SUMBAGTENG,DUMAI,PT3,Telkom Akses,5,10. PT3/Batch 5 thp 1,Prio September,NY Go Live,0,Y,y,20 Branch,#N/A,01. Persiapan,NY Ready,-,2.800,6-Okt-24,10/10/2026,,"14/09 Menunggu jadwal survey bareng PU Kota Dumai 07/09 Pengiriman material ke Lokasi 31/08 Redesign menjadi order tradisional 18/08 Done Survey penyusunan data eval 27/07 OGP Survey dan anwidzing 29/06 Proses Survey dan anwidzing, antrian TIM Fiberhome",,,00. Ny Golive,10/10/2026,,,,
13020375,RDR JPP PT3 BAGAN NIBUNG 2,328,  -   ,435497963,1.327.737.692,AREA 1,SUMBAGTENG,DUMAI,PT3,Telkom Akses,5,10. PT3/Batch 5 thp 1,Prio September,NY Go Live,0,Y,y,20 Branch,#N/A,03. OGP Instalasi,Ready,1400,10.900,,30/09/2026,,14/09 Penanaman tiang dan penarikan kabel,,,00. Ny Golive,30/09/2026,,,,
11511793,JL. SUKARELA BAGAN BESAR,40,  -   ,143993371,3.599.834.275,AREA 1,SUMBAGTENG,DUMAI,PT3,Telkom Akses,5,10. PT3/Batch 5 thp 1,Prio September,NY Go Live,0,Y,y,20 Branch,#N/A,03. OGP Instalasi,Ready,200,4.021,,30/09/2026,,14/09 proses penarikan tetap di lanjutkan untuk dampak perijinan PU paralel Menunggu jadwal survey bareng PU Kota Dumai,,,00. Ny Golive,30/09/2026,,,,
11108293,SMB P1I1 STTF PADANG LUA,16,  -   ,16450320,1028145,AREA 1,SUMBAGTENG,BUKIT TINGGI,PT3,Telkom Akses,71,3. PT3/Batch 2,Prio September,NY Go Live,0,Y,y,20 Branch,#N/A,02. Matdel,Ready,,,,25/10/2026,,16/09 masih menunggu mitra subcon dari FH,,,00. Ny Golive,#N/A,,,,
13151926,SMB-PT3-ODC-PPJ-FB-250-202_2422- 6LOP,56,  56 ,24252948,4.330.883.571,AREA 1,SUMBAGTENG,BUKIT TINGGI,PT3,Telkom Akses,3,14. PT3/Batch 5 thp 2,Prio September,NY Go Live,0,Y,y,20 Branch,#N/A,05. Go Live,Ready,1480,-,,,,GOLIVE,,,01. Golive,Done,,,,
12650823,SMB-PT3-ODC-SCC-FA-PAM_135788-118931,40,  40 ,71269427,1.781.735.675,AREA 1,SUMBAGTENG,BUKIT TINGGI,PT3,Telkom Akses,4,14. PT3/Batch 5 thp 2,Prio September,NY Go Live,0,Y,y,20 Branch,#N/A,05. Go Live,Ready,-,5.650,,,,16/09 Go Live Area,,,01. Golive,Done,,,,
13120409,SMB-PT3-ODC-BKT-FR-2500_-13_242,8,  8 ,5987855,748.481.875,AREA 1,SUMBAGTENG,BUKIT TINGGI,PT3,Telkom Akses,4,14. PT3/Batch 5 thp 2,Prio September,NY Go Live,0,Y,y,20 Branch,#N/A,05. Go Live,Ready,100,-,,,,GOLIVE BY OCC,,,01. Golive,Done,,,,
12929144,SMB-JPP-PT3-ODC-BKT-FX-KOTA BKT_8154,16,  -   ,7764624,485289,AREA 1,SUMBAGTENG,BUKIT TINGGI,PT3,Telkom Akses,4,14. PT3/Batch 5 thp 2,Prio September,NY Go Live,0,Y,y,20 Branch,#N/A,04. Finish Instalasi,Ready,480,-,,26/09/2026,,"14/09 : fisik done, kendala modul BKT FULL   13/09 : fisik done, kendala modul BKT FULL 07/09 : Proses terminasi ODP  31/08 : material on site, plan instal 01/09  24/08 : material on site , ogp instalasi 18/08 : proses pengiriman material ke site 27/07 : Proses eval hasil aanwijziing 22/07 : Progres aanwijziing",,,00. Ny Golive,26/09/2026,,,,
13145106,SMB FBB PT3-BKT-FP 250_-148_2390,16,  -   ,5548813,3.468.008.125,AREA 1,SUMBAGTENG,BUKIT TINGGI,PT3,Telkom Akses,4,14. PT3/Batch 5 thp 2,Prio September,NY Go Live,0,Y,y,20 Branch,#N/A,04. Finish Instalasi,Ready,200,-,,26/09/2026,,"15/09 : menunggu CRA repair kabel feeder BKT-FP  port modul ready  14/09 : menunggu repair kabel feeder BKT-FP  07/09 : Proses tanam tiang  31/08 : material on site, plan instal 01/09  24/08 : material on site , ogp instalasi 18/08 : proses pengiriman material ke site 27/07 : Proses eval hasil aanwijziing 22/07 : Progres aanwijziing",,,00. Ny Golive,26/09/2026,,,,
13061851,SMB JPP PT3-BKT-FN AGAM_160004,24,  -   ,6451104,268796,AREA 1,SUMBAGTENG,BUKIT TINGGI,PT3,Telkom Akses,4,14. PT3/Batch 5 thp 2,Prio September,NY Go Live,0,Y,y,20 Branch,#N/A,04. Finish Instalasi,Ready,200,-,,27/09/2026,,"14/09 : TIF check Boq KML tambahan kabel untuk repair Feeder untuk BKT-FN  07/09 : Proses tanam tiang 31/08 : material on site, plan instal 01/09  24/08 : material on site , ogp instalasi 18/08 : proses pengiriman material ke site 27/07 : Proses eval hasil aanwijziing 22/07 : Progres aanwijziing",,,00. Ny Golive,27/09/2026,,,,
13120442,ODC-BKT-FV-2500_-14_241,24,  -   ,5233549,2.180.645.417,AREA 1,SUMBAGTENG,BUKIT TINGGI,PT3,Telkom Akses,4,14. PT3/Batch 5 thp 2,Prio September,NY Go Live,0,Y,y,20 Branch,#N/A,04. Finish Instalasi,Ready,950,-,,29/09/2026,,"14/09 : fisik done, kendala modul BKT FULL 13/09 : fisik done, kendala modul BKT FULL 07/09 : Proses terminasi ODP   31/08 : material on site, plan instal 01/09  24/08 : material on site , ogp instalasi 18/08 : proses pengiriman material ke site 27/07 : Proses eval hasil aanwijziing 22/07 : Progres aanwijziing",,,00. Ny Golive,29/09/2026,,,,
12943430,SMB MD PT3-LBB-FD PADANG PARIAMAN_55952,24,  -   ,13329043,5.553.767.917,AREA 1,SUMBAGTENG,BUKIT TINGGI,PT3,Telkom Akses,51,14. PT3/Batch 5 thp 2,Prio September,NY Go Live,0,Y,y,20 Branch,#N/A,04. Finish Instalasi,Ready,260,-,,menunggu modul,,"14/09 : fisik OK, kendala modul OLT LBB Full  07/09 : fisik OK, kendala modul OLT LBB Full  31/08 : fisik OK, kendala modul OLT LBB Full 27/08 : Penarikan kabel  24/08 :Kabel TAG dari jambi done, ogp delivery dari wh to site     27/07 : proses eval hasil aanwijziing 22/07 : Progres aanwijziing",,,00. Ny Golive,menunggu modul,,,,
11108288,SMB P1I1 STTF ASRAMA PP AL IRSYAD,8,  -   ,5888296,736037,AREA 1,SUMBAGTENG,BUKIT TINGGI,PT3,Telkom Akses,72,3. PT3/Batch 2,Prio September,NY Go Live,0,Y,y,20 Branch,#N/A,02. Matdel,Ready,,,,25/10/2026,,16/09 masih menunggu mitra subcon dari FH,,,00. Ny Golive,#N/A,,,,
13009869,RDR JPP PT3 KENDALA PSB 3 PELANGGAN,88,  -   ,91243852,1036862,AREA 1,SUMBAGTENG,BUKIT TINGGI,PT3,Telkom Akses,19,10. PT3/Batch 5 thp 1,Prio September,NY Go Live,0,Y,y,20 Branch,#N/A,01. Persiapan,Ready,820,2.140,,30/09/2026,,"16/09 Done review, proses perizinan desa 14/09 Antrian Review hasil Anwidzing 10/09 Menunggu PO Material 31/08 Menunggu PO Material Kabel 24 10/08 Antrian review hasil anwidzing 27/07 Done Survey, collect hasil survey utk bahan review dengan TIF 29/06 Proses Survey dan anwidzing, antrian TIM Fiberhome",,,00. Ny Golive,30/09/2026,,,,
13025859,SMB PT3-LBB-FB 250_-139_2252,8,  -   ,13576744,1697093,AREA 1,SUMBAGTENG,BUKIT TINGGI,PT3,Telkom Akses,47,8. PT3/Batch 4b thp 2,Prio September,NY Go Live,0,Y,y,20 Branch,#N/A,04. Finish Instalasi,Ready,1140,-,,27/09/2026,,"14/09 : fisik OK, kendala modul OLT LBB Full  07/09 : fisik OK, kendala modul OLT LBB Full 07/09 : menunggu kabel 12 datang dari pabrik, ETA 14 Sept  31/08 : menunggu kabel 12 datang dari pabrik, ETA 14 sept 31/08 : menunggu kabel 12 datang dari pabrik, ETA 14 sept 24/08 : menunggu KU 24 dan 12 adss dari pabrik  27/07 :  Proses eval hasil aanwijziing",,,00. Ny Golive,27/09/2026,,,,
13078814,SMB-PT3-ODC-SUP-FB-2500-17_242,64,  -   ,64288589,1.004.509.203,AREA 1,SUMBAGTENG,BUKIT TINGGI,PT3,Telkom Akses,3,8. PT3/Batch 4b thp 2,Prio September,NY Go Live,0,Y,y,20 Branch,#N/A,03. OGP Instalasi,Ready,780,1.500,,27/09/2026,,14/09 : matdel ke site plan instal 16 sept,,,00. Ny Golive,27/09/2026,,,,
13017099,RDR JPP PT4 TAMBUSAI 2,672,  -   ,956526556,1.423.402.613,AREA 1,SUMBAGTENG,DUMAI,PT3,Telkom Akses,5,7. PT3/Batch 4b thp 1,Prio September,NY Go Live,0,Y,y,20 Branch,#N/A,03. OGP Instalasi,Ready,3242,20.210,,29/09/2026,,14/09 Penanaman tiang dan penarikan kabel,,,00. Ny Golive,29/09/2026,,,,
11886069,PADANG PARIAMAN_136656_H2_2025,16,  -   ,5622849,3.514.280.625,AREA 1,SUMBAGTENG,BUKIT TINGGI,PT3,Telkom Akses,54,7. PT3/Batch 4b thp 1,Prio September,NY Go Live,0,Y,y,20 Branch,#N/A,03. OGP Instalasi,Ready,10,-,,28/09/2026,,14/09 : matdel ke site plan instal 16 sept,,,00. Ny Golive,28/09/2026,,,,
12944683,250_-142_2249,16,  -   ,3629131,2.268.206.875,AREA 1,SUMBAGTENG,BUKIT TINGGI,PT3,Telkom Akses,46,7. PT3/Batch 4b thp 1,Prio September,NY Go Live,0,Y,y,20 Branch,#N/A,04. Finish Instalasi,Ready,10,-,,menunggu modul,,"14/09 : fisik OK, kendala modul OLT LBB Full  07/09 : fisik OK, kendala modul OLT LBB Full  31/08 : fisik OK, kendala modul OLT LBB Full 27/08 : terminasi ODP   24/08 : terminasi ODP  18/08 : proses pengiriman material ke site 27/07 : Proses eval hasil aanwijziing  22/07 : Progres aanwijziing",,,00. Ny Golive,menunggu modul onsite,,,,
12950907,SMB-PT3-ODC-BSK-FD-250_-198_2494,16,  -   ,10425495,6.515.934.375,AREA 1,SUMBAGTENG,BUKIT TINGGI,PT3,Telkom Akses,4,7. PT3/Batch 4b thp 1,Prio September,NY Go Live,0,Y,y,20 Branch,#N/A,04. Finish Instalasi,Ready,750,-,,20/09/2026,,"15/09 modul olt ready 14/09 : Fisik Oke, kendala modul bsk full  07/09 : Fisik Oke, kendala modul bsk full 31/08 : fisik ok, kendala modul OLT BSK FULL  27/08 : terminasi ODP  24/08 : material on site , ogp instalasi 18/08 : proses pengiriman material ke site 27/07 : Proses eval hasil aanwijziing 22/07 : Progres aanwijziing",,,00. Ny Golive,20/09/2026,,,,
12950392,SMB-PT3-ODC-BSK-FL-250_-206_2497,32,  32 ,15777075,4.930.335.938,AREA 1,SUMBAGTENG,BUKIT TINGGI,PT3,Telkom Akses,4,7. PT3/Batch 4b thp 1,Prio September,NY Go Live,0,Y,y,20 Branch,#N/A,05. Go Live,Ready,1570,-,,,,15/09 GoLive Area,,,01. Golive,Done,,,,
12950340,SMB-PT3-ODC-BSK-FM-2494 - 2496,40,  -   ,20019708,"500492,7",AREA 1,SUMBAGTENG,BUKIT TINGGI,PT3,Telkom Akses,4,7. PT3/Batch 4b thp 1,Prio September,NY Go Live,0,Y,y,20 Branch,#N/A,04. Finish Instalasi,Ready,950,-,,28/09/2026,,"14/09 : Fisik Oke, kendala modul bsk full  13/09 : Fisik Oke, kendala modul bsk full    07/09 : proses matdel ke site 31/08 : plan matdel 4 sept 24/08 : menunggu KU 24 dan 12 adss dari pabrik  27/07 : proses eval hasil aanwijziing 22/07 : Progres aanwijziing",,,00. Ny Golive,28/09/2026,,,,
13020807,RDR JPP PT3 AOi4260220053338147fb7de0,48,  -   ,45631601,950659,AREA 1,SUMBAGTENG,DUMAI,PT3,Telkom Akses,20,7. PT3/Batch 4b thp 1,Prio September,NY Go Live,0,Y,y,20 Branch,#N/A,02. Matdel,NY Ready,610,170,6-Okt-24,11/10/2026,,"14/09 Antiran tim mitra 31/08 Menunggu PO Material Kabel 24 27/08 Menunggu PO Material Kabel 24 10/08 Menunggu PO Material 27/07 Done Survey, penyusunan data hasil survey 29/06 Proses Survey dan anwidzing, antrian TIM Fiberhome",,,00. Ny Golive,11/10/2026,,,,
11980660,SMB-PT3-ODC-LBS-FA-PASAMAN - 4 Cluster,80,  -   ,56010213,7.001.276.625,AREA 1,SUMBAGTENG,BUKIT TINGGI,PT3,Telkom Akses,52,3. PT3/Batch 2,Prio September,NY Go Live,0,Y,y,20 Branch,#N/A,02. Matdel,Ready,,,,30/09/2026,,16/09 : matdel ke site plan instal 20 sept,,,00. Ny Golive,30/09/2026,,,,
11424094,SMB PADANG PARIAMAN_9336,80,  -   ,76030939,9.503.867.375,AREA 1,SUMBAGTENG,BUKIT TINGGI,PT3,Telkom Akses,44,3. PT3/Batch 2,Prio September,NY Go Live,0,Y,y,20 Branch,#N/A,03. OGP Instalasi,Ready,90,2.500,,28/09/2026,,15/09 Penanaman Tiang,,,00. Ny Golive,28/09/2026,,,,
10894465,SMB P1I1 STTF KOTO TANGAH MABER,24,  -   ,25264229,1.052.676.208,AREA 1,SUMBAGTENG,BUKIT TINGGI,PT3,Telkom Akses,3,3. PT3/Batch 2,Prio September,NY Go Live,0,Y,y,20 Branch,#N/A,04. Finish Instalasi,Ready,750,-,,20/09/2026,,"15/9 port olt sudah ready 14/09 : Fisik Oke, kendala modul bsk full  13/09 : Fisik Oke, kendala modul bsk full   07/09 : Fisik Oke, kendala modul bsk full  31/08 : Fisik Oke, kendala modul bsk full   27/08 : terminasi ODP  24/08 : Penarikan kabel 18/08 : proses pengiriman material ke site 27/07: Proses eval hasil aanwijziing",,,00. Ny Golive,20/09/2026,,,,
12497008,SMB STTF SALIBAWAN SUNDATA,152,  -   ,299460693,1.970.136.138,AREA 1,SUMBAGTENG,BUKIT TINGGI,PT3,Telkom Akses,70,8. PT3/Batch 4b,Prio Agustus,NY Go Live,0,Y,y,20 Branch,PT3,02. Matdel,Ready,850,12.000,,30/09/2026,,"14/09 : matdel ke site plan instal 16 sept 07/09 : menunggu kabel 12 datang dari pabrik, ETA 14 sept 31/08 : menunggu kabel 12 datang dari pabrik eta 14 sept  24/08 : menunggu KU 24 dan 12 adss dari pabrik  19/08 menunggu TAG dari jambi  1 18/08 : menunggu kabel ADSS 24 27/07 :  Proses eval hasil aanwijziing 22/07 : Progres aanwijziing",,,00. Ny Golive,30/09/2026,,,,
13145950,SMB FBB PT3-BKT-FP 250_-152_2405,48,  32 ,36486678,760.139.125,AREA 1,SUMBAGTENG,BUKIT TINGGI,PT3,Telkom Akses,69,14. PT3/Batch 5,Prio Agustus,NY Go Live,0,Y,y,20 Branch,PT3,05. Go Live,Ready,1600,-,,,,15/09 : menunggu CRA repair kabel feeder BKT-FP  port modul ready 14/09 : menunggu repair kabel feeder BKT-FP dan modul BKT Full  07/09 : proses jumper dan valins  31/08 : FIsik ok kendala modul OLT BKT FUlLL 27/08 : terminasi ODP   24/08 : Penarikan kabel 18/08 : proses pengiriman material ke site 27/07: Proses eval hasil aanwijziing,,,01. Golive,20/09/2026,,,,
13063634,SMB JPP PT3-BKT-FK 250_-153_2413,56,  32 ,18606756,"332263,5",AREA 1,SUMBAGTENG,BUKIT TINGGI,PT3,Telkom Akses,67,10. PT3/Batch 5,Prio Agustus,NY Go Live,0,Y,y,20 Branch,PT3,05. Go Live,Ready,430,-,,,,GOLIVE,,,01. Golive,Done,,,,
13063452,SMB JPP PT3-BKT-FN 250_-158_2416,56,  -   ,15529390,2.773.105.357,AREA 1,SUMBAGTENG,BUKIT TINGGI,PT3,Telkom Akses,66,10. PT3/Batch 5,Prio Agustus,NY Go Live,0,Y,y,20 Branch,PT3,04. Finish Instalasi,Ready,540,2.100,,menunggu modul,,"14/09 : Menunggu repair kabel feeder BKT-FN dan modul BKT Full  13/09 Masih menunggu update repair 07/09 : kendala feeder rusak, posisi di bawah badan jalan, butuh kabel 2 km untuk suntik ke ODC lain 31/08 : FIsik ok kendala modul OLT BKT FUlLL 31/08 : FIsik ok kendala modul OLT BKT FUlLL 27/08 : terminasi ODP   24/08 : Penarikan kabel  18/08 : proses pengiriman material ke site 27/07 : Proses eval hasil aanwijziing 22/07 : Progres aanwijziing",,,00. Ny Golive,menunggu modul,,,,
13145893,SMB FBB PT3-BKT-FP 250_-151_2402,96,  -   ,21066992,2.194.478.333,AREA 1,SUMBAGTENG,BUKIT TINGGI,PT3,Telkom Akses,61,14. PT3/Batch 5,Prio Agustus,NY Go Live,0,Y,y,20 Branch,PT3,04. Finish Instalasi,Ready,300,-,,20/09/2026,,"15/09 : menunggu CRA repair kabel feeder BKT-FP  port modul ready  14/09 : kendala feeder PYK-FP butuh repair 100M dan modul BKT full  07/09 : kendala feeder PYK-FP butuh repair 100M  31/08 : FIsik ok kendala modul OLT BKT FUlLL 24/08 : material on site , ogp instalasi 18/08 : proses pengiriman material ke site 27/07 : Proses eval hasil aanwijziing 22/07 : Progres aanwijziing",,,00. Ny Golive,20/09/2026,,,,
13146057,SMB FBB PT3-BKT-FK 250_-146_2407,112,  64 ,62342471,5.566.292.054,AREA 1,SUMBAGTENG,BUKIT TINGGI,PT3,Telkom Akses,60,14. PT3/Batch 5,Prio Agustus,NY Go Live,0,Y,y,20 Branch,PT3,05. Go Live,Ready,1080,3.700,,,,GOLIVE,,,01. Golive,Done,,,,
13064211,RDR JPP PT3 PERUMAHAN INTAN JELITA 2,64,  64 ,48674909,7.605.454.531,AREA 1,SUMBAGTENG,DUMAI,PT3,Telkom Akses,55,7. PT3/Batch 4b,Prio Agustus,NY Go Live,0,Y,y,20 Branch,PT3,05. Go Live,Ready,1045,-,,,,Golive,,,01. Golive,Done,,,,
13146470,SMB FBB PT3-BKT-FK 250_-143_2412,184,  112 ,94111650,5.114.763.587,AREA 1,SUMBAGTENG,BUKIT TINGGI,PT3,Telkom Akses,51,14. PT3/Batch 5,Prio Agustus,NY Go Live,0,Y,y,20 Branch,PT3,05. Go Live,Ready,2210,3.850,,,,GOLIVE,,,01. Golive,Done,,,,
13081521,RDR JPP PT3 TAMBAHAN UBT FJ 2,176,  -   ,133935798,7.609.988.523,AREA 1,SUMBAGTENG,DUMAI,PT3,Telkom Akses,49,7. PT3/Batch 4b,Prio Agustus,NY Go Live,0,Y,y,20 Branch,PT3,03. OGP Instalasi,Ready,480,3.070,,30/09/2026,,14/09 Penanaman tiang dan penarikan kabel,,,00. Ny Golive,30/09/2026,,,,
13088342,RDR JPP PT3 TAMBAHAN TAK FAX,104,  104 ,32943663,3.167.659.904,AREA 1,SUMBAGTENG,DUMAI,PT3,Telkom Akses,42,7. PT3/Batch 4b,Prio Agustus,NY Go Live,0,Y,y,20 Branch,PT3,05. Go Live,Ready,850,-,,,,Golive,,,01. Golive,Done,,,,
13097799,SMB-PT3-ODC-SIG-FA-2500_-9_251,56,  -   ,55596052,992787,AREA 1,SUMBAGTENG,BUKIT TINGGI,PT3,Telkom Akses,52,10. PT3/Batch 5 thp 1,Prio September,NY Go Live,0,Y,y,20 Branch,#N/A,03. OGP Instalasi,Ready,3490,-,,27/09/2026,,14/09 : penarikan kabel,,,00. Ny Golive,27/09/2026,,,,
13118837,RDR JPP PT3 2500_20_285_TAMPAN,168,  -   ,69729101,415055,AREA 1,SUMBAGTENG,BUKIT TINGGI,PT3,Telkom Akses,19,10. PT3/Batch 5 thp 1,Prio September,NY Go Live,0,Y,y,20 Branch,#N/A,02. Matdel,Ready,1080,1.310,,10/10/2026,,"16/09 Menunggu PO Material KU 12 Masuk 18 Sep 31/08 Menunggu PO Material Kabel 24 27/08 Menunggu PO Material Kabel 24 10/08 Memunggu PO Mateiral 27/07 Done Survey, collect hasil survey utk bahan review dengan TIF 29/06 Core Feeder ARK FH Ready, ARK FBS Rusak, ARK FCE Rusak | Plan Survey 08 Juni 2026",,,00. Ny Golive,10/10/2026,,,,
12744427,SMB-PT3-ODC-SIG-FA-8556-4 LOP,64,  -   ,65361788,1.021.277.938,AREA 1,SUMBAGTENG,BUKIT TINGGI,PT3,Telkom Akses,35,7. PT3/Batch 4b,Prio Agustus,NY Go Live,0,Y,y,20 Branch,PT3,02. Matdel,Ready,3870,-,,27/09/2026,,"14/09 : matdel ke site, plan instal 16 sept 07/09 : menunggu kabel 12 datang dari pabrik eta 14 sept  31/08 : menunggu kabel 12 datang dari pabrik eta 14 sept 24/08 : menunggu KU 24 dan 12 adss dari pabrik  18/08 : menunggu kabel ADSS 24 Untuk LOP (SMB-PT3-ODC-SIG-FA-2500_-9_251) 27/07 : proses eval hasil aanwijziing 22/07 : Progres aanwijziing",,,00. Ny Golive,27/09/2026,,,,
13120459,PT3-ODC-SIG-FA-2500_-8_250,40,  -   ,49540075,1238502,AREA 1,SUMBAGTENG,BUKIT TINGGI,PT3,Telkom Akses,54,10. PT3/Batch 5 thp 1,Prio September,NY Go Live,0,Y,y,20 Branch,#N/A,02. Matdel,Ready,1190,-,,27/09/2026,,"14/09 : matdel ke site, plan instal 16 sept  07/09 : menunggu kabel 12 datang dari pabrik eta 14 sept  31/08 : menunggu kabel 12 datang dari pabrik, ETA 14 Sept  24/08 : menunggu KU 24 dan 12 adss dari pabrik  27/07 : proses eval hasil aanwijziing 22/07 : Progres aanwijziing",,,00. Ny Golive,27/09/2026,,,,
13123022,RDR JPP PT4 2500_16_294_SIAK HULU,160,  -   ,828486045,5178038,AREA 1,SUMBAGTENG,BUKIT TINGGI,PT3,Telkom Akses,14,10. PT3/Batch 5 thp 1,Prio September,NY Go Live,0,Y,y,20 Branch,#N/A,01. Persiapan,Ready,15535,6.960,,19/10/2026,,"16/09Menunggu approval kenaikan Nilai 10/09 Menunggu approval kenaikan Nilai 31/08 Menunggu PO Material Kabel 24 dan Kabel KT 27/08 Menunggu PO Material Kabel 24 11/08 Antrian Review hasil aanwidzing 27/07 Ogp Survey dan anwidzing 29/06 Proses Survey dan anwidzing, antrian TIM Fiberhome27/08 Menunggu PO Material Kabel 24 1",,,00. Ny Golive,19/10/2026,,,,
13124940,SMB-PT3-ODC-PPJ-FB-2500_-21_242,16,  16 ,11619552,726222,AREA 1,SUMBAGTENG,BUKIT TINGGI,PT3,Telkom Akses,34,14. PT3/Batch 5 thp 2,Prio September,NY Go Live,0,Y,y,20 Branch,#N/A,05. Go Live,Ready,550,-,,,,GOLIVE,,,01. Golive,Done,,,,
12945082,SMB-PT3-ODC-PYK-FS-250-113_2553_1-4LOP,80,  -   ,99855262,1.248.190.775,AREA 1,SUMBAGTENG,BUKIT TINGGI,PT3,Telkom Akses,27,7. PT3/Batch 4b,Prio Agustus,NY Go Live,0,Y,y,20 Branch,PT3,02. Matdel,Ready,1350,4.500,,27/09/2026,,"14/09 : matdel ke site, plan instal 16 sept  07/09 : menunggu kabel 12 datang dari pabrik eta 14 sept  31/08 : menunggu kabel 12 datang dari pabrik eta 14 sept  24/08 :Kabel TAG dari jambi done, ogp delivery dari wh to site    19/08 menunggu TAG dari jambi  1 18/08 : menunggu kabel ADSS 24 27/07 : Proses eval hasil aanwijziing 22/07 : Progres aanwijziing",,,00. Ny Golive,27/09/2026,,,,
12945432,SMB-PT3-ODC-PYK-FL-250-104_2525 - 2526,56,  40 ,15035970,2.684.994.643,AREA 1,SUMBAGTENG,BUKIT TINGGI,PT3,Telkom Akses,26,7. PT3/Batch 4b,Prio Agustus,NY Go Live,0,Y,y,20 Branch,PT3,05. Go Live,Ready,300,1.300,,,,GOLIVE BY OCC,,,01. Golive,Done,,,,
12945159,SMB-PT3-ODC-PYK-FB-250-111_2516-5LOP,80,  -   ,20823586,260.294.825,AREA 1,SUMBAGTENG,BUKIT TINGGI,PT3,Telkom Akses,24,7. PT3/Batch 4b,Prio Agustus,NY Go Live,0,Y,y,20 Branch,PT3,03. OGP Instalasi,Ready,600,-,,22/09/2026,,14/09 : terminasi odp,,,00. Ny Golive,22/09/2026,,,,
13096424,RDR JPP PT3 TAMBAHAN BKN FAH,448,  -   ,581392448,1297751,AREA 1,SUMBAGTENG,DUMAI,PT3,Telkom Akses,14,7. PT3/Batch 4b,Prio Agustus,NY Go Live,0,Y,y,20 Branch,PT3,03. OGP Instalasi,Ready,7500,9.400,,30/09/2026,,14/09 Penarikan kabel,,,00. Ny Golive,30/09/2026,,,,
13007842,SMB-PT3-ODC-SCC-FA-PARIAMAN_11069,16,  -   ,10343317,6.464.573.125,AREA 1,SUMBAGTENG,BUKIT TINGGI,PT3,Telkom Akses,11,7. PT3/Batch 4b,Prio Agustus,NY Go Live,0,Y,y,20 Branch,PT3,01. Persiapan,,250,-,,,Kendala izin,"14/09 : tidak dapat izin tanam tiang  oleh pemilik lahan, tahap negosiasi",,,00. Ny Golive,27/09/2026,,,,
12328561,AOi42510110958033760b3b40,8,  8 ,2226150,"278268,75",AREA 1,SUMBAGTENG,BUKIT TINGGI,PT3,Telkom Akses,10,7. PT3/Batch 4b,Prio Agustus,NY Go Live,0,Y,y,20 Branch,PT3,05. Go Live,Ready,5,-,,,,GOLIVE,,,01. Golive,Done,,,,
12944381,SMB MD PT3-LBB-FB 250_-150_2252,64,  -   ,16290274,2.545.355.313,AREA 1,SUMBAGTENG,BUKIT TINGGI,PT3,Telkom Akses,9,7. PT3/Batch 4b,Prio Agustus,NY Go Live,0,Y,y,20 Branch,PT3,04. Finish Instalasi,Ready,110,-,,menunggu modul,,"14/09 : fisik OK, kendala modul OLT LBB Full   07/09 : fisik OK, kendala modul OLT LBB Full  31/08 : fisik OK, kendala modul OLT LBB Full 27/08 : terminasi ODP   24/08 : terminasi ODP  18/08 : proses pengiriman material ke site 27/07 : Proses eval hasil aanwijziing  22/07 : Progres aanwijziing",,,00. Ny Golive,menunggu modul,,,,
13060844,SMB JPP PT3-SPE-FG STTF TALU,72,  72 ,34899384,4.847.136.667,AREA 1,SUMBAGTENG,BUKIT TINGGI,PT3,Telkom Akses,6,7. PT3/Batch 4b,Prio Agustus,NY Go Live,0,Y,y,20 Branch,PT3,05. Go Live,Ready,580,-,,,,15/09 GoLive Area,,,01. Golive,Done,,,,
13007763,SMB-PT3-ODC-BSK-FL-208_2500 - 208_2501,48,  -   ,18042676,3.758.890.833,AREA 1,SUMBAGTENG,BUKIT TINGGI,PT3,Telkom Akses,5,7. PT3/Batch 4b,Prio Agustus,NY Go Live,0,Y,y,20 Branch,PT3,04. Finish Instalasi,Ready,1400,-,,20/09/2026,,"15/09 port olt tersolusikan 14/09 : Fisik Oke, kendala modul bsk full  07/09 : Fisik Oke, kendala modul bsk full  31/08 : fisik ok, kendala modul OLT BSK FULL  27/08 : terminasi ODP  24/08 : Penanaman tiang  19/08 proses penanaman tiang18/08 : proses pengiriman material ke site 27/07 : feeder BSK-FL Full , pengajuan new feeder 22/07 : Progres aanwijziing",,,00. Ny Golive,20/09/2026,,,,
12950400,SMB-PT3-ODC-BSK-FL-250_-210_2504 - 3LOP,96,  96 ,64443669,6.712.882.188,AREA 1,SUMBAGTENG,BUKIT TINGGI,PT3,Telkom Akses,4,7. PT3/Batch 4b,Prio Agustus,NY Go Live,0,Y,y,20 Branch,PT3,05. Go Live,Ready,1810,2.950,,,,15/09 GoLive Area,,,01. Golive,Done,,,,
11941236,SMB-PT2-ODC-BKT-FS-250_-128_2416,8,  -   ,3057364,"382170,5",AREA 1,SUMBAGTENG,BUKIT TINGGI,PT2,Telkom Akses,132,11. PT2/Batch 3,Prio September,NY Go Live,0,Y,y,20 Branch,#N/A,01. Persiapan,Ready,,,,,,,,,,#N/A,,,,
12260545,SMB-PT2 LS ODC-BKT-FC,8,  -   ,2891022,"361377,75",AREA 1,SUMBAGTENG,BUKIT TINGGI,PT2,Telkom Akses,133,11. PT2/Batch 3,Prio September,NY Go Live,0,Y,y,20 Branch,#N/A,00. Propose Drop,,,,,,Core Feeder Habis,,,,,#N/A,,,,
12687839,SMB PT2-BKT-FAD AGAM_133594_H2,16,  -   ,3629133,2.268.208.125,AREA 1,SUMBAGTENG,BUKIT TINGGI,PT2,Telkom Akses,134,11. PT2/Batch 3,Prio September,NY Go Live,0,Y,y,20 Branch,#N/A,01. Persiapan,Ready,,,,,,,,,,#N/A,,,,
12687934,SMB PT2-BKT-FT AGAM_167989_H2,32,  -   ,6837965,2.136.864.063,AREA 1,SUMBAGTENG,BUKIT TINGGI,PT2,Telkom Akses,135,11. PT2/Batch 3,Prio September,NY Go Live,0,Y,y,20 Branch,#N/A,00. Propose Drop,,,,,,QE Repair Core,,,,,#N/A,,,,
12687923,SMB PT2-BKT-FT AGAM_167989_H2,32,  -   ,6837965,2.136.864.063,AREA 1,SUMBAGTENG,BUKIT TINGGI,PT2,Telkom Akses,136,11. PT2/Batch 3,Prio September,NY Go Live,0,Y,y,20 Branch,#N/A,00. Propose Drop,,,,,,QE Repair Core,,,,,#N/A,,,,
12941793,SMB-JPP-PT2LS-ODC-BKT-FT-250_-119_2417,8,  -   ,2024716,"253089,5",AREA 1,SUMBAGTENG,BUKIT TINGGI,PT2,Telkom Akses,137,11. PT2/Batch 3,Prio September,NY Go Live,0,Y,y,20 Branch,#N/A,00. Propose Drop,,,,,,QE Repair Core,,,,,#N/A,,,,
12951678,SMB-PT2LS-ODC-BKT-FAC-168123 - 142_2404,16,  -   ,3629131,2.268.206.875,AREA 1,SUMBAGTENG,BUKIT TINGGI,PT2,Telkom Akses,138,11. PT2/Batch 3,Prio September,NY Go Live,0,Y,y,20 Branch,#N/A,00. Propose Drop,,,,,,Core Feeder Habis,,,,,#N/A,,,,
12960551,SUMBAR JPP PT2 ODC FH_159831_H2_2025,8,  -   ,2961711,370.213.875,AREA 1,SUMBAGTENG,BUKIT TINGGI,PT2,Telkom Akses,139,11. PT2/Batch 3,Prio September,NY Go Live,0,Y,y,20 Branch,#N/A,00. Propose Drop,,,,,,Core Feeder Habis,,,,,#N/A,,,,
12943207,SUMBAR JPP PT2 ODC FA 250_193_2498,8,  -   ,2961711,370.213.875,AREA 1,SUMBAGTENG,BUKIT TINGGI,PT2,Telkom Akses,140,11. PT2/Batch 3,Prio September,NY Go Live,0,Y,y,20 Branch,#N/A,00. Propose Drop,,,,,,Core Feeder Habis,,,,,#N/A,,,,
12943671,SUMBAR JPP PT2 ODC FB 250_180_2511,16,  -   ,5415526,338.470.375,AREA 1,SUMBAGTENG,BUKIT TINGGI,PT2,Telkom Akses,141,11. PT2/Batch 3,Prio September,NY Go Live,0,Y,y,20 Branch,#N/A,00. Propose Drop,,,,,,QE Repair Core,,,,,#N/A,,,,
12951190,SUMBAR JPP PT2 ODC FA 250_192_2495,8,  -   ,2961711,370.213.875,AREA 1,SUMBAGTENG,BUKIT TINGGI,PT2,Telkom Akses,142,11. PT2/Batch 3,Prio September,NY Go Live,0,Y,y,20 Branch,#N/A,00. Propose Drop,,,,,,Core Feeder Habis,,,,,#N/A,,,,
12951222,SUMBAR JPP PT2 ODC FA 250_191_2495,16,  -   ,5415526,338.470.375,AREA 1,SUMBAGTENG,BUKIT TINGGI,PT2,Telkom Akses,143,11. PT2/Batch 3,Prio September,NY Go Live,0,Y,y,20 Branch,#N/A,00. Propose Drop,,,,,,Core Feeder Habis,,,,,#N/A,,,,
12951316,SUMBAR JPP PT2 ODC FA 250_189_2502,16,  -   ,5415526,338.470.375,AREA 1,SUMBAGTENG,BUKIT TINGGI,PT2,Telkom Akses,144,11. PT2/Batch 3,Prio September,NY Go Live,0,Y,y,20 Branch,#N/A,00. Propose Drop,,,,,,Core Feeder Habis,,,,,#N/A,,,,
12951679,SUMBAR JPP PT2 ODC FB 250_181_2511,8,  -   ,2961711,370.213.875,AREA 1,SUMBAGTENG,BUKIT TINGGI,PT2,Telkom Akses,145,11. PT2/Batch 3,Prio September,NY Go Live,0,Y,y,20 Branch,#N/A,00. Propose Drop,,,,,,QE Repair Core,,,,,#N/A,,,,
12952797,SUMBAR JPP PT2 ODC FB 250_179_2512,8,  -   ,2961711,370.213.875,AREA 1,SUMBAGTENG,BUKIT TINGGI,PT2,Telkom Akses,146,11. PT2/Batch 3,Prio September,NY Go Live,0,Y,y,20 Branch,#N/A,00. Propose Drop,,,,,,QE Repair Core,,,,,#N/A,,,,
12953047,SUMBAR JPP PT2 ODC FB 250_179_2511,16,  -   ,5415526,338.470.375,AREA 1,SUMBAGTENG,BUKIT TINGGI,PT2,Telkom Akses,147,11. PT2/Batch 3,Prio September,NY Go Live,0,Y,y,20 Branch,#N/A,00. Propose Drop,,,,,,QE Repair Core,,,,,#N/A,,,,
12953292,SUMBAR JPP PT2 ODC FB 250_178_2513,8,  -   ,2961711,370.213.875,AREA 1,SUMBAGTENG,BUKIT TINGGI,PT2,Telkom Akses,148,11. PT2/Batch 3,Prio September,NY Go Live,0,Y,y,20 Branch,#N/A,00. Propose Drop,,,,,,QE Repair Core,,,,,#N/A,,,,
12953425,SUMBAR JPP PT2 ODC FB 250_173_2505,8,  -   ,2961711,370.213.875,AREA 1,SUMBAGTENG,BUKIT TINGGI,PT2,Telkom Akses,149,11. PT2/Batch 3,Prio September,NY Go Live,0,Y,y,20 Branch,#N/A,00. Propose Drop,,,,,,QE Repair Core,,,,,#N/A,,,,
13003077,SMB-PT2LS-ODC-SIR-FB-250-170_2503,16,  -   ,3629131,2.268.206.875,AREA 1,SUMBAGTENG,BUKIT TINGGI,PT2,Telkom Akses,150,11. PT2/Batch 3,Prio September,NY Go Live,0,Y,y,20 Branch,#N/A,00. Propose Drop,,,,,,QE Repair Core,,,,,#N/A,,,,
13003098,SMB-PT2LS-ODC-SIR-FB-180_2512 - 176_2516,24,  -   ,5233546,2.180.644.167,AREA 1,SUMBAGTENG,BUKIT TINGGI,PT2,Telkom Akses,151,11. PT2/Batch 3,Prio September,NY Go Live,0,Y,y,20 Branch,#N/A,00. Propose Drop,,,,,,QE Repair Core,,,,,#N/A,,,,
13003121,SMB-PT2LS-ODC-SIR-FB-250-183_2509,16,  -   ,3629131,2.268.206.875,AREA 1,SUMBAGTENG,BUKIT TINGGI,PT2,Telkom Akses,152,11. PT2/Batch 3,Prio September,NY Go Live,0,Y,y,20 Branch,#N/A,00. Propose Drop,,,,,,QE Repair Core,,,,,#N/A,,,,
12938209,SUMBAR JPP PT2 ODC FD 250 22 2150,8,  -   ,2961711,370.213.875,AREA 1,SUMBAGTENG,BUKIT TINGGI,PT2,Telkom Akses,153,11. PT2/Batch 3,Prio September,NY Go Live,0,Y,y,20 Branch,#N/A,00. Propose Drop,,,,,,Core Feeder Habis,,,,,#N/A,,,,
12974518,SMB-PT2LS-ODC-SPE-FD-250_12_2140,16,  -   ,3629131,2.268.206.875,AREA 1,SUMBAGTENG,BUKIT TINGGI,PT2,Telkom Akses,154,11. PT2/Batch 3,Prio September,NY Go Live,0,Y,y,20 Branch,#N/A,00. Propose Drop,,,,,,Core Feeder Habis,,,,,#N/A,,,,
12974576,SMB-PT2LS-ODC-SPE-FD-21_2154 - 11_2150,32,  -   ,6837961,2.136.862.813,AREA 1,SUMBAGTENG,BUKIT TINGGI,PT2,Telkom Akses,155,11. PT2/Batch 3,Prio September,NY Go Live,0,Y,y,20 Branch,#N/A,00. Propose Drop,,,,,,Core Feeder Habis,,,,,#N/A,,,,
13069162,AOi42603280934329268cbce0,8,  -   ,2314700,"289337,5",AREA 1,SUMBAGTENG,DUMAI,PT2,Telkom Akses,1,12. PT2/Batch 4 UNTSEL,Prio September,NY Go Live,0,Y,y,20 Branch,#N/A,01. Persiapan,Ready,,,,,,,,,,#N/A,,,,
13109881,AOk4260410120829494ebe170,8,  -   ,1274741,159.342.625,AREA 1,SUMBAGTENG,BUKIT TINGGI,PT2,Telkom Akses,1,12. PT2/Batch 4 UNTSEL,Prio September,NY Go Live,0,Y,y,20 Branch,#N/A,00. Propose Drop,,,,,,Core Feeder Habis,,,,,#N/A,,,,
13068237,AOi426022401074925010a380,16,  -   ,1720071,1.075.044.375,AREA 1,SUMBAGTENG,DUMAI,PT2,Telkom Akses,2,12. PT2/Batch 4 UNTSEL,Prio September,NY Go Live,0,Y,y,20 Branch,#N/A,01. Persiapan,Ready,,,,,,,,,,#N/A,,,,
12992300,AOi4260121101647524345490,8,  -   ,1274741,159.342.625,AREA 1,SUMBAGTENG,BUKIT TINGGI,PT2,Telkom Akses,2,12. PT2/Batch 4 UNTSEL,Prio September,NY Go Live,0,Y,y,20 Branch,#N/A,00. Propose Drop,,,,,,Core Feeder Habis,,,,,#N/A,,,,
13086945,AOi4260410090751800db0f00,8,  -   ,1274741,159.342.625,AREA 1,SUMBAGTENG,BUKIT TINGGI,PT2,Telkom Akses,3,12. PT2/Batch 4 UNTSEL,Prio September,NY Go Live,0,Y,y,20 Branch,#N/A,00. Propose Drop,,,,,,Core Distribusi Habis,,,,,#N/A,,,,
12984404,DM-AOi4260207122202024f73080,8,  -   ,836713,104.589.125,AREA 1,SUMBAGTENG,DUMAI,PT2,Telkom Akses,4,12. PT2/Batch 4 UNTSEL,Prio September,NY Go Live,0,Y,y,20 Branch,#N/A,01. Persiapan,Ready,,,,,,,,,,#N/A,,,,
13034980,AOi4260314093038661db0f00,8,  -   ,1274741,159.342.625,AREA 1,SUMBAGTENG,BUKIT TINGGI,PT2,Telkom Akses,4,12. PT2/Batch 4 UNTSEL,Prio September,NY Go Live,0,Y,y,20 Branch,#N/A,00. Propose Drop,,,,,,Core Distribusi Habis,,,,,#N/A,,,,
13083688,AOk4260406095117975a40310,8,  -   ,2314700,"289337,5",AREA 1,SUMBAGTENG,DUMAI,PT2,Telkom Akses,5,12. PT2/Batch 4 UNTSEL,Prio September,NY Go Live,0,Y,y,20 Branch,#N/A,04. Finish Instalasi,Ready,,,,,,,,,,#N/A,,,,
13038786,AOs3260311022930788022d70,8,  -   ,1274741,159.342.625,AREA 1,SUMBAGTENG,BUKIT TINGGI,PT2,Telkom Akses,5,12. PT2/Batch 4 UNTSEL,Prio September,NY Go Live,0,Y,y,20 Branch,#N/A,00. Propose Drop,,,,,,Core Distribusi Habis,,,,,#N/A,,,,
13025764,AOi42602201149363504b52f0,8,  -   ,2314700,"289337,5",AREA 1,SUMBAGTENG,DUMAI,PT2,Telkom Akses,6,12. PT2/Batch 4 UNTSEL,Prio September,NY Go Live,0,Y,y,20 Branch,#N/A,00. Propose Drop,,,,,,Core Distribusi Habis,,,,,#N/A,,,,
12969335,SMB HEM PT2-PRS-FD SLB Arrahman,8,  -   ,12025845,1.503.230.625,AREA 1,SUMBAGTENG,BUKIT TINGGI,PT2,Telkom Akses,6,12. PT2/Batch 4 UNTSEL,Prio September,NY Go Live,0,Y,y,20 Branch,#N/A,01. Persiapan,Ready,,,,,,,,,,#N/A,,,,
12973081,AOi4260208033931248da8870,8,  -   ,2314700,"289337,5",AREA 1,SUMBAGTENG,DUMAI,PT2,Telkom Akses,7,12. PT2/Batch 4 UNTSEL,Prio September,NY Go Live,0,Y,y,20 Branch,#N/A,04. Finish Instalasi,Ready,,,,,,,,,,#N/A,,,,
12915609,AOi4261231030118714f62dc0,8,  -   ,1274741,159.342.625,AREA 1,SUMBAGTENG,BUKIT TINGGI,PT2,Telkom Akses,7,12. PT2/Batch 4 UNTSEL,Prio September,NY Go Live,0,Y,y,20 Branch,#N/A,00. Propose Drop,,,,,,QE Repair Core,,,,,#N/A,,,,
12969400,DM-AOk4260116165149190767b20,8,  -   ,2024717,253.089.625,AREA 1,SUMBAGTENG,BUKIT TINGGI,PT2,Telkom Akses,8,12. PT2/Batch 4 UNTSEL,Prio September,NY Go Live,0,Y,y,20 Branch,#N/A,00. Propose Drop,,,,,,Core Distribusi Habis,,,,,#N/A,,,,
12915203,AOi42512090221332418b5fc0,8,  -   ,2024716,"253089,5",AREA 1,SUMBAGTENG,BUKIT TINGGI,PT2,Telkom Akses,9,12. PT2/Batch 4 UNTSEL,Prio September,NY Go Live,0,Y,y,20 Branch,#N/A,00. Propose Drop,,,,,,Core Distribusi Habis,,,,,#N/A,,,,
12957354,AOi4260203012217833df2b40,8,  -   ,2024716,"253089,5",AREA 1,SUMBAGTENG,BUKIT TINGGI,PT2,Telkom Akses,10,12. PT2/Batch 4 UNTSEL,Prio September,NY Go Live,0,Y,y,20 Branch,#N/A,00. Propose Drop,,,,,,Core Distribusi Habis,,,,,#N/A,,,,
12917690,"12917690-PT2-LIN-FA-PANGIAN, LINTAU BUO,",8,  -   ,1274741,159.342.625,AREA 1,SUMBAGTENG,BUKIT TINGGI,PT2,Telkom Akses,11,12. PT2/Batch 4 UNTSEL,Prio September,NY Go Live,0,Y,y,20 Branch,#N/A,00. Propose Drop,,,,,,Core Distribusi Habis,,,,,#N/A,,,,
13109101,AOi426041605352422875ff70,8,  -   ,1274741,159.342.625,AREA 1,SUMBAGTENG,BUKIT TINGGI,PT2,Telkom Akses,17,12. PT2/Batch 4 UNTSEL,Prio September,NY Go Live,0,Y,y,20 Branch,#N/A,00. Propose Drop,,,,,,PT1 - Disolusikan Dengan Alpro Lain,,,,,#N/A,,,,
13066265,"13066265-PT2-BSK-FA-LIMO KAUM, LIMA KAUM",8,  -   ,1274741,159.342.625,AREA 1,SUMBAGTENG,BUKIT TINGGI,PT2,Telkom Akses,26,12. PT2/Batch 4 UNTSEL,Prio September,NY Go Live,0,Y,y,20 Branch,#N/A,00. Propose Drop,,,,,,PT1 - Disolusikan Dengan Alpro Lain,,,,,#N/A,,,,
13017285,AOi42603031207410764834a0,8,  -   ,1274741,159.342.625,AREA 1,SUMBAGTENG,BUKIT TINGGI,PT2,Telkom Akses,40,12. PT2/Batch 4 UNTSEL,Prio September,NY Go Live,0,Y,y,20 Branch,#N/A,00. Propose Drop,,,,,,PT1 - Disolusikan Dengan Alpro Lain,,,,,#N/A,,,,
12991355,AOi4260216060659950364360,8,  -   ,1274741,159.342.625,AREA 1,SUMBAGTENG,BUKIT TINGGI,PT2,Telkom Akses,45,12. PT2/Batch 4 UNTSEL,Prio September,NY Go Live,0,Y,y,20 Branch,#N/A,00. Propose Drop,,,,,,PT1 - Disolusikan Dengan Alpro Lain,,,,,#N/A,,,,
13035799,AOi42603081231183493a52e0,16,  -   ,1720071,1.075.044.375,AREA 1,SUMBAGTENG,DUMAI,PT2,Telkom Akses,45,12. PT2/Batch 4 UNTSEL,Prio September,NY Go Live,0,Y,y,20 Branch,#N/A,00. Propose Drop,,,,,,PT1 - Disolusikan Dengan Alpro Lain,,,,,#N/A,,,,
12979945,"12979945-PT2-BSK-FM-CUBADAK, LIMA KAUM,",8,  -   ,1274741,159.342.625,AREA 1,SUMBAGTENG,BUKIT TINGGI,PT2,Telkom Akses,47,12. PT2/Batch 4 UNTSEL,Prio September,NY Go Live,0,Y,y,20 Branch,#N/A,00. Propose Drop,,,,,,PT1 - Disolusikan Dengan Alpro Lain,,,,,#N/A,,,,
13051336,AOi426030602381357174cbb0,16,  -   ,1720071,1.075.044.375,AREA 1,SUMBAGTENG,DUMAI,PT2,Telkom Akses,47,12. PT2/Batch 4 UNTSEL,Prio September,NY Go Live,0,Y,y,20 Branch,#N/A,00. Propose Drop,,,,,,PT1 - Disolusikan Dengan Alpro Lain,,,,,#N/A,,,,
13045678,AOi4260217104723093f3ce80,16,  -   ,1720071,1.075.044.375,AREA 1,SUMBAGTENG,DUMAI,PT2,Telkom Akses,50,12. PT2/Batch 4 UNTSEL,Prio September,NY Go Live,0,Y,y,20 Branch,#N/A,00. Propose Drop,,,,,,PT1 - Disolusikan Dengan Alpro Lain,,,,,#N/A,,,,
12969540,DM-AOk426012417124822163b4c0,8,  -   ,2024717,253.089.625,AREA 1,SUMBAGTENG,BUKIT TINGGI,PT2,Telkom Akses,61,12. PT2/Batch 4 UNTSEL,Prio September,NY Go Live,0,Y,y,20 Branch,#N/A,00. Propose Drop,,,,,,Core Feeder Habis,,,,,#N/A,,,,
12972124,RDR DRI PT2 BRILINK A3CELULER,8,  -   ,2342972,"292871,5",AREA 1,SUMBAGTENG,DUMAI,PT2,Telkom Akses,61,12. PT2/Batch 4 UNTSEL,Prio September,NY Go Live,0,Y,y,20 Branch,#N/A,00. Propose Drop,,,,,,PT1 - Disolusikan Dengan Alpro Lain,,,,,#N/A,,,,
12915178,AOi42612310422539719bc900,8,  -   ,2024716,"253089,5",AREA 1,SUMBAGTENG,BUKIT TINGGI,PT2,Telkom Akses,64,12. PT2/Batch 4 UNTSEL,Prio September,NY Go Live,0,Y,y,20 Branch,#N/A,00. Propose Drop,,,,,,Core Feeder Habis,,,,,#N/A,,,,
12953357,"12953357-PT2-DRI-FM-AIR JAMBAN, MANDAU,",8,  -   ,2271999,283.999.875,AREA 1,SUMBAGTENG,DUMAI,PT2,Telkom Akses,64,12. PT2/Batch 4 UNTSEL,Prio September,NY Go Live,0,Y,y,20 Branch,#N/A,00. Propose Drop,,,,,,PT1 - Disolusikan Dengan Alpro Lain,,,,,#N/A,,,,
12935049,RDR DRI PT2 WD (WINDA HIJAB),8,  -   ,2314700,"289337,5",AREA 1,SUMBAGTENG,DUMAI,PT2,Telkom Akses,65,12. PT2/Batch 4 UNTSEL,Prio September,NY Go Live,0,Y,y,20 Branch,#N/A,00. Propose Drop,,,,,,PT1 - Disolusikan Dengan Alpro Lain,,,,,#N/A,,,,
12914981,AOi42512260430430651d9160,8,  -   ,1274741,159.342.625,AREA 1,SUMBAGTENG,BUKIT TINGGI,PT2,Telkom Akses,66,12. PT2/Batch 4 UNTSEL,Prio September,NY Go Live,0,Y,y,20 Branch,#N/A,00. Propose Drop,,,,,,Core Distribusi Habis,,,,,#N/A,,,,
13007035,DM-AOk4260305115344923609250,8,  -   ,1274741,159.342.625,AREA 1,SUMBAGTENG,BUKIT TINGGI,PT2,Telkom Akses,83,12. PT2/Batch 4 UNTSEL,Prio September,NY Go Live,0,Y,y,20 Branch,#N/A,00. Propose Drop,,,,,,Core Feeder Habis,,,,,#N/A,,,,
12979821,AOi42601120350353120a2e2,8,  -   ,1274741,159.342.625,AREA 1,SUMBAGTENG,BUKIT TINGGI,PT2,Telkom Akses,85,12. PT2/Batch 4 UNTSEL,Prio September,NY Go Live,0,Y,y,20 Branch,#N/A,00. Propose Drop,,,,,,PT1 - Disolusikan Dengan Alpro Lain,,,,,#N/A,,,,
12974201,DM-AOk4260218092728692adaeb0,8,  -   ,1274741,159.342.625,AREA 1,SUMBAGTENG,BUKIT TINGGI,PT2,Telkom Akses,90,12. PT2/Batch 4 UNTSEL,Prio September,NY Go Live,0,Y,y,20 Branch,#N/A,00. Propose Drop,,,,,,Core Feeder Habis,,,,,#N/A,,,,
12917672,SMB HEM SPX 2 X 11 ENAM LINGKUNG HUB,8,  -   ,2024716,"253089,5",AREA 1,SUMBAGTENG,BUKIT TINGGI,PT2,Telkom Akses,93,12. PT2/Batch 4 UNTSEL,Prio September,NY Go Live,0,Y,y,20 Branch,#N/A,00. Propose Drop,,,,,,PT1 - Disolusikan Dengan Alpro Lain,,,,,#N/A,,,,
11022939,"RDR JPP PT3 Jl. Bangun Sari, Bukit Timah",72,  -   ,72470112,1.006.529.333,AREA 1,SUMBAGTENG,DUMAI,PT2,Telkom Akses,108,12. PT2/Batch 4 UNTSEL,Prio September,NY Go Live,0,Y,y,20 Branch,#N/A,05. Go Live,Ready,,,,,,,,,,#N/A,,,,
13116936,RISKI IFRANDI,8,  -   ,2017411,252.176.375,AREA 1,SUMBAGTENG,DUMAI,PT2,Telkom Akses,133,12. PT2/Batch 4 UNTSEL,Prio September,NY Go Live,0,Y,y,20 Branch,#N/A,05. Go Live,Ready,,,,,,,,,,#N/A,,,,
13145133,SMB FBB PT2-BKT-FP 250_-149_2402,32,  -   ,6827759,2.133.674.688,AREA 1,SUMBAGTENG,BUKIT TINGGI,PT2,Telkom Akses,157,13. PT2/Batch 5,Prio September,NY Go Live,0,Y,y,20 Branch,#N/A,00. Propose Drop,,,,,,QE Repair Core,,,,,#N/A,,,,
12260576,SMB-PT2 LS ODC-BKT-FM,16,  -   ,5304998,331.562.375,AREA 1,SUMBAGTENG,BUKIT TINGGI,PT2,Telkom Akses,158,16. PT2/Batch 6 thp 1,Prio September,NY Go Live,0,Y,y,20 Branch,#N/A,01. Persiapan,Ready,,,,,,,,,,#N/A,,,,
12267533,SMB-PT2 LS ODC-BKT-FZ,16,  -   ,5304998,331.562.375,AREA 1,SUMBAGTENG,BUKIT TINGGI,PT2,Telkom Akses,159,16. PT2/Batch 6 thp 1,Prio September,NY Go Live,0,Y,y,20 Branch,#N/A,01. Persiapan,Ready,,,,,,,,,,#N/A,,,,
12140707,12140707,8,  -   ,709361,88.670.125,AREA 1,SUMBAGTENG,DUMAI,PT2,Telkom Akses,121,19. PT2/Batch 7 UNTSEL,Prio September,NY Go Live,0,Y,y,20 Branch,#N/A,05. Go Live,Ready,,,,,,,,,,#N/A,,,,
12188650,RDR TSEL PT2 TAK-FT-058 Expand 16,8,  -   ,928711,116.088.875,AREA 1,SUMBAGTENG,DUMAI,PT2,Telkom Akses,127,19. PT2/Batch 7 UNTSEL,Prio September,NY Go Live,0,Y,y,20 Branch,#N/A,05. Go Live,Ready,,,,,,,,,,#N/A,,,,
13186875,"13186875-PT2-BKN-FD-BANGKINANG, KAMPAR R",8,  -   ,709361,88.670.125,AREA 1,SUMBAGTENG,DUMAI,PT2,Telkom Akses,129,19. PT2/Batch 7 UNTSEL,Prio September,NY Go Live,0,Y,y,20 Branch,#N/A,05. Go Live,Ready,,,,,,,,,,#N/A,,,,
11459883,AOi42506160120593483b61f0,8,  -   ,2403402,"300425,25",AREA 1,SUMBAGTENG,DUMAI,PT2,Telkom Akses,131,19. PT2/Batch 7 UNTSEL,Prio September,NY Go Live,0,Y,y,20 Branch,#N/A,05. Go Live,Ready,,,,,,,,,,#N/A,,,,
13191612,"13191612-PT2-UBT-FM-KOTA LAMA, KUNTO DAR",8,  -   ,709361,88.670.125,AREA 1,SUMBAGTENG,DUMAI,PT2,Telkom Akses,132,19. PT2/Batch 7 UNTSEL,Prio September,NY Go Live,0,Y,y,20 Branch,#N/A,05. Go Live,Ready,,,,,,,,,,#N/A,,,,
12571351,SMB PT2 EXPAND ODP-SPE-FD-092,16,  -   ,3189378,199.336.125,AREA 1,SUMBAGTENG,BUKIT TINGGI,PT2,Telkom Akses,4,2. PT2/Batch 1,Prio September,NY Go Live,0,Y,y,20 Branch,#N/A,00. Propose Drop,,,,,,QE Repair Core,,,,,#N/A,,,,
12578816,SMB PT2 EXPAND ODP-SPE-FA-043,16,  -   ,3189378,199.336.125,AREA 1,SUMBAGTENG,BUKIT TINGGI,PT2,Telkom Akses,6,2. PT2/Batch 1,Prio September,NY Go Live,0,Y,y,20 Branch,#N/A,00. Propose Drop,,,,,,"Irisan Cleansing Port 2,3 Jt",,,,,#N/A,,,,
12579259,SMB PT2 EXPAND ODP-SPE-FA-063,16,  -   ,3189378,199.336.125,AREA 1,SUMBAGTENG,BUKIT TINGGI,PT2,Telkom Akses,9,2. PT2/Batch 1,Prio September,NY Go Live,0,Y,y,20 Branch,#N/A,00. Propose Drop,,,,,,"Irisan Cleansing Port 2,3 Jt",,,,,#N/A,,,,
12534230,SMB PT2 EXPAND ODP-PPJ-FF-028,16,  -   ,3189378,199.336.125,AREA 1,SUMBAGTENG,BUKIT TINGGI,PT2,Telkom Akses,14,2. PT2/Batch 1,Prio September,NY Go Live,0,Y,y,20 Branch,#N/A,00. Propose Drop,,,,,,QE Repair Core,,,,,#N/A,,,,
12523627,SMB PT2 EXPAND ODP-LBS-FB-004,16,  -   ,3189378,199.336.125,AREA 1,SUMBAGTENG,BUKIT TINGGI,PT2,Telkom Akses,21,2. PT2/Batch 1,Prio September,NY Go Live,0,Y,y,20 Branch,#N/A,00. Propose Drop,,,,,,"Irisan Cleansing Port 2,3 Jt",,,,,#N/A,,,,
12552198,SMB PT2 EXPAND ODP-LBS-FA-103,16,  -   ,3189378,199.336.125,AREA 1,SUMBAGTENG,BUKIT TINGGI,PT2,Telkom Akses,23,2. PT2/Batch 1,Prio September,NY Go Live,0,Y,y,20 Branch,#N/A,00. Propose Drop,,,,,,"Irisan Cleansing Port 2,3 Jt",,,,,#N/A,,,,
12552213,SMB PT2 EXPAND ODP-LBS-FA-21,16,  -   ,3189378,199.336.125,AREA 1,SUMBAGTENG,BUKIT TINGGI,PT2,Telkom Akses,24,2. PT2/Batch 1,Prio September,NY Go Live,0,Y,y,20 Branch,#N/A,00. Propose Drop,,,,,,QE Repair Core,,,,,#N/A,,,,
12552236,SMB PT2 EXPAND ODP-LBS-FD-001,16,  -   ,3189378,199.336.125,AREA 1,SUMBAGTENG,BUKIT TINGGI,PT2,Telkom Akses,27,2. PT2/Batch 1,Prio September,NY Go Live,0,Y,y,20 Branch,#N/A,00. Propose Drop,,,,,,"Irisan Cleansing Port 2,3 Jt",,,,,#N/A,,,,
12555613,SMB PT2 EXPAND ODP-LBS-FD-015,16,  -   ,3189378,199.336.125,AREA 1,SUMBAGTENG,BUKIT TINGGI,PT2,Telkom Akses,28,2. PT2/Batch 1,Prio September,NY Go Live,0,Y,y,20 Branch,#N/A,00. Propose Drop,,,,,,"Irisan Cleansing Port 2,3 Jt",,,,,#N/A,,,,
12305693,SMB PT2 EXPAND-ODP-LBS-FA-152,8,  -   ,458777,57.347.125,AREA 1,SUMBAGTENG,BUKIT TINGGI,PT2,Telkom Akses,29,2. PT2/Batch 1,Prio September,NY Go Live,0,Y,y,20 Branch,#N/A,01. Persiapan,Ready,,,,,,,,,,#N/A,,,,
12530161,SMB PT2 EXPAND ODP-PDJ-FB-001,16,  -   ,3189378,199.336.125,AREA 1,SUMBAGTENG,BUKIT TINGGI,PT2,Telkom Akses,43,2. PT2/Batch 1,Prio September,NY Go Live,0,Y,y,20 Branch,#N/A,00. Propose Drop,,,,,,"Irisan Cleansing Port 2,3 Jt",,,,,#N/A,,,,
12530222,SMB PT2 EXPAND ODP-PDJ-FB-002,16,  -   ,3189378,199.336.125,AREA 1,SUMBAGTENG,BUKIT TINGGI,PT2,Telkom Akses,44,2. PT2/Batch 1,Prio September,NY Go Live,0,Y,y,20 Branch,#N/A,00. Propose Drop,,,,,,"Irisan Cleansing Port 2,3 Jt",,,,,#N/A,,,,
12539699,SMB PT2 EXPAND ODP-PDJ-FA-095,16,  -   ,3189378,199.336.125,AREA 1,SUMBAGTENG,BUKIT TINGGI,PT2,Telkom Akses,46,2. PT2/Batch 1,Prio September,NY Go Live,0,Y,y,20 Branch,#N/A,00. Propose Drop,,,,,,QE Repair Core,,,,,#N/A,,,,
12539747,SMB PT2 EXPAND ODP-PDJ-FB-009,16,  -   ,3189378,199.336.125,AREA 1,SUMBAGTENG,BUKIT TINGGI,PT2,Telkom Akses,47,2. PT2/Batch 1,Prio September,NY Go Live,0,Y,y,20 Branch,#N/A,00. Propose Drop,,,,,,"Irisan Cleansing Port 2,3 Jt",,,,,#N/A,,,,
12539840,SMB PT2 EXPAND ODP-PDJ-FB-018,16,  -   ,3189378,199.336.125,AREA 1,SUMBAGTENG,BUKIT TINGGI,PT2,Telkom Akses,48,2. PT2/Batch 1,Prio September,NY Go Live,0,Y,y,20 Branch,#N/A,00. Propose Drop,,,,,,Core Distribusi Habis,,,,,#N/A,,,,
12539848,SMB PT2 EXPAND ODP-PDJ-FD-001,16,  -   ,3189378,199.336.125,AREA 1,SUMBAGTENG,BUKIT TINGGI,PT2,Telkom Akses,49,2. PT2/Batch 1,Prio September,NY Go Live,0,Y,y,20 Branch,#N/A,00. Propose Drop,,,,,,"Irisan Cleansing Port 2,3 Jt",,,,,#N/A,,,,
12539884,SMB PT2 EXPAND ODP-PDJ-FD-012,16,  -   ,3189378,199.336.125,AREA 1,SUMBAGTENG,BUKIT TINGGI,PT2,Telkom Akses,51,2. PT2/Batch 1,Prio September,NY Go Live,0,Y,y,20 Branch,#N/A,00. Propose Drop,,,,,,"Irisan Cleansing Port 2,3 Jt",,,,,#N/A,,,,
12539910,SMB PT2 EXPAND ODP-PDJ-FD-018,16,  -   ,3189378,199.336.125,AREA 1,SUMBAGTENG,BUKIT TINGGI,PT2,Telkom Akses,52,2. PT2/Batch 1,Prio September,NY Go Live,0,Y,y,20 Branch,#N/A,00. Propose Drop,,,,,,"Irisan Cleansing Port 2,3 Jt",,,,,#N/A,,,,
12540203,SMB PT2 EXPAND ODP-PDJ-FE-043,16,  -   ,3189378,199.336.125,AREA 1,SUMBAGTENG,BUKIT TINGGI,PT2,Telkom Akses,53,2. PT2/Batch 1,Prio September,NY Go Live,0,Y,y,20 Branch,#N/A,00. Propose Drop,,,,,,"Irisan Cleansing Port 2,3 Jt",,,,,#N/A,,,,
12556774,SMB PT2 EXPAND ODP-LIN-FA-004,16,  -   ,3189378,199.336.125,AREA 1,SUMBAGTENG,BUKIT TINGGI,PT2,Telkom Akses,57,2. PT2/Batch 1,Prio September,NY Go Live,0,Y,y,20 Branch,#N/A,00. Propose Drop,,,,,,"Irisan Cleansing Port 2,3 Jt",,,,,#N/A,,,,
12556788,SMB PT2 EXPAND ODP-LIN-FA-023,16,  -   ,3189378,199.336.125,AREA 1,SUMBAGTENG,BUKIT TINGGI,PT2,Telkom Akses,59,2. PT2/Batch 1,Prio September,NY Go Live,0,Y,y,20 Branch,#N/A,00. Propose Drop,,,,,,"Irisan Cleansing Port 2,3 Jt",,,,,#N/A,,,,
12556831,SMB PT2 EXPAND ODP-LIN-FB-030,16,  -   ,3189378,199.336.125,AREA 1,SUMBAGTENG,BUKIT TINGGI,PT2,Telkom Akses,62,2. PT2/Batch 1,Prio September,NY Go Live,0,Y,y,20 Branch,#N/A,00. Propose Drop,,,,,,"Irisan Cleansing Port 2,3 Jt",,,,,#N/A,,,,
12557994,SMB PT2 EXPAND ODP-LIN-FB-048,16,  -   ,3189378,199.336.125,AREA 1,SUMBAGTENG,BUKIT TINGGI,PT2,Telkom Akses,63,2. PT2/Batch 1,Prio September,NY Go Live,0,Y,y,20 Branch,#N/A,00. Propose Drop,Ready,,,,,"Irisan Cleansing Port 2,3 Jt",,,,,#N/A,,,,
12557930,SMB PT2 EXPAND ODP-LIN-FB-046,16,  -   ,3189378,199.336.125,AREA 1,SUMBAGTENG,BUKIT TINGGI,PT2,Telkom Akses,69,2. PT2/Batch 1,Prio September,NY Go Live,0,Y,y,20 Branch,#N/A,00. Propose Drop,Ready,,,,,"Irisan Cleansing Port 2,3 Jt",,,,,#N/A,,,,
12547073,SMB PT2 EXPAND ODP-PTI-FA-011,16,  -   ,3189378,199.336.125,AREA 1,SUMBAGTENG,BUKIT TINGGI,PT2,Telkom Akses,98,2. PT2/Batch 1,Prio September,NY Go Live,0,Y,y,20 Branch,#N/A,00. Propose Drop,,,,,,QE Repair Core,,,,,#N/A,,,,
12503209,SMB PT2 EXPAND-ODP-SUM-FA-018,16,  -   ,3189378,199.336.125,AREA 1,SUMBAGTENG,BUKIT TINGGI,PT2,Telkom Akses,99,2. PT2/Batch 1,Prio September,NY Go Live,0,Y,y,20 Branch,#N/A,00. Propose Drop,,,,,,"Irisan Cleansing Port 2,3 Jt",,,,,#N/A,,,,
12529200,SMB PT2 EXPAND ODP-BSO-FB-008,16,  -   ,3189378,199.336.125,AREA 1,SUMBAGTENG,BUKIT TINGGI,PT2,Telkom Akses,100,2. PT2/Batch 1,Prio September,NY Go Live,0,Y,y,20 Branch,#N/A,00. Propose Drop,,,,,,Kapasitas sudah 16,,,,,#N/A,,,,
12546427,SMB PT2 EXPAND ODP-BSO-FC-038,16,  -   ,3189378,199.336.125,AREA 1,SUMBAGTENG,BUKIT TINGGI,PT2,Telkom Akses,102,2. PT2/Batch 1,Prio September,NY Go Live,0,Y,y,20 Branch,#N/A,00. Propose Drop,,,,,,"Irisan Cleansing Port 2,3 Jt",,,,,#N/A,,,,
12521888,SMB PT2 EXPAND ODP-MIN-FB-011,16,  -   ,3189378,199.336.125,AREA 1,SUMBAGTENG,BUKIT TINGGI,PT2,Telkom Akses,108,2. PT2/Batch 1,Prio September,NY Go Live,0,Y,y,20 Branch,#N/A,00. Propose Drop,,,,,,"Irisan Cleansing Port 2,3 Jt",,,,,#N/A,,,,
12571854,SMB PT2 EXPAND ODP-TAP-FA-017,16,  -   ,3189378,199.336.125,AREA 1,SUMBAGTENG,BUKIT TINGGI,PT2,Telkom Akses,110,2. PT2/Batch 1,Prio September,NY Go Live,0,Y,y,20 Branch,#N/A,00. Propose Drop,,,,,,"Irisan Cleansing Port 2,3 Jt",,,,,#N/A,,,,
12572465,SMB PT2 EXPAND ODP-UGD-FA-033,16,  -   ,3189378,199.336.125,AREA 1,SUMBAGTENG,BUKIT TINGGI,PT2,Telkom Akses,111,2. PT2/Batch 1,Prio September,NY Go Live,0,Y,y,20 Branch,#N/A,00. Propose Drop,,,,,,"Irisan Cleansing Port 2,3 Jt",,,,,#N/A,,,,
12573532,SMB PT2 EXPAND ODP-UGD-FA-128,16,  -   ,3189378,199.336.125,AREA 1,SUMBAGTENG,BUKIT TINGGI,PT2,Telkom Akses,114,2. PT2/Batch 1,Prio September,NY Go Live,0,Y,y,20 Branch,#N/A,00. Propose Drop,Ready,,,,,"Irisan Cleansing Port 2,3 Jt",,,,,#N/A,,,,
12573547,SMB PT2 EXPAND ODP-UGD-FA-189,16,  -   ,3189378,199.336.125,AREA 1,SUMBAGTENG,BUKIT TINGGI,PT2,Telkom Akses,115,2. PT2/Batch 1,Prio September,NY Go Live,0,Y,y,20 Branch,#N/A,01. Persiapan,Ready,,,,,,,,,,#N/A,,,,
12046310,SMB-PT2-SPE-FE-PASAMAN BARAT_27841,16,  -   ,3629131,2.268.206.875,AREA 1,SUMBAGTENG,BUKIT TINGGI,PT2,Telkom Akses,117,2. PT2/Batch 1,Prio September,NY Go Live,0,Y,y,20 Branch,#N/A,00. Propose Drop,,,,,,Core Feeder Habis,,,,,#N/A,,,,
12046410,SMB-PT2-SPE-FD-PASAMAN BARAT_36915,24,  -   ,5233546,2.180.644.167,AREA 1,SUMBAGTENG,BUKIT TINGGI,PT2,Telkom Akses,118,2. PT2/Batch 1,Prio September,NY Go Live,0,Y,y,20 Branch,#N/A,00. Propose Drop,,,,,,Core Feeder Habis,,,,,#N/A,,,,
12046456,SMB-PT2-SPE-FG-PASAMAN BARAT_108641,16,  16 ,3629131,2.268.206.875,AREA 1,SUMBAGTENG,BUKIT TINGGI,PT2,Telkom Akses,119,2. PT2/Batch 1,Prio September,NY Go Live,0,Y,y,20 Branch,#N/A,05. Go Live,Ready,,,,,,,,,,#N/A,,,,
12046914,SMB-PT2-SPE-FD-250_9_2156,8,  8 ,2024716,"253089,5",AREA 1,SUMBAGTENG,BUKIT TINGGI,PT2,Telkom Akses,120,2. PT2/Batch 1,Prio September,NY Go Live,0,Y,y,20 Branch,#N/A,05. Go Live,Ready,,,,,,,,,,#N/A,,,,
12046948,SMB-PT2-SPE-FA-250_50_2164,16,  -   ,3629131,2.268.206.875,AREA 1,SUMBAGTENG,BUKIT TINGGI,PT2,Telkom Akses,121,2. PT2/Batch 1,Prio September,NY Go Live,0,Y,y,20 Branch,#N/A,00. Propose Drop,,,,,,Core Feeder Habis,,,,,#N/A,,,,
12046981,SMB-PT2-SPE-FD-250_15_2174,16,  -   ,3629131,2.268.206.875,AREA 1,SUMBAGTENG,BUKIT TINGGI,PT2,Telkom Akses,122,2. PT2/Batch 1,Prio September,NY Go Live,0,Y,y,20 Branch,#N/A,00. Propose Drop,,,,,,Core Feeder Habis,,,,,#N/A,,,,
11558117,AOi42505290140447531c4f20,8,  -   ,3330266,"416283,25",AREA 1,SUMBAGTENG,BUKIT TINGGI,PT2,Telkom Akses,123,2. PT2/Batch 1,Prio September,NY Go Live,0,Y,y,20 Branch,#N/A,00. Propose Drop,,,,,,Core Distribusi Habis,,,,,#N/A,,,,
12529011,RDR PT2 EXPAND ODP-TAK-FZ-001,16,  -   ,3189378,199.336.125,AREA 1,SUMBAGTENG,DUMAI,PT2,Telkom Akses,135,2. PT2/Batch 1,Prio September,NY Go Live,0,Y,y,20 Branch,#N/A,00. Propose Drop,,,,,,"Irisan Cleansing Port 2,3 Jt",,,,,#N/A,,,,
12529062,RDR PT2 EXPAND ODP-TAK-FX-037,16,  -   ,3189378,199.336.125,AREA 1,SUMBAGTENG,DUMAI,PT2,Telkom Akses,139,2. PT2/Batch 1,Prio September,NY Go Live,0,Y,y,20 Branch,#N/A,00. Propose Drop,,,,,,"Irisan Cleansing Port 2,3 Jt",,,,,#N/A,,,,
12529445,RDR PT2 EXPAND ODP-TAK-FAH-028,16,  -   ,3189378,199.336.125,AREA 1,SUMBAGTENG,DUMAI,PT2,Telkom Akses,150,2. PT2/Batch 1,Prio September,NY Go Live,0,Y,y,20 Branch,#N/A,00. Propose Drop,,,,,,QE Repair Core,,,,,#N/A,,,,
12529712,RDR PT2 EXPAND ODP-TAK-FAA-058,16,  -   ,3189378,199.336.125,AREA 1,SUMBAGTENG,DUMAI,PT2,Telkom Akses,157,2. PT2/Batch 1,Prio September,NY Go Live,0,Y,y,20 Branch,#N/A,00. Propose Drop,,,,,,QE Repair Core,,,,,#N/A,,,,
12530026,RDR PT2 EXPAND ODP-TAK-FAA-015,16,  -   ,3189378,199.336.125,AREA 1,SUMBAGTENG,DUMAI,PT2,Telkom Akses,165,2. PT2/Batch 1,Prio September,NY Go Live,0,Y,y,20 Branch,#N/A,00. Propose Drop,,,,,,"Irisan Cleansing Port 2,3 Jt",,,,,#N/A,,,,
13249857,ODP-RBB-FB/29,8,  -   ,1268712,158589,AREA 1,SUMBAGSEL,JAMBI,PT2,Telkom Akses,6,20. PT2/Batch 7 thp 2,Prio September,NY Go Live,0,Y,y,20 Branch,#N/A,00. Propose Drop,,,,,,QE Repair Core,,,,,#N/A,,,,
13249892,ODP-RBB-FB/35,8,  -   ,1268712,158589,AREA 1,SUMBAGSEL,JAMBI,PT2,Telkom Akses,7,20. PT2/Batch 7 thp 2,Prio September,NY Go Live,0,Y,y,20 Branch,#N/A,00. Propose Drop,,,,,,Masih ada Port Iddle,,,,,#N/A,,,,
13250620,ODP-SRJ-FS/72,8,  -   ,777056,97132,AREA 1,SUMBAGSEL,JAMBI,PT2,Telkom Akses,13,20. PT2/Batch 7 thp 2,Prio September,NY Go Live,0,Y,y,20 Branch,#N/A,00. Propose Drop,,,,,,"Irisan Cleansing Port 2,3 Jt",,,,,#N/A,,,,
13250682,ODP-TTJ-FA/142,8,  -   ,777056,97132,AREA 1,SUMBAGSEL,JAMBI,PT2,Telkom Akses,18,20. PT2/Batch 7 thp 2,Prio September,NY Go Live,0,Y,y,20 Branch,#N/A,00. Propose Drop,,,,,,QE Repair Core,,,,,#N/A,,,,
13250731,ODP-TTJ-FG/118,8,  -   ,777056,97132,AREA 1,SUMBAGSEL,JAMBI,PT2,Telkom Akses,20,20. PT2/Batch 7 thp 2,Prio September,NY Go Live,0,Y,y,20 Branch,#N/A,00. Propose Drop,Ready,,,,,"Irisan Cleansing Port 2,3 Jt",,,,,#N/A,,,,
13250799,ODP-TTJ-FB/29,8,  -   ,777056,97132,AREA 1,SUMBAGSEL,JAMBI,PT2,Telkom Akses,21,20. PT2/Batch 7 thp 2,Prio September,NY Go Live,0,Y,y,20 Branch,#N/A,01. Persiapan,Ready,,,,,,,,,,#N/A,,,,
13250162,ODP-MAB-FE/114,8,  -   ,777056,97132,AREA 1,SUMBAGSEL,JAMBI,PT2,Telkom Akses,22,20. PT2/Batch 7 thp 2,Prio September,NY Go Live,0,Y,y,20 Branch,#N/A,00. Propose Drop,,,,,,QE Repair Core,,,,,#N/A,,,,
13250121,ODP-BKO-FP/25,8,  -   ,777056,97132,AREA 1,SUMBAGSEL,JAMBI,PT2,Telkom Akses,23,20. PT2/Batch 7 thp 2,Prio September,NY Go Live,0,Y,y,20 Branch,#N/A,00. Propose Drop,,,,,,QE Repair Core,,,,,#N/A,,,,
13250678,ODP-TTJ-FA/103,8,  -   ,777056,97132,AREA 1,SUMBAGSEL,JAMBI,PT2,Telkom Akses,24,20. PT2/Batch 7 thp 2,Prio September,NY Go Live,0,Y,y,20 Branch,#N/A,00. Propose Drop,,,,,,QE Repair Core,,,,,#N/A,,,,
13250670,ODP-TTJ-FA/100,8,  -   ,777056,97132,AREA 1,SUMBAGSEL,JAMBI,PT2,Telkom Akses,25,20. PT2/Batch 7 thp 2,Prio September,NY Go Live,0,Y,y,20 Branch,#N/A,00. Propose Drop,,,,,,"Irisan Cleansing Port 2,3 Jt",,,,,#N/A,,,,
13250308,ODP-SPN-FQ/104,8,  -   ,777056,97132,AREA 1,SUMBAGSEL,JAMBI,PT2,Telkom Akses,26,20. PT2/Batch 7 thp 2,Prio September,NY Go Live,0,Y,y,20 Branch,#N/A,00. Propose Drop,,,,,,QE Repair Core,,,,,#N/A,,,,
13249650,ODP-MAB-FE/54,8,  -   ,1268712,158589,AREA 1,SUMBAGSEL,JAMBI,PT2,Telkom Akses,27,20. PT2/Batch 7 thp 2,Prio September,NY Go Live,0,Y,y,20 Branch,#N/A,01. Persiapan,Ready,,,,,,,,,,#N/A,,,,
13244913,ODP-LBS-FD/014,8,  -   ,604704,75588,AREA 1,SUMBAGTENG,BUKIT TINGGI,PT2,Telkom Akses,32,20. PT2/Batch 7 thp 2,Prio September,NY Go Live,0,Y,y,20 Branch,#N/A,00. Propose Drop,Ready,,,,,"Irisan Cleansing Port 2,3 Jt",,,,,#N/A,,,,
13244930,ODP-LBS-FB/068,8,  -   ,604704,75588,AREA 1,SUMBAGTENG,BUKIT TINGGI,PT2,Telkom Akses,33,20. PT2/Batch 7 thp 2,Prio September,NY Go Live,0,Y,y,20 Branch,#N/A,01. Persiapan,Ready,,,,,,,,,,#N/A,,,,
13245211,ODP-LBS-FD/137,8,  -   ,604704,75588,AREA 1,SUMBAGTENG,BUKIT TINGGI,PT2,Telkom Akses,35,20. PT2/Batch 7 thp 2,Prio September,NY Go Live,0,Y,y,20 Branch,#N/A,01. Persiapan,Ready,,,,,,,,,,#N/A,,,,
13245224,ODP-LBS-FC/023,8,  -   ,604704,75588,AREA 1,SUMBAGTENG,BUKIT TINGGI,PT2,Telkom Akses,36,20. PT2/Batch 7 thp 2,Prio September,NY Go Live,0,Y,y,20 Branch,#N/A,00. Propose Drop,Ready,,,,,"Irisan Cleansing Port 2,3 Jt",,,,,#N/A,,,,
13245400,ODP-LBS-FC/020,8,  -   ,604704,75588,AREA 1,SUMBAGTENG,BUKIT TINGGI,PT2,Telkom Akses,37,20. PT2/Batch 7 thp 2,Prio September,NY Go Live,0,Y,y,20 Branch,#N/A,01. Persiapan,Ready,,,,,,,,,,#N/A,,,,
13244855,ODP-LBS-FA/12,8,  -   ,1268712,158589,AREA 1,SUMBAGTENG,BUKIT TINGGI,PT2,Telkom Akses,42,20. PT2/Batch 7 thp 2,Prio September,NY Go Live,0,Y,y,20 Branch,#N/A,00. Propose Drop,Ready,,,,,"Irisan Cleansing Port 2,3 Jt",,,,,#N/A,,,,
13245619,ODP-LIN-FC/033,8,  -   ,604704,75588,AREA 1,SUMBAGTENG,BUKIT TINGGI,PT2,Telkom Akses,54,20. PT2/Batch 7 thp 2,Prio September,NY Go Live,0,Y,y,20 Branch,#N/A,00. Propose Drop,Ready,,,,,"Irisan Cleansing Port 2,3 Jt",,,,,#N/A,,,,
13245654,ODP-LIN-FC/038,8,  -   ,604704,75588,AREA 1,SUMBAGTENG,BUKIT TINGGI,PT2,Telkom Akses,55,20. PT2/Batch 7 thp 2,Prio September,NY Go Live,0,Y,y,20 Branch,#N/A,00. Propose Drop,Ready,,,,,"Irisan Cleansing Port 2,3 Jt",,,,,#N/A,,,,
13245730,ODP-LIN-FA/048,8,  -   ,604704,75588,AREA 1,SUMBAGTENG,BUKIT TINGGI,PT2,Telkom Akses,74,20. PT2/Batch 7 thp 2,Prio September,NY Go Live,0,Y,y,20 Branch,#N/A,00. Propose Drop,Ready,,,,,"Irisan Cleansing Port 2,3 Jt",,,,,#N/A,,,,
13246001,ODP-LIN-FC/119,8,  -   ,777056,97132,AREA 1,SUMBAGTENG,BUKIT TINGGI,PT2,Telkom Akses,79,20. PT2/Batch 7 thp 2,Prio September,NY Go Live,0,Y,y,20 Branch,#N/A,01. Persiapan,Ready,,,,,,,,,,#N/A,,,,
13246010,ODP-LIN-FC/117,8,  -   ,777056,97132,AREA 1,SUMBAGTENG,BUKIT TINGGI,PT2,Telkom Akses,80,20. PT2/Batch 7 thp 2,Prio September,NY Go Live,0,Y,y,20 Branch,#N/A,01. Persiapan,Ready,,,,,,,,,,#N/A,,,,
13245524,ODP-LIN-FC/001,8,  -   ,1268712,158589,AREA 1,SUMBAGTENG,BUKIT TINGGI,PT2,Telkom Akses,83,20. PT2/Batch 7 thp 2,Prio September,NY Go Live,0,Y,y,20 Branch,#N/A,01. Persiapan,Ready,,,,,,,,,,#N/A,,,,
13245511,ODP-LIN-FA/002,8,  -   ,604704,75588,AREA 1,SUMBAGTENG,BUKIT TINGGI,PT2,Telkom Akses,84,20. PT2/Batch 7 thp 2,Prio September,NY Go Live,0,Y,y,20 Branch,#N/A,00. Propose Drop,Ready,,,,,"Irisan Cleansing Port 2,3 Jt",,,,,#N/A,,,,
13245468,ODP-LIN-FA/010,8,  -   ,604704,75588,AREA 1,SUMBAGTENG,BUKIT TINGGI,PT2,Telkom Akses,85,20. PT2/Batch 7 thp 2,Prio September,NY Go Live,0,Y,y,20 Branch,#N/A,00. Propose Drop,Ready,,,,,"Irisan Cleansing Port 2,3 Jt",,,,,#N/A,,,,
13247611,ODP-SPE-FA/020,8,  -   ,653761,81.720.125,AREA 1,SUMBAGTENG,BUKIT TINGGI,PT2,Telkom Akses,127,20. PT2/Batch 7 thp 2,Prio September,NY Go Live,0,Y,y,20 Branch,#N/A,00. Propose Drop,,,,,,"Irisan Cleansing Port 2,3 Jt",,,,,#N/A,,,,
13245264,ODP-PPJ-FH/008,8,  -   ,604704,75588,AREA 1,SUMBAGTENG,BUKIT TINGGI,PT2,Telkom Akses,161,20. PT2/Batch 7 thp 2,Prio September,NY Go Live,0,Y,y,20 Branch,#N/A,00. Propose Drop,Ready,,,,,"Irisan Cleansing Port 2,3 Jt",,,,,#N/A,,,,
13245548,ODP-PPJ-FD/007,8,  -   ,604704,75588,AREA 1,SUMBAGTENG,BUKIT TINGGI,PT2,Telkom Akses,166,20. PT2/Batch 7 thp 2,Prio September,NY Go Live,0,Y,y,20 Branch,#N/A,00. Propose Drop,Ready,,,,,"Irisan Cleansing Port 2,3 Jt",,,,,#N/A,,,,
13245476,ODP-PPJ-FD/017,8,  -   ,604704,75588,AREA 1,SUMBAGTENG,BUKIT TINGGI,PT2,Telkom Akses,167,20. PT2/Batch 7 thp 2,Prio September,NY Go Live,0,Y,y,20 Branch,#N/A,01. Persiapan,Ready,,,,,,,,,,#N/A,,,,
13245574,ODP-PPJ-FH/040,8,  -   ,604704,75588,AREA 1,SUMBAGTENG,BUKIT TINGGI,PT2,Telkom Akses,171,20. PT2/Batch 7 thp 2,Prio September,NY Go Live,0,Y,y,20 Branch,#N/A,01. Persiapan,Ready,,,,,,,,,,#N/A,,,,
13245671,ODP-PPJ-FH/048,8,  -   ,604704,75588,AREA 1,SUMBAGTENG,BUKIT TINGGI,PT2,Telkom Akses,172,20. PT2/Batch 7 thp 2,Prio September,NY Go Live,0,Y,y,20 Branch,#N/A,01. Persiapan,Ready,,,,,,,,,,#N/A,,,,
13245686,ODP-PPJ-FL/002,8,  -   ,604704,75588,AREA 1,SUMBAGTENG,BUKIT TINGGI,PT2,Telkom Akses,174,20. PT2/Batch 7 thp 2,Prio September,NY Go Live,0,Y,y,20 Branch,#N/A,00. Propose Drop,Ready,,,,,"Irisan Cleansing Port 2,3 Jt",,,,,#N/A,,,,
12571188,SMB PT2 EXPAND ODP-SPE-FC-064,16,  8 ,3189378,199.336.125,AREA 1,SUMBAGTENG,BUKIT TINGGI,PT2,Telkom Akses,1005,2. PT2/Batch 1,Prio Agustus,NY Go Live,0,Y,y,20 Branch,PT2,05. Go Live,Ready,,,,,,,,,,#N/A,,,,
12571184,SMB PT2 EXPAND ODP-SPE-FC-052,16,  8 ,3189378,199.336.125,AREA 1,SUMBAGTENG,BUKIT TINGGI,PT2,Telkom Akses,1004,2. PT2/Batch 1,Prio Agustus,NY Go Live,0,Y,y,20 Branch,PT2,05. Go Live,Ready,,,,,,,,,,#N/A,,,,
12571175,SMB PT2 EXPAND ODP-SPE-FB-134,16,  8 ,3189378,199.336.125,AREA 1,SUMBAGTENG,BUKIT TINGGI,PT2,Telkom Akses,1000,2. PT2/Batch 1,Prio Agustus,NY Go Live,0,Y,y,20 Branch,PT2,05. Go Live,Ready,,,,,,,,,,#N/A,,,,
12547299,SMB PT2 EXPAND ODP-SPE-FA-001,16,  -   ,3189378,199.336.125,AREA 1,SUMBAGTENG,BUKIT TINGGI,PT2,Telkom Akses,996,2. PT2/Batch 1,Prio Agustus,NY Go Live,0,Y,y,20 Branch,PT2,00. Propose Drop,,,,,,QE Repair Core,,,,,#N/A,,,,
13247622,ODP-SPE-FC/016,8,  -   ,653761,81.720.125,AREA 1,SUMBAGTENG,BUKIT TINGGI,PT2,Telkom Akses,986,20. PT2/Batch 7,Prio Agustus,NY Go Live,0,Y,y,20 Branch,PT2,00. Propose Drop,,,,,,"Irisan Cleansing Port 2,3 Jt",,,,,#N/A,,,,
13250095,ODP-SPE-FD/039,8,  8 ,777056,97132,AREA 1,SUMBAGTENG,BUKIT TINGGI,PT2,Telkom Akses,979,20. PT2/Batch 7,Prio Agustus,NY Go Live,0,Y,y,20 Branch,PT2,05. Go Live,Ready,,,,,,,,,,#N/A,,,,
13250140,ODP-SPE-FD/016,8,  8 ,777056,97132,AREA 1,SUMBAGTENG,BUKIT TINGGI,PT2,Telkom Akses,975,20. PT2/Batch 7,Prio Agustus,NY Go Live,0,Y,y,20 Branch,PT2,05. Go Live,Ready,,,,,,,,,,#N/A,,,,
13250188,ODP-SPE-FD/002,8,  -   ,777056,97132,AREA 1,SUMBAGTENG,BUKIT TINGGI,PT2,Telkom Akses,974,20. PT2/Batch 7,Prio Agustus,NY Go Live,0,Y,y,20 Branch,PT2,00. Propose Drop,,,,,,"Irisan Cleansing Port 2,3 Jt",,,,,#N/A,,,,
13252537,ODP-SPE-FB/077,8,  8 ,777056,97132,AREA 1,SUMBAGTENG,BUKIT TINGGI,PT2,Telkom Akses,962,20. PT2/Batch 7,Prio Agustus,NY Go Live,0,Y,y,20 Branch,PT2,05. Go Live,Ready,,,,,,,,,,#N/A,,,,
13252542,ODP-SPE-FB/075,8,  8 ,777056,97132,AREA 1,SUMBAGTENG,BUKIT TINGGI,PT2,Telkom Akses,961,20. PT2/Batch 7,Prio Agustus,NY Go Live,0,Y,y,20 Branch,PT2,05. Go Live,Ready,,,,,,,,,,#N/A,,,,
13252164,ODP-SPE-FD/185,8,  -   ,777056,97132,AREA 1,SUMBAGTENG,BUKIT TINGGI,PT2,Telkom Akses,946,20. PT2/Batch 7,Prio Agustus,NY Go Live,0,Y,y,20 Branch,PT2,00. Propose Drop,,,,,,QE Repair Core,,,,,#N/A,,,,
13252124,ODP-SPE-FD/172,8,  -   ,777056,97132,AREA 1,SUMBAGTENG,BUKIT TINGGI,PT2,Telkom Akses,942,20. PT2/Batch 7,Prio Agustus,NY Go Live,0,Y,y,20 Branch,PT2,00. Propose Drop,,,,,,"Irisan Cleansing Port 2,3 Jt",,,,,#N/A,,,,
13252123,ODP-SPE-FD/174,8,  -   ,777056,97132,AREA 1,SUMBAGTENG,BUKIT TINGGI,PT2,Telkom Akses,941,20. PT2/Batch 7,Prio Agustus,NY Go Live,0,Y,y,20 Branch,PT2,00. Propose Drop,,,,,,QE Repair Core,,,,,#N/A,,,,
13248141,ODP-SCC-FC/024,8,  8 ,653761,81.720.125,AREA 1,SUMBAGTENG,BUKIT TINGGI,PT2,Telkom Akses,939,20. PT2/Batch 7,Prio Agustus,NY Go Live,0,Y,y,20 Branch,PT2,05. Go Live,Ready,,,,,,,,,,#N/A,,,,
13245870,ODP-BKT-FN/046,8,  -   ,604704,75588,AREA 1,SUMBAGTENG,BUKIT TINGGI,PT2,Telkom Akses,938,20. PT2/Batch 7,Prio Agustus,NY Go Live,0,Y,y,20 Branch,PT2,00. Propose Drop,,,,,,QE Repair Core,,,,,#N/A,,,,
12581016,SMB PT2 EXPAND ODP-SIR-FB-060,16,  8 ,3189378,199.336.125,AREA 1,SUMBAGTENG,BUKIT TINGGI,PT2,Telkom Akses,936,2. PT2/Batch 1,Prio Agustus,NY Go Live,0,Y,y,20 Branch,PT2,05. Go Live,Ready,,,,,,,,,,#N/A,,,,
12258484,SMB PT2 EXPAND ODP-SIR-FA-007,8,  -   ,458777,57.347.125,AREA 1,SUMBAGTENG,BUKIT TINGGI,PT2,Telkom Akses,935,2. PT2/Batch 1,Prio Agustus,NY Go Live,0,Y,y,20 Branch,PT2,00. Propose Drop,,,,,,"Irisan Cleansing Port 2,3 Jt",,,,,#N/A,,,,
12581397,SMB PT2 EXPAND ODP-SIR-FB-027,16,  8 ,3189378,199.336.125,AREA 1,SUMBAGTENG,BUKIT TINGGI,PT2,Telkom Akses,930,2. PT2/Batch 1,Prio Agustus,NY Go Live,0,Y,y,20 Branch,PT2,05. Go Live,Ready,,,,,,,,,,#N/A,,,,
12580889,SMB PT2 EXPAND ODP-SIR-FB-077,16,  8 ,3189378,199.336.125,AREA 1,SUMBAGTENG,BUKIT TINGGI,PT2,Telkom Akses,923,2. PT2/Batch 1,Prio Agustus,NY Go Live,0,Y,y,20 Branch,PT2,05. Go Live,Ready,,,,,,,,,,#N/A,,,,
12580847,SMB PT2 EXPAND ODP-SIR-FB-083,16,  -   ,3189378,199.336.125,AREA 1,SUMBAGTENG,BUKIT TINGGI,PT2,Telkom Akses,922,2. PT2/Batch 1,Prio Agustus,NY Go Live,0,Y,y,20 Branch,PT2,00. Propose Drop,,,,,,"Irisan Cleansing Port 2,3 Jt",,,,,#N/A,,,,
12555973,SMB PT2 EXPAND ODP-SIR-FA-013,16,  8 ,3189378,199.336.125,AREA 1,SUMBAGTENG,BUKIT TINGGI,PT2,Telkom Akses,921,2. PT2/Batch 1,Prio Agustus,NY Go Live,0,Y,y,20 Branch,PT2,05. Go Live,Ready,,,,,,,,,,#N/A,,,,
12258488,SMB PT2 EXPAND ODP-SIR-FB-019,8,  -   ,458777,57.347.125,AREA 1,SUMBAGTENG,BUKIT TINGGI,PT2,Telkom Akses,917,2. PT2/Batch 1,Prio Agustus,NY Go Live,0,Y,y,20 Branch,PT2,00. Propose Drop,,,,,,"Irisan Cleansing Port 2,3 Jt",,,,,#N/A,,,,
13248407,ODP-BKT-FX/003,8,  8 ,653761,81.720.125,AREA 1,SUMBAGTENG,BUKIT TINGGI,PT2,Telkom Akses,914,20. PT2/Batch 7,Prio Agustus,NY Go Live,0,Y,y,20 Branch,PT2,05. Go Live,Ready,,,,,,,,,,#N/A,,,,
13262380,ODP-BKT-FP/024,8,  -   ,777056,97132,AREA 1,SUMBAGTENG,BUKIT TINGGI,PT2,Telkom Akses,911,20. PT2/Batch 7,Prio Agustus,NY Go Live,0,Y,y,20 Branch,PT2,00. Propose Drop,,,,,,"Irisan Cleansing Port 2,3 Jt",,,,,#N/A,,,,
13253542,ODP-SPE-FD/159,8,  -   ,777056,97132,AREA 1,SUMBAGTENG,BUKIT TINGGI,PT2,Telkom Akses,906,20. PT2/Batch 7,Prio Agustus,NY Go Live,0,Y,y,20 Branch,PT2,00. Propose Drop,,,,,,"Irisan Cleansing Port 2,3 Jt",,,,,#N/A,,,,
13247989,ODP-SIR-FB/067,8,  -   ,653761,81.720.125,AREA 1,SUMBAGTENG,BUKIT TINGGI,PT2,Telkom Akses,897,20. PT2/Batch 7,Prio Agustus,NY Go Live,0,Y,y,20 Branch,PT2,00. Propose Drop,,,,,,"Irisan Cleansing Port 2,3 Jt",,,,,#N/A,,,,
13247978,ODP-SIR-FB/068,8,  -   ,653761,81.720.125,AREA 1,SUMBAGTENG,BUKIT TINGGI,PT2,Telkom Akses,896,20. PT2/Batch 7,Prio Agustus,NY Go Live,0,Y,y,20 Branch,PT2,00. Propose Drop,,,,,,"Irisan Cleansing Port 2,3 Jt",,,,,#N/A,,,,
12555294,SMB PT2 EXPAND ODP-SCC-FG-032,16,  8 ,3189378,199.336.125,AREA 1,SUMBAGTENG,BUKIT TINGGI,PT2,Telkom Akses,889,2. PT2/Batch 1,Prio Agustus,NY Go Live,0,Y,y,20 Branch,PT2,05. Go Live,Ready,,,,,,,,,,#N/A,,,,
12555281,SMB PT2 EXPAND ODP-SCC-FG-030,16,  -   ,3189378,199.336.125,AREA 1,SUMBAGTENG,BUKIT TINGGI,PT2,Telkom Akses,888,2. PT2/Batch 1,Prio Agustus,NY Go Live,0,Y,y,20 Branch,PT2,00. Propose Drop,,,,,,"Irisan Cleansing Port 2,3 Jt",,,,,#N/A,,,,
12554982,SMB PT2 EXPAND ODP-SCC-FF-010,16,  -   ,3189378,199.336.125,AREA 1,SUMBAGTENG,BUKIT TINGGI,PT2,Telkom Akses,885,2. PT2/Batch 1,Prio Agustus,NY Go Live,0,Y,y,20 Branch,PT2,00. Propose Drop,,,,,,QE Repair Core,,,,,#N/A,,,,
12554974,SMB PT2 EXPAND ODP-SCC-FF-009,16,  -   ,3189378,199.336.125,AREA 1,SUMBAGTENG,BUKIT TINGGI,PT2,Telkom Akses,884,2. PT2/Batch 1,Prio Agustus,NY Go Live,0,Y,y,20 Branch,PT2,00. Propose Drop,,,,,,QE Repair Core,,,,,#N/A,,,,
12554903,SMB PT2 EXPAND ODP-SCC-FF-001,16,  -   ,3189378,199.336.125,AREA 1,SUMBAGTENG,BUKIT TINGGI,PT2,Telkom Akses,883,2. PT2/Batch 1,Prio Agustus,NY Go Live,0,Y,y,20 Branch,PT2,00. Propose Drop,,,,,,"Irisan Cleansing Port 2,3 Jt",,,,,#N/A,,,,
12554532,SMB PT2 EXPAND ODP-SCC-FA-042,16,  8 ,3189378,199.336.125,AREA 1,SUMBAGTENG,BUKIT TINGGI,PT2,Telkom Akses,875,2. PT2/Batch 1,Prio Agustus,NY Go Live,0,Y,y,20 Branch,PT2,00. Propose Drop,,,,,,"Irisan Cleansing Port 2,3 Jt",,,,,#N/A,,,,
12554516,SMB PT2 EXPAND ODP-SCC-FA-032,16,  -   ,3189378,199.336.125,AREA 1,SUMBAGTENG,BUKIT TINGGI,PT2,Telkom Akses,873,2. PT2/Batch 1,Prio Agustus,NY Go Live,0,Y,y,20 Branch,PT2,00. Propose Drop,,,,,,QE Repair Core,,,,,#N/A,,,,
12554513,SMB PT2 EXPAND ODP-SCC-FA-028,16,  -   ,3189378,199.336.125,AREA 1,SUMBAGTENG,BUKIT TINGGI,PT2,Telkom Akses,872,2. PT2/Batch 1,Prio Agustus,NY Go Live,0,Y,y,20 Branch,PT2,00. Propose Drop,,,,,,QE Repair Core,,,,,#N/A,,,,
12554490,SMB PT2 EXPAND ODP-SCC-FA-020,16,  -   ,3189378,199.336.125,AREA 1,SUMBAGTENG,BUKIT TINGGI,PT2,Telkom Akses,868,2. PT2/Batch 1,Prio Agustus,NY Go Live,0,Y,y,20 Branch,PT2,00. Propose Drop,,,,,,"Irisan Cleansing Port 2,3 Jt",,,,,#N/A,,,,
12548392,SMB PT2 EXPAND ODP-SCC-FA-008,16,  8 ,3189378,199.336.125,AREA 1,SUMBAGTENG,BUKIT TINGGI,PT2,Telkom Akses,865,2. PT2/Batch 1,Prio Agustus,NY Go Live,0,Y,y,20 Branch,PT2,00. Propose Drop,,,,,,QE Repair Core,,,,,#N/A,,,,
12504580,SMB PT2 EXPAND ODP-SCC-FA-018,16,  -   ,3189378,199.336.125,AREA 1,SUMBAGTENG,BUKIT TINGGI,PT2,Telkom Akses,863,2. PT2/Batch 1,Prio Agustus,NY Go Live,0,Y,y,20 Branch,PT2,00. Propose Drop,,,,,,"Irisan Cleansing Port 2,3 Jt",,,,,#N/A,,,,
13253053,ODP-SPE-FB/215,8,  -   ,1268712,158589,AREA 1,SUMBAGTENG,BUKIT TINGGI,PT2,Telkom Akses,859,20. PT2/Batch 7,Prio Agustus,NY Go Live,0,Y,y,20 Branch,PT2,00. Propose Drop,,,,,,Kapasitas sudah 16,,,,,#N/A,,,,
13252464,ODP-SPE-FE/052,8,  -   ,777056,97132,AREA 1,SUMBAGTENG,BUKIT TINGGI,PT2,Telkom Akses,849,20. PT2/Batch 7,Prio Agustus,NY Go Live,0,Y,y,20 Branch,PT2,00. Propose Drop,,,,,,"Irisan Cleansing Port 2,3 Jt",,,,,#N/A,,,,
13252411,ODP-SPE-FE/048,8,  -   ,777056,97132,AREA 1,SUMBAGTENG,BUKIT TINGGI,PT2,Telkom Akses,844,20. PT2/Batch 7,Prio Agustus,NY Go Live,0,Y,y,20 Branch,PT2,00. Propose Drop,,,,,,"Irisan Cleansing Port 2,3 Jt",,,,,#N/A,,,,
13245780,ODP-BKT-FP/095,8,  -   ,604704,75588,AREA 1,SUMBAGTENG,BUKIT TINGGI,PT2,Telkom Akses,835,20. PT2/Batch 7,Prio Agustus,NY Go Live,0,Y,y,20 Branch,PT2,00. Propose Drop,,,,,,"Irisan Cleansing Port 2,3 Jt",,,,,#N/A,,,,
13252795,ODP-SIR-FB/084,8,  -   ,777056,97132,AREA 1,SUMBAGTENG,BUKIT TINGGI,PT2,Telkom Akses,828,20. PT2/Batch 7,Prio Agustus,NY Go Live,0,Y,y,20 Branch,PT2,00. Propose Drop,,,,,,"Irisan Cleansing Port 2,3 Jt",,,,,#N/A,,,,
13253046,ODP-SPE-FB/173,8,  -   ,653761,81.720.125,AREA 1,SUMBAGTENG,BUKIT TINGGI,PT2,Telkom Akses,826,20. PT2/Batch 7,Prio Agustus,NY Go Live,0,Y,y,20 Branch,PT2,00. Propose Drop,,,,,,QE Repair Core,,,,,#N/A,,,,
13253038,ODP-SPE-FB/178,8,  -   ,653761,81.720.125,AREA 1,SUMBAGTENG,BUKIT TINGGI,PT2,Telkom Akses,823,20. PT2/Batch 7,Prio Agustus,NY Go Live,0,Y,y,20 Branch,PT2,00. Propose Drop,,,,,,Kapasitas sudah 16,,,,,#N/A,,,,
13252546,ODP-SIR-FB/037,8,  -   ,777056,97132,AREA 1,SUMBAGTENG,BUKIT TINGGI,PT2,Telkom Akses,810,20. PT2/Batch 7,Prio Agustus,NY Go Live,0,Y,y,20 Branch,PT2,00. Propose Drop,,,,,,"Irisan Cleansing Port 2,3 Jt",,,,,#N/A,,,,
13252864,ODP-SPE-FF/020,8,  -   ,653761,81.720.125,AREA 1,SUMBAGTENG,BUKIT TINGGI,PT2,Telkom Akses,808,20. PT2/Batch 7,Prio Agustus,NY Go Live,0,Y,y,20 Branch,PT2,00. Propose Drop,,,,,,QE Repair Core,,,,,#N/A,,,,
13248002,ODP-SCC-FB/031,8,  8 ,653761,81.720.125,AREA 1,SUMBAGTENG,BUKIT TINGGI,PT2,Telkom Akses,798,20. PT2/Batch 7,Prio Agustus,NY Go Live,0,Y,y,20 Branch,PT2,05. Go Live,Ready,,,,,,,,,,#N/A,,,,
13249351,ODP-BKT-FM/021,8,  -   ,653761,81.720.125,AREA 1,SUMBAGTENG,BUKIT TINGGI,PT2,Telkom Akses,795,20. PT2/Batch 7,Prio Agustus,NY Go Live,0,Y,y,20 Branch,PT2,00. Propose Drop,,,,,,"Irisan Cleansing Port 2,3 Jt",,,,,#N/A,,,,
13246355,ODP-BSK-FN/086,8,  -   ,604704,75588,AREA 1,SUMBAGTENG,BUKIT TINGGI,PT2,Telkom Akses,785,20. PT2/Batch 7,Prio Agustus,NY Go Live,0,Y,y,20 Branch,PT2,00. Propose Drop,,,,,,QE Repair Core,,,,,#N/A,,,,
13252911,ODP-SPE-FB/147,8,  8 ,777056,97132,AREA 1,SUMBAGTENG,BUKIT TINGGI,PT2,Telkom Akses,784,20. PT2/Batch 7,Prio Agustus,NY Go Live,0,Y,y,20 Branch,PT2,00. Propose Drop,,,,,,"Irisan Cleansing Port 2,3 Jt",,,,,#N/A,,,,
13247965,ODP-BKT-FK/143,8,  8 ,653761,81.720.125,AREA 1,SUMBAGTENG,BUKIT TINGGI,PT2,Telkom Akses,780,20. PT2/Batch 7,Prio Agustus,NY Go Live,0,Y,y,20 Branch,PT2,05. Go Live,Ready,,,,,,,,,,#N/A,,,,
13247888,ODP-BKT-FP/074,8,  -   ,653761,81.720.125,AREA 1,SUMBAGTENG,BUKIT TINGGI,PT2,Telkom Akses,773,20. PT2/Batch 7,Prio Agustus,NY Go Live,0,Y,y,20 Branch,PT2,00. Propose Drop,,,,,,"Irisan Cleansing Port 2,3 Jt",,,,,#N/A,,,,
13253076,ODP-SCC-FC/014,8,  -   ,777056,97132,AREA 1,SUMBAGTENG,BUKIT TINGGI,PT2,Telkom Akses,768,20. PT2/Batch 7,Prio Agustus,NY Go Live,0,Y,y,20 Branch,PT2,00. Propose Drop,,,,,,"Irisan Cleansing Port 2,3 Jt",,,,,#N/A,,,,
13250773,ODP-BKT-FS/089,8,  -   ,777056,97132,AREA 1,SUMBAGTENG,BUKIT TINGGI,PT2,Telkom Akses,763,20. PT2/Batch 7,Prio Agustus,NY Go Live,0,Y,y,20 Branch,PT2,00. Propose Drop,,,,,,"Irisan Cleansing Port 2,3 Jt",,,,,#N/A,,,,
13252897,ODP-SPE-FB/136,8,  8 ,777056,97132,AREA 1,SUMBAGTENG,BUKIT TINGGI,PT2,Telkom Akses,761,20. PT2/Batch 7,Prio Agustus,NY Go Live,0,Y,y,20 Branch,PT2,05. Go Live,Ready,,,,,,,,,,#N/A,,,,
13250685,ODP-BKT-FAC/078,8,  -   ,777056,97132,AREA 1,SUMBAGTENG,BUKIT TINGGI,PT2,Telkom Akses,755,20. PT2/Batch 7,Prio Agustus,NY Go Live,0,Y,y,20 Branch,PT2,00. Propose Drop,,,,,,"Irisan Cleansing Port 2,3 Jt",,,,,#N/A,,,,
13252815,ODP-SPE-FB/130,8,  -   ,777056,97132,AREA 1,SUMBAGTENG,BUKIT TINGGI,PT2,Telkom Akses,751,20. PT2/Batch 7,Prio Agustus,NY Go Live,0,Y,y,20 Branch,PT2,00. Propose Drop,,,,,,"Irisan Cleansing Port 2,3 Jt",,,,,#N/A,,,,
13248131,ODP-SCC-FB/008,8,  -   ,653761,81.720.125,AREA 1,SUMBAGTENG,BUKIT TINGGI,PT2,Telkom Akses,734,20. PT2/Batch 7,Prio Agustus,NY Go Live,0,Y,y,20 Branch,PT2,00. Propose Drop,,,,,,"Irisan Cleansing Port 2,3 Jt",,,,,#N/A,,,,
13250199,ODP-SIR-FB/058,8,  -   ,777056,97132,AREA 1,SUMBAGTENG,BUKIT TINGGI,PT2,Telkom Akses,732,20. PT2/Batch 7,Prio Agustus,NY Go Live,0,Y,y,20 Branch,PT2,00. Propose Drop,,,,,,"Irisan Cleansing Port 2,3 Jt",,,,,#N/A,,,,
13250177,ODP-SCC-FA/055,8,  -   ,777056,97132,AREA 1,SUMBAGTENG,BUKIT TINGGI,PT2,Telkom Akses,726,20. PT2/Batch 7,Prio Agustus,NY Go Live,0,Y,y,20 Branch,PT2,00. Propose Drop,,,,,,"Irisan Cleansing Port 2,3 Jt",,,,,#N/A,,,,
13251020,ODP-SPE-FE/024,8,  -   ,777056,97132,AREA 1,SUMBAGTENG,BUKIT TINGGI,PT2,Telkom Akses,720,20. PT2/Batch 7,Prio Agustus,NY Go Live,0,Y,y,20 Branch,PT2,00. Propose Drop,,,,,,"Irisan Cleansing Port 2,3 Jt",,,,,#N/A,,,,
13250989,ODP-SPE-FF/016,8,  -   ,777056,97132,AREA 1,SUMBAGTENG,BUKIT TINGGI,PT2,Telkom Akses,705,20. PT2/Batch 7,Prio Agustus,NY Go Live,0,Y,y,20 Branch,PT2,00. Propose Drop,,,,,,"Irisan Cleansing Port 2,3 Jt",,,,,#N/A,,,,
13250984,ODP-SPE-FF/004,8,  -   ,777056,97132,AREA 1,SUMBAGTENG,BUKIT TINGGI,PT2,Telkom Akses,704,20. PT2/Batch 7,Prio Agustus,NY Go Live,0,Y,y,20 Branch,PT2,00. Propose Drop,,,,,,QE Repair Core,,,,,#N/A,,,,
13249612,ODP-SCC-FA/031,8,  8 ,653761,81.720.125,AREA 1,SUMBAGTENG,BUKIT TINGGI,PT2,Telkom Akses,694,20. PT2/Batch 7,Prio Agustus,NY Go Live,0,Y,y,20 Branch,PT2,00. Propose Drop,,,,,,"Irisan Cleansing Port 2,3 Jt",,,,,#N/A,,,,
13248577,ODP-SCC-FG/031,8,  -   ,653761,81.720.125,AREA 1,SUMBAGTENG,BUKIT TINGGI,PT2,Telkom Akses,687,20. PT2/Batch 7,Prio Agustus,NY Go Live,0,Y,y,20 Branch,PT2,00. Propose Drop,,,,,,"Irisan Cleansing Port 2,3 Jt",,,,,#N/A,,,,
13250272,ODP-ABG-FA/013,8,  -   ,777056,97132,AREA 1,SUMBAGTENG,BUKIT TINGGI,PT2,Telkom Akses,684,20. PT2/Batch 7,Prio Agustus,NY Go Live,0,Y,y,20 Branch,PT2,00. Propose Drop,,,,,,"Irisan Cleansing Port 2,3 Jt",,,,,#N/A,,,,
13252736,ODP-SPE-FE/023,8,  -   ,777056,97132,AREA 1,SUMBAGTENG,BUKIT TINGGI,PT2,Telkom Akses,679,20. PT2/Batch 7,Prio Agustus,NY Go Live,0,Y,y,20 Branch,PT2,00. Propose Drop,,,,,,"Irisan Cleansing Port 2,3 Jt",,,,,#N/A,,,,
13262372,ODP-ABG-FA/003,8,  8 ,777056,97132,AREA 1,SUMBAGTENG,BUKIT TINGGI,PT2,Telkom Akses,675,20. PT2/Batch 7,Prio Agustus,NY Go Live,0,Y,y,20 Branch,PT2,05. Go Live,Ready,,,,,,,,,,#N/A,,,,
13250299,ODP-BKT-FS/045,8,  -   ,777056,97132,AREA 1,SUMBAGTENG,BUKIT TINGGI,PT2,Telkom Akses,668,20. PT2/Batch 7,Prio Agustus,NY Go Live,0,Y,y,20 Branch,PT2,00. Propose Drop,,,,,,"Irisan Cleansing Port 2,3 Jt",,,,,#N/A,,,,
13248216,ODP-SCC-FB/010,8,  -   ,653761,81.720.125,AREA 1,SUMBAGTENG,BUKIT TINGGI,PT2,Telkom Akses,657,20. PT2/Batch 7,Prio Agustus,NY Go Live,0,Y,y,20 Branch,PT2,00. Propose Drop,,,,,,"Irisan Cleansing Port 2,3 Jt",,,,,#N/A,,,,
13247539,ODP-BKT-FK/118,8,  -   ,653761,81.720.125,AREA 1,SUMBAGTENG,BUKIT TINGGI,PT2,Telkom Akses,648,20. PT2/Batch 7,Prio Agustus,NY Go Live,0,Y,y,20 Branch,PT2,00. Propose Drop,,,,,,"Irisan Cleansing Port 2,3 Jt",,,,,#N/A,,,,
13245134,ODP-BSK-FB/023,8,  -   ,1268712,158589,AREA 1,SUMBAGTENG,BUKIT TINGGI,PT2,Telkom Akses,646,20. PT2/Batch 7,Prio Agustus,NY Go Live,0,Y,y,20 Branch,PT2,00. Propose Drop,,,,,,"Irisan Cleansing Port 2,3 Jt",,,,,#N/A,,,,
13252554,ODP-SPE-FD/048,8,  -   ,777056,97132,AREA 1,SUMBAGTENG,BUKIT TINGGI,PT2,Telkom Akses,645,20. PT2/Batch 7,Prio Agustus,NY Go Live,0,Y,y,20 Branch,PT2,00. Propose Drop,,,,,,QE Repair Core,,,,,#N/A,,,,
12388215,"12388215-PT2-BSK-FM-TANAH DATAR REGENCY,",8,  -   ,2226150,"278268,75",AREA 1,SUMBAGTENG,BUKIT TINGGI,PT2,Telkom Akses,642,2. PT2/Batch 1,Prio Agustus,NY Go Live,0,Y,y,20 Branch,PT2,00. Propose Drop,,,,,,QE Repair Core,,,,,#N/A,,,,
12252573,SMB PT2 LS ODC-BSK-FB,16,  -   ,5354438,334.652.375,AREA 1,SUMBAGTENG,BUKIT TINGGI,PT2,Telkom Akses,635,2. PT2/Batch 1,Prio Agustus,NY Go Live,0,Y,y,20 Branch,PT2,00. Propose Drop,,,,,,QE Repair Core,,,,,#N/A,,,,
11809503,AOi4250804110349485c1eaa0,8,  -   ,3330266,"416283,25",AREA 1,SUMBAGTENG,BUKIT TINGGI,PT2,Telkom Akses,634,2. PT2/Batch 1,Prio Agustus,NY Go Live,0,Y,y,20 Branch,PT2,00. Propose Drop,,,,,,PT1 - Disolusikan Dengan Alpro Lain,,,,,#N/A,,,,
11878264,SMB-PT2-ODC-BSK-FB-TANAH DATAR_160407,8,  -   ,3057364,"382170,5",AREA 1,SUMBAGTENG,BUKIT TINGGI,PT2,Telkom Akses,633,2. PT2/Batch 1,Prio Agustus,NY Go Live,0,Y,y,20 Branch,PT2,00. Propose Drop,,,,,,QE Repair Core,,,,,#N/A,,,,
11878245,SMB-PT2-ODC-BSK-FB-TANAH DATAR_83173,8,  -   ,3057364,"382170,5",AREA 1,SUMBAGTENG,BUKIT TINGGI,PT2,Telkom Akses,631,2. PT2/Batch 1,Prio Agustus,NY Go Live,0,Y,y,20 Branch,PT2,00. Propose Drop,,,,,,QE Repair Core,,,,,#N/A,,,,
11878234,TANAH DATAR_152153_H2_2025,8,  -   ,3057364,"382170,5",AREA 1,SUMBAGTENG,BUKIT TINGGI,PT2,Telkom Akses,630,2. PT2/Batch 1,Prio Agustus,NY Go Live,0,Y,y,20 Branch,PT2,00. Propose Drop,,,,,,QE Repair Core,,,,,#N/A,,,,
11877510,SMB-PT2-ODC-BSK-FN-TANAH DATAR_10975,8,  -   ,3057364,"382170,5",AREA 1,SUMBAGTENG,BUKIT TINGGI,PT2,Telkom Akses,628,2. PT2/Batch 1,Prio Agustus,NY Go Live,0,Y,y,20 Branch,PT2,00. Propose Drop,,,,,,Core Feeder Habis,,,,,#N/A,,,,
11877492,SMB-PT2-ODC-BSK-FD-TANAH DATAR_10244,8,  -   ,3057364,"382170,5",AREA 1,SUMBAGTENG,BUKIT TINGGI,PT2,Telkom Akses,627,2. PT2/Batch 1,Prio Agustus,NY Go Live,0,Y,y,20 Branch,PT2,00. Propose Drop,,,,,,PT1 - Disolusikan Dengan Alpro Lain,,,,,#N/A,,,,
11877440,SMB-PT2-ODC-BSK-FN-TANAH DATAR_135445,8,  8 ,3057364,"382170,5",AREA 1,SUMBAGTENG,BUKIT TINGGI,PT2,Telkom Akses,626,2. PT2/Batch 1,Prio Agustus,NY Go Live,0,Y,y,20 Branch,PT2,00. Propose Drop,,,,,,Core Feeder Habis,,,,,#N/A,,,,
11877426,SMB-PT2-ODC-BSK-FN-TANAH DATAR_65394,16,  -   ,5622849,3.514.280.625,AREA 1,SUMBAGTENG,BUKIT TINGGI,PT2,Telkom Akses,625,2. PT2/Batch 1,Prio Agustus,NY Go Live,0,Y,y,20 Branch,PT2,00. Propose Drop,,,,,,Core Feeder Habis,,,,,#N/A,,,,
11877396,SMB-PT2-ODC-BSK-FB-TANAH DATAR 56541,16,  -   ,5622849,3.514.280.625,AREA 1,SUMBAGTENG,BUKIT TINGGI,PT2,Telkom Akses,624,2. PT2/Batch 1,Prio Agustus,NY Go Live,0,Y,y,20 Branch,PT2,00. Propose Drop,,,,,,QE Repair Core,,,,,#N/A,,,,
11877327,SMB-PT2-ODC-BSK-FN-TANAH DATAR 109599,16,  -   ,5622849,3.514.280.625,AREA 1,SUMBAGTENG,BUKIT TINGGI,PT2,Telkom Akses,621,2. PT2/Batch 1,Prio Agustus,NY Go Live,0,Y,y,20 Branch,PT2,00. Propose Drop,,,,,,Core Feeder Habis,,,,,#N/A,,,,
12549545,SMB PT2 EXPAND ODP-BSK-FL-122,16,  8 ,3189378,199.336.125,AREA 1,SUMBAGTENG,BUKIT TINGGI,PT2,Telkom Akses,619,2. PT2/Batch 1,Prio Agustus,NY Go Live,0,Y,y,20 Branch,PT2,05. Go Live,Ready,,,,,,,,,,#N/A,,,,
12548155,SMB PT2 EXPAND ODP-BSK-FL-055,16,  8 ,3189378,199.336.125,AREA 1,SUMBAGTENG,BUKIT TINGGI,PT2,Telkom Akses,616,2. PT2/Batch 1,Prio Agustus,NY Go Live,0,Y,y,20 Branch,PT2,05. Go Live,Ready,,,,,,,,,,#N/A,,,,
12547414,SMB PT2 EXPAND ODP-BSK-FD-085,16,  8 ,3189378,199.336.125,AREA 1,SUMBAGTENG,BUKIT TINGGI,PT2,Telkom Akses,614,2. PT2/Batch 1,Prio Agustus,NY Go Live,0,Y,y,20 Branch,PT2,05. Go Live,Ready,,,,,,,,,,#N/A,,,,
12549565,SMB PT2 EXPAND ODP-BSK-FM-022,16,  8 ,3189378,199.336.125,AREA 1,SUMBAGTENG,BUKIT TINGGI,PT2,Telkom Akses,598,2. PT2/Batch 1,Prio Agustus,NY Go Live,0,Y,y,20 Branch,PT2,05. Go Live,Ready,,,,,,,,,,#N/A,,,,
12549537,SMB PT2 EXPAND ODP-BSK-FL-099,16,  -   ,3189378,199.336.125,AREA 1,SUMBAGTENG,BUKIT TINGGI,PT2,Telkom Akses,597,2. PT2/Batch 1,Prio Agustus,NY Go Live,0,Y,y,20 Branch,PT2,00. Propose Drop,,,,,,QE Repair Core,,,,,#N/A,,,,
12548369,SMB PT2 EXPAND ODP-BSK-FL-095,16,  -   ,3189378,199.336.125,AREA 1,SUMBAGTENG,BUKIT TINGGI,PT2,Telkom Akses,596,2. PT2/Batch 1,Prio Agustus,NY Go Live,0,Y,y,20 Branch,PT2,00. Propose Drop,,,,,,"Irisan Cleansing Port 2,3 Jt",,,,,#N/A,,,,
12547745,SMB PT2 EXPAND ODP-BSK-FE-030,16,  -   ,3189378,199.336.125,AREA 1,SUMBAGTENG,BUKIT TINGGI,PT2,Telkom Akses,590,2. PT2/Batch 1,Prio Agustus,NY Go Live,0,Y,y,20 Branch,PT2,00. Propose Drop,,,,,,"Irisan Cleansing Port 2,3 Jt",,,,,#N/A,,,,
12547426,SMB PT2 EXPAND ODP-BSK-FE-015,16,  -   ,3189378,199.336.125,AREA 1,SUMBAGTENG,BUKIT TINGGI,PT2,Telkom Akses,588,2. PT2/Batch 1,Prio Agustus,NY Go Live,0,Y,y,20 Branch,PT2,00. Propose Drop,,,,,,QE Repair Core,,,,,#N/A,,,,
12547022,SMB PT2 EXPAND ODP-BSK-FA-061,16,  -   ,3189378,199.336.125,AREA 1,SUMBAGTENG,BUKIT TINGGI,PT2,Telkom Akses,578,2. PT2/Batch 1,Prio Agustus,NY Go Live,0,Y,y,20 Branch,PT2,00. Propose Drop,,,,,,Kapasitas sudah 16,,,,,#N/A,,,,
12551575,SMB PT2 EXPAND ODP-BKT-FZ-076,16,  8 ,3189378,199.336.125,AREA 1,SUMBAGTENG,BUKIT TINGGI,PT2,Telkom Akses,570,2. PT2/Batch 1,Prio Agustus,NY Go Live,0,Y,y,20 Branch,PT2,05. Go Live,Ready,,,,,,,,,,#N/A,,,,
12551393,SMB PT2 EXPAND ODP-BKT-FX-062,16,  8 ,3189378,199.336.125,AREA 1,SUMBAGTENG,BUKIT TINGGI,PT2,Telkom Akses,566,2. PT2/Batch 1,Prio Agustus,NY Go Live,0,Y,y,20 Branch,PT2,05. Go Live,Ready,,,,,,,,,,#N/A,,,,
12550114,SMB PT2 EXPAND ODP-BKT-FU-034,16,  8 ,3189378,199.336.125,AREA 1,SUMBAGTENG,BUKIT TINGGI,PT2,Telkom Akses,560,2. PT2/Batch 1,Prio Agustus,NY Go Live,0,Y,y,20 Branch,PT2,05. Go Live,Ready,,,,,,,,,,#N/A,,,,
12540079,SMB PT2 EXPAND ODP-BKT-FT-061,16,  -   ,3189378,199.336.125,AREA 1,SUMBAGTENG,BUKIT TINGGI,PT2,Telkom Akses,555,2. PT2/Batch 1,Prio Agustus,NY Go Live,0,Y,y,20 Branch,PT2,00. Propose Drop,,,,,,"Irisan Cleansing Port 2,3 Jt",,,,,#N/A,,,,
12539483,SMB PT2 EXPAND ODP-BKT-FP-009,16,  8 ,3189378,199.336.125,AREA 1,SUMBAGTENG,BUKIT TINGGI,PT2,Telkom Akses,550,2. PT2/Batch 1,Prio Agustus,NY Go Live,0,Y,y,20 Branch,PT2,05. Go Live,Ready,,,,,,,,,,#N/A,,,,
12539478,SMB PT2 EXPAND ODP-BKT-FN-034,16,  -   ,3189378,199.336.125,AREA 1,SUMBAGTENG,BUKIT TINGGI,PT2,Telkom Akses,549,2. PT2/Batch 1,Prio Agustus,NY Go Live,0,Y,y,20 Branch,PT2,00. Propose Drop,,,,,,"Irisan Cleansing Port 2,3 Jt",,,,,#N/A,,,,
12539417,SMB PT2 EXPAND ODP-BKT-FM-011,16,  -   ,3189378,199.336.125,AREA 1,SUMBAGTENG,BUKIT TINGGI,PT2,Telkom Akses,546,2. PT2/Batch 1,Prio Agustus,NY Go Live,0,Y,y,20 Branch,PT2,00. Propose Drop,,,,,,"Irisan Cleansing Port 2,3 Jt",,,,,#N/A,,,,
12539414,SMB PT2 EXPAND ODP-BKT-FM-009,16,  -   ,3189378,199.336.125,AREA 1,SUMBAGTENG,BUKIT TINGGI,PT2,Telkom Akses,545,2. PT2/Batch 1,Prio Agustus,NY Go Live,0,Y,y,20 Branch,PT2,00. Propose Drop,,,,,,"Irisan Cleansing Port 2,3 Jt",,,,,#N/A,,,,
12539361,SMB PT2 EXPAND ODP-BKT-FK-135,16,  8 ,3189378,199.336.125,AREA 1,SUMBAGTENG,BUKIT TINGGI,PT2,Telkom Akses,544,2. PT2/Batch 1,Prio Agustus,NY Go Live,0,Y,y,20 Branch,PT2,05. Go Live,Ready,,,,,,,,,,#N/A,,,,
12539056,SMB PT2 EXPAND ODP-BKT-FK-114,16,  8 ,3189378,199.336.125,AREA 1,SUMBAGTENG,BUKIT TINGGI,PT2,Telkom Akses,542,2. PT2/Batch 1,Prio Agustus,NY Go Live,0,Y,y,20 Branch,PT2,05. Go Live,Ready,,,,,,,,,,#N/A,,,,
12538921,SMB PT2 EXPAND ODP-BKT-FAC-079,16,  -   ,3189378,199.336.125,AREA 1,SUMBAGTENG,BUKIT TINGGI,PT2,Telkom Akses,536,2. PT2/Batch 1,Prio Agustus,NY Go Live,0,Y,y,20 Branch,PT2,00. Propose Drop,,,,,,QE Repair Core,,,,,#N/A,,,,
12538871,SMB PT2 EXPAND ODP-BKT-FAC-061,16,  -   ,3189378,199.336.125,AREA 1,SUMBAGTENG,BUKIT TINGGI,PT2,Telkom Akses,534,2. PT2/Batch 1,Prio Agustus,NY Go Live,0,Y,y,20 Branch,PT2,00. Propose Drop,,,,,,"Irisan Cleansing Port 2,3 Jt",,,,,#N/A,,,,
12538487,SMB PT2 EXPAND ODP-BKT-FAA-035,16,  8 ,3189378,199.336.125,AREA 1,SUMBAGTENG,BUKIT TINGGI,PT2,Telkom Akses,531,2. PT2/Batch 1,Prio Agustus,NY Go Live,0,Y,y,20 Branch,PT2,05. Go Live,Ready,,,,,,,,,,#N/A,,,,
12532619,SMB PT2 EXPAND ODP-BKT-FH-005,16,  -   ,3189378,199.336.125,AREA 1,SUMBAGTENG,BUKIT TINGGI,PT2,Telkom Akses,529,2. PT2/Batch 1,Prio Agustus,NY Go Live,0,Y,y,20 Branch,PT2,00. Propose Drop,,,,,,"Irisan Cleansing Port 2,3 Jt",,,,,#N/A,,,,
12529347,SMB PT2 EXPAND ODP-BKT-FK-107,16,  -   ,3189378,199.336.125,AREA 1,SUMBAGTENG,BUKIT TINGGI,PT2,Telkom Akses,528,2. PT2/Batch 1,Prio Agustus,NY Go Live,0,Y,y,20 Branch,PT2,00. Propose Drop,,,,,,"Irisan Cleansing Port 2,3 Jt",,,,,#N/A,,,,
12529339,SMB PT2 EXPAND ODP-BKT-FK-099,16,  8 ,3189378,199.336.125,AREA 1,SUMBAGTENG,BUKIT TINGGI,PT2,Telkom Akses,526,2. PT2/Batch 1,Prio Agustus,NY Go Live,0,Y,y,20 Branch,PT2,00. Propose Drop,,,,,,"Irisan Cleansing Port 2,3 Jt",,,,,#N/A,,,,
12529329,SMB PT2 EXPAND ODP-BKT-FK-092,16,  8 ,3189378,199.336.125,AREA 1,SUMBAGTENG,BUKIT TINGGI,PT2,Telkom Akses,524,2. PT2/Batch 1,Prio Agustus,NY Go Live,0,Y,y,20 Branch,PT2,05. Go Live,Ready,,,,,,,,,,#N/A,,,,
12529312,SMB PT2 EXPAND ODP-BKT-FK-005,16,  -   ,3189378,199.336.125,AREA 1,SUMBAGTENG,BUKIT TINGGI,PT2,Telkom Akses,521,2. PT2/Batch 1,Prio Agustus,NY Go Live,0,Y,y,20 Branch,PT2,00. Propose Drop,,,,,,"Irisan Cleansing Port 2,3 Jt",,,,,#N/A,,,,
12529306,SMB PT2 EXPAND ODP-BKT-FJ-037,16,  -   ,3189378,199.336.125,AREA 1,SUMBAGTENG,BUKIT TINGGI,PT2,Telkom Akses,520,2. PT2/Batch 1,Prio Agustus,NY Go Live,0,Y,y,20 Branch,PT2,00. Propose Drop,,,,,,QE Repair Core,,,,,#N/A,,,,
12501978,SMB PT2 EXPAND ODP-BKT-FG-048,16,  8 ,3189378,199.336.125,AREA 1,SUMBAGTENG,BUKIT TINGGI,PT2,Telkom Akses,513,2. PT2/Batch 1,Prio Agustus,NY Go Live,0,Y,y,20 Branch,PT2,00. Propose Drop,,,,,,"Irisan Cleansing Port 2,3 Jt",,,,,#N/A,,,,
11623675,AOi4250716023603973d51a50,8,  -   ,3330266,"416283,25",AREA 1,SUMBAGTENG,BUKIT TINGGI,PT2,Telkom Akses,512,2. PT2/Batch 1,Prio Agustus,NY Go Live,0,Y,y,20 Branch,PT2,00. Propose Drop,,,,,,QE Repair Core,,,,,#N/A,,,,
11877229,SMB-PT2-ODC-ABG-FA-PASAMAN BARAT 91155,16,  -   ,5622849,3.514.280.625,AREA 1,SUMBAGTENG,BUKIT TINGGI,PT2,Telkom Akses,511,2. PT2/Batch 1,Prio Agustus,NY Go Live,0,Y,y,20 Branch,PT2,00. Propose Drop,,,,,,Core Distribusi Habis,,,,,#N/A,,,,
13028853,SMB-PT2LS-ODC-SUP-FA-250-148_2419 - 3LOP,48,  -   ,10467092,2.180.644.167,AREA 1,SUMBAGTENG,BUKIT TINGGI,PT2,Telkom Akses,510,11. PT2/Batch 3,Prio Agustus,NY Go Live,0,Y,y,20 Branch,PT2,00. Propose Drop,,,,,,Core Feeder Habis,,,,,#N/A,,,,
12975620,SMB-PT2LS-ODC-SPE-FD-250_17_2182,64,  -   ,13675922,2.136.862.813,AREA 1,SUMBAGTENG,BUKIT TINGGI,PT2,Telkom Akses,495,9. PT2/Batch 2,Prio Agustus,NY Go Live,0,Y,y,20 Branch,PT2,00. Propose Drop,,,,,,Core Feeder Habis,,,,,#N/A,,,,
12941718,BABEL-JPP-PT3 BRANCHING-ODC-BYU-568669,8,  -   ,13066492,"1633311,5",AREA 1,SUMBAGSEL,PANGKAL PINANG,PT3,Telkom Akses,53,8. PT3/Batch 4b thp 2,Prio September,NY Go Live,0,Y,y,20 Branch,#N/A,02. Matdel,Ready,700,,,26/09/2026,OGP Matdel,"15/09: HI Matdel, Plan install: 19/09, GL: 26/09
1 Sep 26: Perizinan butuh OSS (PU NASIONAL). Sudah pengajuan TIF, belum upload (tahap pemberkasan). Butuh kabel 12.",,,00. Ny Golive,26/09/2026,,,,
13135149,BBL JPP r_2500_-92_454_MUNTOK FD,8,  -   ,2693111,336.638.875,AREA 1,SUMBAGSEL,PANGKAL PINANG,PT3,Telkom Akses,54,8. PT3/Batch 4b thp 2,Prio September,NY Go Live,0,Y,y,20 Branch,#N/A,03. OGP Instalasi,Ready,600,,,21/09/2026,OGP Instalasi,"15/09: OGP Tanam Tiang (distop warga), Plan GL: 21/09
1 Sep 26: Perizinan butuh OSS (PU KABUPATEN). Sudah pengajuan TIF, belum upload (tahap pemberkasan). Butuh kabel 12.",,,00. Ny Golive,21/09/2026,,,,
12941154,BABEL-JPP-PT3BRANCH-ODC-PGP-FBY-565543,8,  -   ,13238510,"1654813,75",AREA 1,SUMBAGSEL,PANGKAL PINANG,PT3,Telkom Akses,26,8. PT3/Batch 4b thp 2,Prio September,NY Go Live,0,Y,y,20 Branch,#N/A,02. Matdel,Ready,0,4.000,,19/11/2026,Subcont Mitra NOK,"15/09: Change Mitra SMP to Telinco
1 Sep 26: Perizinan butuh OSS (PU KABUPATEN). Sudah pengajuan TIF, belum upload (tahap pemberkasan). Butuh kabel 12.",,,00. Ny Golive,19/11/2026,,,,
12941262,BABEL JPP PT3 BRANCHING ODC PGP 538342,8,  -   ,11590012,"1448751,5",AREA 1,SUMBAGSEL,PANGKAL PINANG,PT3,Telkom Akses,55,8. PT3/Batch 4b thp 2,Prio September,NY Go Live,0,Y,y,20 Branch,#N/A,03. OGP Instalasi,Ready,600,,,22/09/2026,OGP Instalasi,"15/09: OGP Cat tiang, Plan GL: 22/09.  Change Mitra SMP to KAS
1 Sep 26: Perizinan butuh OSS (PU KABUPATEN). Sudah pengajuan TIF, belum upload (tahap pemberkasan). Butuh kabel 12. Mitra Kendala Operasional",,,00. Ny Golive,22/09/2026,,,,
12940859,ODP SLT FPP 64 XX,8,  -   ,12952894,"1619111,75",AREA 1,SUMBAGSEL,PANGKAL PINANG,PT3,Telkom Akses,56,8. PT3/Batch 4b thp 2,Prio September,NY Go Live,0,Y,y,20 Branch,#N/A,03. OGP Instalasi,Ready,500,,,24/09/2026,OGP Matdel,"15/09: Done Matdel, Plan install: 22/09, GL: 24/09
1 Sep 26: Perizinan butuh OSS (PU KABUPATEN). Sudah pengajuan TIF, belum upload (tahap pemberkasan). Butuh kabel 12.",,,00. Ny Golive,24/09/2026,,,,
12942304,BABEL JPP PT3-ODC-SLT-FF,8,  -   ,7597058,"949632,25",AREA 1,SUMBAGSEL,PANGKAL PINANG,PT3,Telkom Akses,57,8. PT3/Batch 4b thp 2,Prio September,NY Go Live,0,Y,y,20 Branch,#N/A,02. Matdel,Ready,850,,,23/09/2026,OGP Matdel,"15/09: HI ambil material, Plan install: 16/09, GL: 23/09.Hasil aanwijing kabel 12 800 m
1 Sep 26: Perizinan butuh OSS (PU PROVINSI). Sudah pengajuan TIF, belum upload (tahap pemberkasan). Butuh kabel 12.",,,00. Ny Golive,23/09/2026,,,,
11518004,SMS P3I1 PT4 LHT FXX DESA MUARA SALING,152,  -   ,208088502,1.369.003.303,AREA 1,SUMBAGSEL,BENGKULU,PT3,Telkom Akses,9,3. PT3/Batch 2,Prio September,NY Go Live,0,Y,y,20 Branch,#N/A,01. Persiapan,Ready,,,,20/10/2026,Antrian Pekerjaan,"16/09: Antrian pekerjaan FH Turnkey hanya 1 tim

15/09:  End To End Catuan dan Perizinan Kades (Mitra Fiberhome)",,,Proses Perijinan,20/10/2026,,,,
13068086,SMS JPP PT4 ODC PGA FXX NANDO KEPAHIANG,152,  -   ,166061468,1.092.509.658,AREA 1,SUMBAGSEL,BENGKULU,PT3,Telkom Akses,21,8. PT3/Batch 4b,Prio Agustus,NY Go Live,0,Y,y,20 Branch,PT3,01. Persiapan,Ready,575,3.960,,06/10/2026,Survey Belum Tuntas,"16/09: Survei Ulang Catuan Bersama Tim Squad karena belum tau titik2 QE. Plan survei ulang: 17/09.Tidak optimis sept
15/09: Survei Ulang Catuan Bersama Tim Squad (Mitra Fiberhome)
14/09: butuh QE, koord dgn tim Sumsel pencarian titik temporer (cek 14 sore). perizinan belum, est butuh 2 hari jika sudah ketemu titik QE. 
08/09: Menunggu Review TIF
1 Sep'26: kendala catuan (8 titik QE belum ada info SQUAD).  Mitra GPTP",,,00. Ny Golive,06/10/2026,,,,
11518034,SMS P3I1 PT4 SPP FXX JUKUNG,152,  -   ,156004943,1.026.348.309,AREA 1,SUMBAGSEL,BENGKULU,PT3,Telkom Akses,20,3. PT3/Batch 2,Prio Agustus,NY Go Live,0,Y,y,20 Branch,PT3,01. Persiapan,Ready,,,,20/10/2026,Antrian Pekerjaan,"16/09: Antrian pekerjaan FH Turnkey hanya 1 tim
15/09: End To End Catuan (Mitra Fiberhome",,,Proses Perijinan,20/10/2026,,,,
11383809,SMS P3I1 PT4 LLG FXX DESA PETUNANG,152,  -   ,167374110,1.101.145.461,AREA 1,SUMBAGSEL,BENGKULU,PT3,Telkom Akses,18,3. PT3/Batch 2,Prio Agustus,NY Go Live,0,Y,y,20 Branch,PT3,02. Matdel,Ready,,,,20/10/2026,Survey Belum Tuntas,"16/09: OGP End to End Catuan, hari ini ajukan permit masuk site. tim sdh di lokasi. 
15/09:  End To End Catuan (Mitra Fiberhome)",,,Proses Perijinan,20/10/2026,,,,
11808237,SMS PT4 ODC TMO FXX DESA PETRANS JAYA,184,  -   ,278313974,1.512.575.946,AREA 1,SUMBAGSEL,BENGKULU,PT3,Telkom Akses,17,3. PT3/Batch 2,Prio Agustus,NY Go Live,0,Y,y,20 Branch,PT3,03. OGP Instalasi,Ready,,,,30/09/2026,OGP Instalasi,"16/09: OGP bikin pondasi ODC pararel tarik kabel
15/09: Proses Penarikan kabel",,,Core Feeder Habis,30/09/2026,,,,
11472387,SMS P3I1 PT4 PDP FXX LINTANG KANAN,192,  -   ,277867270,1.447.225.365,AREA 1,SUMBAGSEL,BENGKULU,PT3,Telkom Akses,16,3. PT3/Batch 2,Prio Agustus,NY Go Live,0,Y,y,20 Branch,PT3,02. Matdel,Ready,113,6.200,,09/10/2026,Kendala Ijin SITAC,"16/09: Kendala lahan sitac dan perizinan, plan clear: 19/09.
15/09: OGP Perizinan Kades
1 Sep'26: PIC FH Doni Kurniawan.",,,00. Ny Golive,09/10/2026,,,,
12991327,SMS JPP PT4 LHT XXX KOTA AGUNG LAHAT,208,  -   ,229698127,1.104.317.918,AREA 1,SUMBAGSEL,BENGKULU,PT3,Telkom Akses,15,8. PT3/Batch 4b,Prio Agustus,NY Go Live,0,Y,y,20 Branch,PT3,01. Persiapan,Ready,670,3.845,,05/10/2026,BA Redesign,"16/09: Redesign kendala catuan (OGP create BA Redesign sore ini submit ke TIF). Penambahan kabel feeder dari 200m jadi 700m. Tidak optimis September
15/09: Koordinasi ke TIF terkait Catuan Uplink (Site LHT013 Dismatle)
14/09: butuh QE, koord dgn tim Sumsel pencarian titik temporer (cek 14 sore). 
08/09: Menunggu TIF Terkait lanjut/tidak
1 Sep'26: kendala catuan, Mini OLT belum ada dan perlu QE uplink (ada 5 titik cut kabel KT, belum ada info perbaikan SQUAD). ",,,00. Ny Golive,05/10/2026,,,,
12953297,JBI-PT3-SPN-FAE-BATU HAMPAR,232,  -   ,274944011,1.185.103.496,AREA 1,SUMBAGSEL,JAMBI,PT3,Telkom Akses,3,14. PT3/Batch 5,Prio Agustus,NY Go Live,0,Y,y,20 Branch,PT3,02. Matdel,Ready,-,3.100,,20/10/2026,Subcont Mitra NOK,"15/09: Mitra mundur tidak ada tim padahal done aanwijzing (Han Sung), OGP Cari mitra (SMP/ACM). Lokasi Outer (12 jam dr Jambi). Sempat Comcase perizinan warga setempat (SPSI 50RB/TIANG), pemuda pancasila, LSM, Kades, Preman Kampung
10/09: Matdel menunggu pekerjaan MAB selesai plan selasa depan skalian PT4 Langit Residence (Lokasi jauh)",,,00. Ny Golive,20/10/2026,,,,
13114823,BBL PT4 MGR-FAH MERDEKA GTG 2026,288,  -   ,334166252,1.160.299.486,AREA 1,SUMBAGSEL,PANGKAL PINANG,PT3,Telkom Akses,7,14. PT3/Batch 5,Prio Agustus,NY Go Live,0,Y,y,20 Branch,PT3,02. Matdel,NY Ready,4.000,5.000,30-Sep-26,30/09/2026,Material NY Ready,"15/09: Lokasi di belitung kabel belum datang
NEED UPGRADE ODC & Tarikan Feeder Kabel 24",,,00. Ny Golive,30/09/2026,,,,
13114794,BBL PT4 KBO Lubuk Besar Timur 2026,304,  -   ,511707873,1.683.249.582,AREA 1,SUMBAGSEL,PANGKAL PINANG,PT3,Telkom Akses,6,14. PT3/Batch 5,Prio Agustus,NY Go Live,0,Y,y,20 Branch,PT3,02. Matdel,Ready,8.630,3.850,,07/10/2026,Kendala PR PO Mitra,"15/09: Kendala Budget PID (Proses PR PO Posisi di Regional). Tsel Bangka menjadikan prioritas oktober
1 Sep 26: Perizinan butuh OSS (PU PROVINSI DAN KABUPATEN). Sudah pengajuan TIF, belum upload (tahap pemberkasan). Butuh kabel 12. , Belum PR PO Mitra",,,00. Ny Golive,07/10/2026,,,,
13115066,BBL PT4 MGR TRANS MEMBALONG 2026,120,  -   ,200438127,1.670.317.725,AREA 1,SUMBAGSEL,PANGKAL PINANG,PT3,Telkom Akses,14,14. PT3/Batch 5 thp 2,Prio September,NY Go Live,0,Y,y,20 Branch,#N/A,02. Matdel,NY Ready,4.275,800,30-Sep-26,26/11/2026,Material NY Ready,"15/09: Lokasi Belitung waiting for kabel, Change Mitra (SMP to KAS)
1 Sep 26: Perizinan butuh OSS (PU PROVINSI DAN KABUPATEN). Sudah pengajuan TIF, belum upload (tahap pemberkasan). Butuh kabel 12.Mitra Kendala Operasional",,,00. Ny Golive,26/11/2026,,,,
12987124,BBL EXPAND ODC-SLT-FQ,136,  -   ,119386503,"1065950,92",AREA 1,SUMBAGSEL,PANGKAL PINANG,PT3,Telkom Akses,5,14. PT3/Batch 5 thp 2,Prio September,NY Go Live,0,Y,y,20 Branch,#N/A,02. Matdel,Ready,4.000,2.700,,29/09/2026,OGP Matdel,"15/09: Plan Matdel: 16/09, Plan install: 18/09, GL: 29/09. Change Mitra SMP to Famika
1 Sep 26: Perizinan butuh OSS (PU PROVINSI KABUPATEN). Sudah pengajuan TIF, belum upload (tahap pemberkasan). Butuh kabel 12.Mitra Kendala Operasiona",,,00. Ny Golive,29/09/2026,,,,
13196393,BNK JPP PT3 BRC MNA FU KEMANG MANIS,120,  -   ,160490066,1.337.417.217,AREA 1,SUMBAGSEL,BENGKULU,PT3,Telkom Akses,54,17. PT3/Batch 6 thp 2,Prio Agustus,NY Go Live,0,Y,y,20 Branch,#N/A,03. OGP Instalasi,Ready,-,2.800,,25/09/2026,Kendala Modul OLT,"16/09: CO Distribusi, Kendala Modul OLT Done pengajuan ke TIF (15/09)
15/09: Proses Install ODP
14/09: 16/09 Plan CO
07/09: Digging Pole
1 sep'26: proses PR PO, mitra GPTP, mitra lama JMD sudah perizinan, dan koord dgn mitra baru. Tim 1: 6 orang. 10 ODP. ",,,00. Ny Golive,25/09/2026,,,,
13146466,SMS PT3 LLG FAY D02 DLH SPAAM,56,  -   ,68698184,1.226.753.286,AREA 1,SUMBAGSEL,BENGKULU,PT3,Telkom Akses,103,17. PT3/Batch 6 thp 2,Prio Agustus,NY Go Live,0,Y,y,20 Branch,#N/A,02. Matdel,Ready,2660,-,,27/09/2026,Antrian Pekerjaan,"16/09: Done Matdel, Plan install: 18/09
15/09: Plan Matdel 16/09
14/09: Sudah aanwjizing, kendala comcase (3 lop 23jt kutilng, Spaam, Taspen). Mitra belum ada pembayaran kendala operasional.
08/09: NY PR PO GPTP
1 Sep'26: mitra GTPTP proses PR PO.",,,00. Ny Golive,27/09/2026,,,,
12995819,SMS JPP PT3 TMO FM D03 FAJAR 2,48,  48 ,60520665,1.260.847.188,AREA 1,SUMBAGSEL,BENGKULU,PT3,Telkom Akses,107,8. PT3/Batch 4b thp 2,Prio Agustus,NY Go Live,0,Y,y,20 Branch,#N/A,05. Go Live,Ready,2950,-,,,Go Live,"GOLIVE OCC
1 Sep'26: butuh modul OLT ZTE C600 STO TMO (Tugu Mulyo) perlu support TIF. Sudah ukur via OLS sesuai spec. ",,,01. Golive,DONE,,,,
11536946,BNK-PT3-BNC-JPPTSEL- GRAND ANDARA,48,  -   ,36205494,754.281.125,AREA 1,SUMBAGSEL,BENGKULU,PT3,Telkom Akses,124,14. PT3/Batch 5 thp 2,Prio Agustus,NY Go Live,0,Y,y,20 Branch,#N/A,01. Persiapan,Ready,,,,,Kendala Ijin PU Nasional,16/09: DEPEDENSI PEKERJAAN OLO (Masih Perizinan PU Nasional),,,Redesign,15/10/2026,,,,
12157459,SMS PT3 PGA FQ D01 LAHAT_517,16,  -   ,18745254,1.171.578.375,AREA 1,SUMBAGSEL,BENGKULU,PT3,Telkom Akses,122,14. PT3/Batch 5 thp 2,Prio Agustus,NY Go Live,0,Y,y,20 Branch,#N/A,01. Persiapan,Ready,1935,-,,27/09/2026,Kendala PID,"16/09: Masih proses amd budget (Proses approval bang willi)
14/09: amd budget. 
08/09: DONE PR PO NEED RRA
1 Sep'26: Redesain (konfirmasi TIF Area- sudah dikirim 1 Sep). Kenaikan >10% (branching ke PT3). Mitra GPTP (proses PR PO). ",,,00. Ny Golive,27/09/2026,,,,
12953475,JBI-PT3-RBB-FD-JL 3 Unit 2,80,  80 ,93162190,1.164.527.375,AREA 1,SUMBAGSEL,JAMBI,PT3,Telkom Akses,4,8. PT3/Batch 4b thp 2,Prio Agustus,NY Go Live,0,Y,y,20 Branch,#N/A,05. Go Live,Ready,-,2.480,,DONE,Proses GL SDI,"11/09: HI GL

10/09: Drawing
07/09: Revisi ABD",,,00. Ny Golive,DONE,,,,
12953467,JBI-PT3-RBB-FC-Jalan 8 Unit 2,64,  64 ,99200845,1.550.013.203,AREA 1,SUMBAGSEL,JAMBI,PT3,Telkom Akses,6,8. PT3/Batch 4b thp 2,Prio Agustus,NY Go Live,0,Y,y,20 Branch,#N/A,05. Go Live,Ready,-,3.410,,,Go Live,"GOLIVE
15/09: Done drawing Proses GL 
14/09: Proses Drawing Plan GL HI
10/09:  Proses Drawing Valins pararel ABD Mancore
07/09: Proses Valins
04/09: OGP Perapihan Kabel",,,01. Golive,DONE,,,,
10932303,JBI-PT3 BRANCHING-RBB-FD-JAMBI_135 revisi,32,  -   ,45143173,1.410.724.156,AREA 1,SUMBAGSEL,JAMBI,PT3,Telkom Akses,12,14. PT3/Batch 5 thp 2,Prio Agustus,NY Go Live,0,Y,y,20 Branch,#N/A,04. Finish Instalasi,Ready,800,-,,17/09/2026,Proses GL SDI,"15/09: Done Submit ABD Plan GL: 17/09
14/09: HI Submit ABD 
07/09: Proses Valins
Terdapat Redesign",,,00. Ny Golive,17/09/2026,,,,
12960576,JBI-JPP-PT3 BRANCH-RBB-FD-JL1 UNIT 2,56,  56 ,75101641,1.341.100.732,AREA 1,SUMBAGSEL,JAMBI,PT3,Telkom Akses,5,14. PT3/Batch 5 thp 2,Prio Agustus,NY Go Live,0,Y,y,20 Branch,#N/A,05. Go Live,Ready,-,2.280,,,Go Live,"08/09: GOLIVE
07/09: Revisi ABD Plan GL Hari ini",,,01. Golive,DONE,,,,
13115277,BBL PT3B PGP-FAU PRUMAHAN SAMPUR BENTENG,24,  24 ,11334329,4.722.637.083,AREA 1,SUMBAGSEL,PANGKAL PINANG,PT3,Telkom Akses,46,14. PT3/Batch 5 thp 2,Prio Agustus,NY Go Live,0,Y,y,20 Branch,#N/A,05. Go Live,Ready,300,-,,,Go Live," GOLIVE
Pekerjaan Finish Instalasi, Menunggu Instalasi Modul OLT",,,01. Golive,DONE,,,,
13115166,BBL PT3B KBO-FAC LUBUK BESAR 2026,16,  -   ,14208977,8.880.610.625,AREA 1,SUMBAGSEL,PANGKAL PINANG,PT3,Telkom Akses,DROP,14. PT3/Batch 5 thp 2,Prio Agustus,NY Go Live,0,Y,y,20 Branch,#N/A,00. Propose Drop,,0,400,,,PT1 - Disolusikan Dengan Alpro Lain,DROP TSEL,,,00. Ny Golive,Drop,,,,
13113516,BBL PT3 TJN-FP AMAU MADURE 2026,24,  -   ,15165103,9.478.189.375,AREA 1,SUMBAGSEL,PANGKAL PINANG,PT3,Telkom Akses,45,14. PT3/Batch 5 thp 2,Prio Agustus,NY Go Live,0,Y,y,20 Branch,#N/A,02. Matdel,NY Ready,1.335,,30-Sep-26,19/11/2026,Material NY Ready,"15/09: Lokasi Belitung waiting for kabel, Change Mitra (SMP to KAS)
1 Sep 26: Perizinan butuh OSS (PU PROVINSI DAN KABUPATEN). Sudah pengajuan TIF, belum upload (tahap pemberkasan). Butuh kabel 12.",,,00. Ny Golive,19/11/2026,,,,
13115055,BBL PT3B MGR-FG KULONG KURO 2026,16,  -   ,17875410,1.117.213.125,AREA 1,SUMBAGSEL,PANGKAL PINANG,PT3,Telkom Akses,52,14. PT3/Batch 5 thp 2,Prio Agustus,NY Go Live,0,Y,y,20 Branch,#N/A,02. Matdel,NY Ready,,500,30-Sep-26,19/11/2026,Material NY Ready,"15/09: Lokasi Belitung waiting for kabel, Change Mitra (SMP to KAS)
1 Sep 26: Perizinan butuh OSS (PU KABUPATEN). Sudah pengajuan TIF, belum upload (tahap pemberkasan). Butuh kabel 12.Mitra Kendala Operasional",,,00. Ny Golive,19/11/2026,,,,
13115121,BBL PT3B TJN-FCK JL SERAI WANGI BADAU,16,  -   ,19329013,1.208.063.313,AREA 1,SUMBAGSEL,PANGKAL PINANG,PT3,Telkom Akses,51,14. PT3/Batch 5 thp 2,Prio Agustus,NY Go Live,0,Y,y,20 Branch,#N/A,02. Matdel,NY Ready,1.200,,30-Sep-26,19/11/2026,Material NY Ready,"15/09: Lokasi Belitung waiting for kabel, Change Mitra (SMP to KAS)
1 Sep 26: Perizinan butuh OSS (PROVINSI DAN KABUPATEN). Sudah pengajuan TIF, belum upload (tahap pemberkasan). Butuh kabel 12.Mitra Kendala Operasional",,,00. Ny Golive,19/11/2026,,,,
13115118,BBL PT3B TJN-FAA JL LETTU KANAN,16,  -   ,20448759,1.278.047.438,AREA 1,SUMBAGSEL,PANGKAL PINANG,PT3,Telkom Akses,50,14. PT3/Batch 5 thp 2,Prio Agustus,NY Go Live,0,Y,y,20 Branch,#N/A,02. Matdel,NY Ready,600,,30-Sep-26,19/11/2026,Material NY Ready,"15/09: Lokasi Belitung waiting for kabel, Change Mitra (SMP to KAS)
1 Sep 26: Perizinan butuh OSS (PROVINSI DAN KABUPATEN). Sudah pengajuan TIF, belum upload (tahap pemberkasan). Butuh kabel 12.Mitra Kendala Operasional",,,00. Ny Golive,19/11/2026,,,,
12941776,BABEL-JPP-PT3-ODC-MTK-FA-567459,40,  -   ,22919125,572.978.125,AREA 1,SUMBAGSEL,PANGKAL PINANG,PT3,Telkom Akses,32,8. PT3/Batch 4b thp 2,Prio Agustus,NY Go Live,0,Y,y,20 Branch,#N/A,03. OGP Instalasi,Ready,400,,,23/09/2026,Antrian Pekerjaan,"15/09: Done Matdel, Plan Install: 18/09, Plan GL: 23/09
1 Sep 26: Perizinan butuh OSS (PU KABUPATEN). Sudah pengajuan TIF, belum upload (tahap pemberkasan). Butuh kabel 12.",,,00. Ny Golive,23/09/2026,,,,
12988293,BBL PT3 EXPAND ODC-SLT-FCB,56,  -   ,24922320,1038430,AREA 1,SUMBAGSEL,PANGKAL PINANG,PT3,Telkom Akses,33,14. PT3/Batch 5 thp 2,Prio Agustus,NY Go Live,0,Y,y,20 Branch,#N/A,02. Matdel,Ready,2.600,,,30/09/2026,Antrian Pekerjaan,"15/09:  Plan Matdel: 16/09, Plan install: 25/09 GL: 30/09. Mitra OGP Air putih muntok (hanya 1 tim). Change Mitra SMP to Famika
1 Sep 26: Perizinan butuh OSS (PU PROVINSI). Sudah pengajuan TIF, belum upload (tahap pemberkasan). Butuh kabel 12.Mitra Kendala Operasiona",,,00. Ny Golive,30/09/2026,,,,
13115213,BBL PT3B TJN-FG JL PASIR PUTIH 2026,24,  -   ,25084383,1.045.182.625,AREA 1,SUMBAGSEL,PANGKAL PINANG,PT3,Telkom Akses,43,14. PT3/Batch 5 thp 2,Prio Agustus,NY Go Live,0,Y,y,20 Branch,#N/A,02. Matdel,NY Ready,1.070,,30-Sep-26,19/11/2026,Material NY Ready,"15/09: Lokasi Belitung waiting for kabel, Change Mitra (SMP to KAS)
1 Sep 26: Perizinan butuh OSS (PU PROVINSI KABUPATEN). Sudah pengajuan TIF, belum upload (tahap pemberkasan). Butuh kabel 12.Mitra Kendala Operasional",,,00. Ny Golive,19/11/2026,,,,
13113661,BBL PT3B KBO-FF DEPATI KOBA 2026,0,  -   ,26444989,1.101.874.542,AREA 1,SUMBAGSEL,PANGKAL PINANG,PT3,Telkom Akses,58,14. PT3/Batch 5 thp 2,Prio Agustus,NY Go Live,0,Y,y,20 Branch,#N/A,05. Go Live,Ready,-,850,,,Go Live,GOLIVE,,,01. Golive,DONE,,,,
12988189,BBL PT3B SLT-FB EXPAND ODC SLT FB,56,  -   ,26971515,674.287.875,AREA 1,SUMBAGSEL,PANGKAL PINANG,PT3,Telkom Akses,44,14. PT3/Batch 5 thp 2,Prio Agustus,NY Go Live,0,Y,y,20 Branch,#N/A,02. Matdel,Ready,1.800,,,28/09/2026,OGP Matdel,"15/09: Plan Matdel: 16/09, Plan install: 22/09 GL: 28/09. Mitra OGP Air putih muntok (hanya 1 tim). Change mitra SMP to Famika
1 Sep 26: Perizinan butuh OSS (PU NASIONAL DAN PROVINSI). Sudah pengajuan TIF, belum upload (tahap pemberkasan). Butuh kabel 12.Mitra Kendala Operasiona",,,00. Ny Golive,28/09/2026,,,,
12387676,BBL PT3 P4I3 LCO Expand Air Putih Muntok,32,  -   ,29540573,9.231.429.063,AREA 1,SUMBAGSEL,PANGKAL PINANG,PT3,Telkom Akses,35,14. PT3/Batch 5 thp 2,Prio Agustus,NY Go Live,0,Y,y,20 Branch,#N/A,03. OGP Instalasi,Ready,1.070,,,22/09/2026,OGP Instalasi,"15/09: OGP Penarikan kabel, Plan GL: 22/09
1 Sep 26: Perizinan butuh OSS (PU KABUPATEN). Sudah pengajuan TIF, belum upload (tahap pemberkasan). Butuh kabel 12.",,,00. Ny Golive,22/09/2026,,,,
13115275,BBL PT3B BELAKANG SDN 2 JEBUS,24,  -   ,30727994,1.280.333.083,AREA 1,SUMBAGSEL,PANGKAL PINANG,PT3,Telkom Akses,42,14. PT3/Batch 5 thp 2,Prio Agustus,NY Go Live,0,Y,y,20 Branch,#N/A,03. OGP Instalasi,Ready,750,2.800,,24/09/2026,OGP Instalasi,"15/09: Proses tarik kabel GL: 24/09 -> Mitra sambil mengerjakan LOP Prioritas lain req tsel pangkal pinang
10/09: Ambil Material
1 Sep 26: Perizinan butuh OSS (PU KABUPATEN). Sudah pengajuan TIF, belum upload (tahap pemberkasan). Butuh kabel 12. | Menunggu Approval TIF Kenaikan nilai <10%",,,00. Ny Golive,24/09/2026,,,,
12987955,BBL PT3B BYU-FE EXPAND ODC-BYU-FE,24,  -   ,40408905,1.683.704.375,AREA 1,SUMBAGSEL,PANGKAL PINANG,PT3,Telkom Akses,41,14. PT3/Batch 5 thp 2,Prio Agustus,NY Go Live,0,Y,y,20 Branch,#N/A,02. Matdel,Ready,1.500,,,30/09/2026,OGP Matdel,"15/09: Plan Matdel: 22/09, antrian pekerjaan  (Mitra sedang progress branching ODC PGP 538342) .  Change Mitra SMP to KAS
1 Sep 26: Perizinan butuh OSS (PU NASIONAL DAN KABUPATEN). Sudah pengajuan TIF, belum upload (tahap pemberkasan). Butuh kabel 12.Mitra Kendala Operasiona",,,00. Ny Golive,30/09/2026,,,,
13115120,BBL PT3 MGR-FG JL SDN9 MGR 2026,40,  -   ,50526262,"1263156,55",AREA 1,SUMBAGSEL,PANGKAL PINANG,PT3,Telkom Akses,27,14. PT3/Batch 5 thp 2,Prio Agustus,NY Go Live,0,Y,y,20 Branch,#N/A,02. Matdel,NY Ready,1.000,1.500,30-Sep-26,19/11/2026,Material NY Ready,"15/09: Lokasi Belitung waiting for kabel, Change Mitra (SMP to KAS)
1 Sep 26: Perizinan butuh OSS (PU PROVINSI). Sudah pengajuan TIF, belum upload (tahap pemberkasan). Butuh kabel 12.Mitra Kendala Operasiona",,,00. Ny Golive,19/11/2026,,,,
13113981,BBL PT3 TBI-FP PENGARAM 2026,48,  -   ,54490354,9.730.420.357,AREA 1,SUMBAGSEL,PANGKAL PINANG,PT3,Telkom Akses,34,14. PT3/Batch 5 thp 2,Prio Agustus,NY Go Live,0,Y,y,20 Branch,#N/A,05. Go Live,Ready,700,1.600,,,Go Live,GOLIVE,,,01. Golive,DONE,,,,
12987113,BBL EXPAND ODC-PGP-FAG,40,  -   ,56567207,1.414.180.175,AREA 1,SUMBAGSEL,PANGKAL PINANG,PT3,Telkom Akses,22,14. PT3/Batch 5 thp 2,Prio Agustus,NY Go Live,0,Y,y,20 Branch,#N/A,03. OGP Instalasi,Ready,1.250,1.200,,17/09/2026,OGP Instalasi,"15/09: Progress Bangun ODP, Plan FI: 16/09, GL: 17/09 
1 Sep 26: Perizinan butuh OSS (PU PROVINSI DAN KABUPATEN). Sudah pengajuan TIF, belum upload (tahap pemberkasan). Butuh kabel 12. PID MItra NOK, OGP Create",,,00. Ny Golive,17/09/2026,,,,
12988228,BBL PT3 PGP-FAH EXPAND ODC-PGP-FAH,80,  72 ,154330216,1.753.752.455,AREA 1,SUMBAGSEL,PANGKAL PINANG,PT3,Telkom Akses,31,14. PT3/Batch 5 thp 2,Prio Agustus,NY Go Live,0,Y,y,20 Branch,#N/A,05. Go Live,Ready,3.050,1.650,,,Go Live,"11/09: HI GL
Sudah tarik kabel 24, kendala modul OLT",,,01. Golive,Done,,,,
13115068,BBL PT3B MGR-FC BELAKANG MTSN MGR 2026,56,  -   ,58583479,1.046.133.554,AREA 1,SUMBAGSEL,PANGKAL PINANG,PT3,Telkom Akses,59,14. PT3/Batch 5 thp 2,Prio Agustus,NY Go Live,0,Y,y,20 Branch,#N/A,02. Matdel,NY Ready,650,1.385,30-Sep-26,18/12/2026,,"15/09: Lokasi Belitung waiting for kabel, Change Mitra (SMP to KAS)
1 Sep 26: Perizinan butuh OSS (PU NASIONAL DAN PROVINSI). Sudah pengajuan TIF, belum upload (tahap pemberkasan). Butuh kabel 12.Mitra Kendala Operasional",,,00. Ny Golive,18/12/2026,,,,
12988265,BBL PT3 PGP-FAK EXPAND ODC PGP FAK,48,  -   ,59847892,1.246.831.083,AREA 1,SUMBAGSEL,PANGKAL PINANG,PT3,Telkom Akses,37,14. PT3/Batch 5 thp 2,Prio Agustus,NY Go Live,0,Y,y,20 Branch,#N/A,03. OGP Instalasi,Ready,1.300,2.700,,26/09/2026,OGP Instalasi,"15/09: Done Matdel, Plan install: 20/09, GL 26/09
1 Sep 26: Perizinan butuh OSS (PU NASIONAL DAN KABUPATEN). Sudah pengajuan TIF, belum upload (tahap pemberkasan). Butuh kabel 12.PID MItra NOK, OGP Create",,,00. Ny Golive,26/09/2026,,,,
13113131,BBL PT3B KBO-FC MERDEKA KOBA 2026,112,  56 ,83882368,"1048529,6",AREA 1,SUMBAGSEL,PANGKAL PINANG,PT3,Telkom Akses,17,14. PT3/Batch 5 thp 2,Prio Agustus,NY Go Live,0,Y,y,20 Branch,#N/A,03. OGP Instalasi,Ready,1.100,2.100,,16/09/2026,OGP Instalasi,"15/09: Proses terminasi 10 ODP, FI & GL: 16/09
1 Sep 26: Perizinan butuh OSS (PU PROVINSI DAN KABUPATEN). Sudah pengajuan TIF, belum upload (tahap pemberkasan). Butuh kabel 12. (Done Tanam tiang & tarik kabel 24)",,,00. Ny Golive,16/09/2026,,,,
11552414,JBI-PT3 BRANCHING-BKO-FE-PERUM ARRAFI,32,  -   ,40301375,1.259.417.969,AREA 1,SUMBAGSEL,JAMBI,PT3,Telkom Akses,16,3. PT3/Batch 2,Prio September,NY Go Live,0,Y,y,20 Branch,#N/A,01. Persiapan,Ready,,,,15/10/2026,Perijinan,"15/09: Awalnya drop perizinan, Tsel minta lanjut lagi. OGP Pencarian Mitra  (Batu hampar, durian lecah, langit residence). Lokasi Outer (6 jam dr jambi)",,,Kendala Perizinan/di Tolak,15/10/2026,,,,
12950927,JBI-PT3 BRANCH-MAB-FE-PERUM PESONA BUNGO,32,  32 ,33003386,1.031.355.813,AREA 1,SUMBAGSEL,JAMBI,PT3,Telkom Akses,10,14. PT3/Batch 5 thp 2,Prio September,NY Go Live,0,Y,y,20 Branch,#N/A,05. Go Live,Ready,-,690,,,Go Live,"GOLIVE
14/09: PLAN GL HI
11/09: HI GL
10/09:  Proses Drawing 
07/09: Proses Valins",,,01. Golive,DONE,,,,
12934068,JPP-PT4 UP ODC-MAB-FK-LANGIT RESIDENCE,48,  -   ,166106882,3.460.560.042,AREA 1,SUMBAGSEL,JAMBI,PT3,Telkom Akses,8,6. PT3/Batch 4a,Prio September,NY Go Live,0,Y,y,20 Branch,#N/A,01. Persiapan,Ready,,,,15/10/2026,Perijinan,"15/09: Awalnya drop, Tsel minta lanjut lagi. OGP Pencarian Mitra  (Batu hampar, durian lecah, langit residence)",,,Aanwijzing,15/10/2026,,,,
13020981,JBI-PT3 BRANCH-MAB-FAA-WARJO AGUSTA,32,  32 ,42859498,1.339.359.313,AREA 1,SUMBAGSEL,JAMBI,PT3,Telkom Akses,9,8. PT3/Batch 4b thp 2,Prio September,NY Go Live,0,Y,y,20 Branch,#N/A,03. OGP Instalasi,Ready,-,1.020,,17/09/2026,OGP Instalasi,"15/09: OGP Jumper, Plan FI: 16/09 GL: 17/09 
14/09: Proses terminasi ODP target selesai 14 sep. utk GL antrian drawing.
10/09: OGP Terminasi
07/09: Plan terminasi 9/9",,,00. Ny Golive,17/09/2026,,,,
11337338,JBI-PT3-BKO-FL-DURIAN LECAH,64,  -   ,110659972,1.729.062.063,AREA 1,SUMBAGSEL,JAMBI,PT3,Telkom Akses,7,14. PT3/Batch 5 thp 2,Prio September,NY Go Live,0,Y,y,20 Branch,#N/A,01. Persiapan,Ready,-,1.790,,28/09/2026,Subcont Mitra NOK,"15/09: Mitra mundur tidak ada tim padahal done aanwijzing (Han Sung), OGP Cari mitra (SMP/ACM).",,,00. Ny Golive,28/09/2026,,,,
13091978,JBI-PT3-MND-FD-PARK AVENUE (PLAN A),80,  -   ,102400575,1.280.007.188,AREA 1,SUMBAGSEL,JAMBI,PT3,Telkom Akses,1,14. PT3/Batch 5 thp 2,Prio September,NY Go Live,0,Y,y,20 Branch,#N/A,03. OGP Instalasi,Ready,-,1.655,,22/09/2026,Antrian Pekerjaan,"15/09: Tim masih di muhajirin, sudah koordinasi minta penambahan tim (Eksisting terdapat 2 tim (1 KU (4 org) & 1 KT (15 ORG)) 
14/09: masih OGP galian (sudah 300 dari 800m), galian keras tim pindah ke Muhajirin. 
DONE TANAM TIANG, TARIK KABEL, OGP GALIAN",,,00. Ny Golive,22/09/2026,,,,
11263720,JBI-PT4+MINOL-MND-FAH-MUHAJIRIN,568,  -   ,1143685734,2.013.531.222,AREA 1,SUMBAGSEL,JAMBI,PT3,Telkom Akses,2,8. PT3/Batch 4b thp 2,Prio September,NY Go Live,0,Y,y,20 Branch,#N/A,03. OGP Instalasi,Ready,-,13.110,,16/10/2026,OGP Instalasi,"14/09: OGP Galian (sudah 4km dari 6,9km) kecepatan gali 200-300m, Est galian 14 hk (28 sep). 288 tiang, per hari bisa selesai 20 tiang+pondasi, est tiang 15hk (29 sep).  Penarikan kabel 13Km, 1km/hari buth 13 hk (13 Okt). 71 ODP pasang 10 ODP/hk, bisa mulai 1 okt, tapi penyelesaian s.d 14 okt,  ada comcase LSM & karang taruna minta kompensasi.",,,00. Ny Golive,16/10/2026,,,,
12905513,BNK JPP PT4 IPU SUNGAI RAMBAI,264,  -   ,334721856,1.267.885.818,AREA 1,SUMBAGSEL,BENGKULU,PT3,Telkom Akses,14,14. PT3/Batch 5 thp 2,Prio September,NY Go Live,0,Y,y,20 Branch,#N/A,03. OGP Instalasi,Ready,1.940,6.450,,30/09/2026,OGP Instalasi,"16/09: OGP Tanam Tiang (111) plah HI selesai tanam tiang
15/09: OGP Tanam Tiang
14/09: progress tanam tiang+cat, 
11/09: Plan Pickup hari ini
08/09: DONE PR PO
1 Sep'26: mitra GPTP (PR PO di p Erwin). Lokasi 4-5 jam dari Bengkulu (outer). Butuh 2 jointer minimal untuk pasang 35 ODP. Penarikan kabel maksimal 8 hari.",,,00. Ny Golive,30/09/2026,,,,
12988213,BBL PT3 EXPAND ODC-SLT-FJ,64,  -   ,58300870,"1457521,75",AREA 1,SUMBAGSEL,PANGKAL PINANG,PT3,Telkom Akses,23,14. PT3/Batch 5 thp 2,Prio September,NY Go Live,0,Y,y,20 Branch,#N/A,03. OGP Instalasi,Ready,,2.300,,25/09/2026,OGP Instalasi,"15/09: Done Matdel, Plan install: 18/09, GL 25/09.  Change Mitra SMP to KAS
1 Sep 26: Perizinan butuh OSS (PU PROVINSI). Sudah pengajuan TIF, belum upload (tahap pemberkasan). Butuh kabel 12.",,,00. Ny Golive,25/09/2026,,,,
12988289,BBL PT3 PGP-FAJ EXPAND ODC-PGP-FAJ,96,  -   ,113234041,1.415.425.513,AREA 1,SUMBAGSEL,PANGKAL PINANG,PT3,Telkom Akses,25,14. PT3/Batch 5 thp 2,Prio September,NY Go Live,0,Y,y,20 Branch,#N/A,03. OGP Instalasi,Ready,1.350,1.650,,30/09/2026,OGP Instalasi,"15/09: Done Matdel, Plan install: 23/09, FI 29/09, GL 30/09
1 Sep 26: Perizinan butuh OSS (PU KABUPATEN). Sudah pengajuan TIF, belum upload (tahap pemberkasan). Butuh kabel 12.",,,00. Ny Golive,30/09/2026,,,,
12987092,BBL EXPAND ODC-PGP-FAB,80,  -   ,114161335,1.585.574.097,AREA 1,SUMBAGSEL,PANGKAL PINANG,PT3,Telkom Akses,30,14. PT3/Batch 5 thp 2,Prio September,NY Go Live,0,Y,y,20 Branch,#N/A,03. OGP Instalasi,Ready,1.100,1.750,,25/09/2026,OGP Instalasi,"15/09: Done Matdel, Plan install: 20/09, FI 24/09, GL 25/09
1 Sep 26: Perizinan butuh OSS (PU NASIONAL DAN PROVINSI). Sudah pengajuan TIF, belum upload (tahap pemberkasan). Butuh kabel 12.",,,00. Ny Golive,25/09/2026,,,,
13115279,BBL PT3 BYU-FH JL.RAYA DESA LUMUT,80,  -   ,114618405,1.591.922.292,AREA 1,SUMBAGSEL,PANGKAL PINANG,PT3,Telkom Akses,29,14. PT3/Batch 5 thp 2,Prio September,NY Go Live,0,Y,y,20 Branch,#N/A,02. Matdel,Ready,2.800,2.000,,30/09/2026,OGP Matdel,"15/09: Besok matdel, Plan Install: 25/09 (Mitra sedang progress branching ODC PGP 538342). Change Mitra SMP to KAS
1 Sep 26: Perizinan butuh OSS (PU NASIONAL DAN KABUPATEN). Sudah pengajuan TIF, belum upload (tahap pemberkasan). Butuh kabel 12.Mitra Kendala Operasiona",,,00. Ny Golive,30/09/2026,,,,
12947230,SMS PT2LS BENGKULU DUSPA,16,  -   ,4467621,2.792.263.125,AREA 1,SUMBAGSEL,BENGKULU,PT2,Telkom Akses,9,11. PT2/Batch 3,Prio September,NY Go Live,0,Y,y,20 Branch,#N/A,01. Persiapan,Ready,,,,,,,,,,#N/A,,,,
12931087,SMS PT2LS 534110,8,  -   ,3077121,384.640.125,AREA 1,SUMBAGSEL,BENGKULU,PT2,Telkom Akses,100,11. PT2/Batch 3,Prio September,NY Go Live,0,Y,y,20 Branch,#N/A,01. Persiapan,Ready,,,,,,,,,,#N/A,,,,
12932971,SMS PT2LS LAHAT_126345_H2_2025,8,  -   ,3077121,384.640.125,AREA 1,SUMBAGSEL,BENGKULU,PT2,Telkom Akses,101,11. PT2/Batch 3,Prio September,NY Go Live,0,Y,y,20 Branch,#N/A,01. Persiapan,Ready,,,,,,,,,,#N/A,,,,
12932947,SMS PT2LS LAHAT_19178_H2_2025,8,  -   ,3077121,384.640.125,AREA 1,SUMBAGSEL,BENGKULU,PT2,Telkom Akses,102,11. PT2/Batch 3,Prio September,NY Go Live,0,Y,y,20 Branch,#N/A,01. Persiapan,Ready,,,,,,,,,,#N/A,,,,
12932901,SMS PT2LS LAHAT_143332_H2_2025,8,  -   ,3077121,384.640.125,AREA 1,SUMBAGSEL,BENGKULU,PT2,Telkom Akses,103,11. PT2/Batch 3,Prio September,NY Go Live,0,Y,y,20 Branch,#N/A,01. Persiapan,Ready,,,,,,,,,,#N/A,,,,
12931887,SMS PT2LS LAHAT_490_H2_2025,8,  -   ,3077121,384.640.125,AREA 1,SUMBAGSEL,BENGKULU,PT2,Telkom Akses,104,11. PT2/Batch 3,Prio September,NY Go Live,0,Y,y,20 Branch,#N/A,01. Persiapan,Ready,,,,,,,,,,#N/A,,,,
12934409,SMS PT2LS 2500_-170_358,8,  -   ,3027681,378.460.125,AREA 1,SUMBAGSEL,BENGKULU,PT2,Telkom Akses,105,11. PT2/Batch 3,Prio September,NY Go Live,0,Y,y,20 Branch,#N/A,01. Persiapan,Ready,,,,,,,,,,#N/A,,,,
12966799,SMS PT2 TMO FJ D03 EDI KUSWANTO,8,  -   ,2282449,285.306.125,AREA 1,SUMBAGSEL,BENGKULU,PT2,Telkom Akses,79,12. PT2/Batch 4 UNTSEL,Prio September,NY Go Live,0,Y,y,20 Branch,#N/A,00. Propose Drop,,,,,,PT1 - Disolusikan Dengan Alpro Lain,,,,,#N/A,,,,
13032923,BNK UNTSEL PT2 AOi42603011036515035b2e00,8,  -   ,2645781,330.722.625,AREA 1,SUMBAGSEL,BENGKULU,PT2,Telkom Akses,80,12. PT2/Batch 4 UNTSEL,Prio September,NY Go Live,0,Y,y,20 Branch,#N/A,00. Propose Drop,,,,,,Core Distribusi Habis,,,,,#N/A,,,,
13066437,BNK UNTSEL PT2 AOi4260329035245495dbd680,8,  -   ,2645781,330.722.625,AREA 1,SUMBAGSEL,BENGKULU,PT2,Telkom Akses,81,12. PT2/Batch 4 UNTSEL,Prio September,NY Go Live,0,Y,y,20 Branch,#N/A,00. Propose Drop,,,,,,Core Distribusi Habis,,,,,#N/A,,,,
13077064,SMS PT2 ODC TMO FA D06 DSC,8,  -   ,2292251,286.531.375,AREA 1,SUMBAGSEL,BENGKULU,PT2,Telkom Akses,82,12. PT2/Batch 4 UNTSEL,Prio September,NY Go Live,0,Y,y,20 Branch,#N/A,00. Propose Drop,,,,,,Core Distribusi Habis,,,,,#N/A,,,,
13059269,BNK UNTSEL PT2 AOi42603180334073932fbb80,8,  -   ,2645781,330.722.625,AREA 1,SUMBAGSEL,BENGKULU,PT2,Telkom Akses,83,12. PT2/Batch 4 UNTSEL,Prio September,NY Go Live,0,Y,y,20 Branch,#N/A,00. Propose Drop,,,,,,Core Distribusi Habis,,,,,#N/A,,,,
12918764,SMS PT2 TSS FB D06 MIA SA RI,8,  -   ,2282449,285.306.125,AREA 1,SUMBAGSEL,BENGKULU,PT2,Telkom Akses,84,12. PT2/Batch 4 UNTSEL,Prio September,NY Go Live,0,Y,y,20 Branch,#N/A,00. Propose Drop,,,,,,Core Distribusi Habis,,,,,#N/A,,,,
12961782,SMS PT2 TSS FJ D03 DSC.,8,  -   ,2282449,285.306.125,AREA 1,SUMBAGSEL,BENGKULU,PT2,Telkom Akses,85,12. PT2/Batch 4 UNTSEL,Prio September,NY Go Live,0,Y,y,20 Branch,#N/A,00. Propose Drop,,,,,,PT1 - Disolusikan Dengan Alpro Lain,,,,,#N/A,,,,
12961769,SMS PT2 TSS FJ D03 DSC,8,  -   ,2282449,285.306.125,AREA 1,SUMBAGSEL,BENGKULU,PT2,Telkom Akses,86,12. PT2/Batch 4 UNTSEL,Prio September,NY Go Live,0,Y,y,20 Branch,#N/A,00. Propose Drop,,,,,,Core Distribusi Habis,,,,,#N/A,,,,
13055361,BNK UNTSEL PT2 AOi4260307034041723ccce70,8,  -   ,2645781,330.722.625,AREA 1,SUMBAGSEL,BENGKULU,PT2,Telkom Akses,87,12. PT2/Batch 4 UNTSEL,Prio September,NY Go Live,0,Y,y,20 Branch,#N/A,00. Propose Drop,,,,,,Core Distribusi Habis,,,,,#N/A,,,,
12918743,SMS PT2 SPP FQ D01 SYARI,8,  -   ,2282449,285.306.125,AREA 1,SUMBAGSEL,BENGKULU,PT2,Telkom Akses,88,12. PT2/Batch 4 UNTSEL,Prio September,NY Go Live,0,Y,y,20 Branch,#N/A,00. Propose Drop,,,,,,Core Distribusi Habis,,,,,#N/A,,,,
12893886,SMS PT2 LLG FAN D04 DSC,8,  -   ,2282449,285.306.125,AREA 1,SUMBAGSEL,BENGKULU,PT2,Telkom Akses,89,12. PT2/Batch 4 UNTSEL,Prio September,NY Go Live,0,Y,y,20 Branch,#N/A,00. Propose Drop,,,,,,Core Distribusi Habis,,,,,#N/A,,,,
12918721,SMS PT2 LLG FAN D04 NOVRIYANTI,8,  -   ,2282449,285.306.125,AREA 1,SUMBAGSEL,BENGKULU,PT2,Telkom Akses,90,12. PT2/Batch 4 UNTSEL,Prio September,NY Go Live,0,Y,y,20 Branch,#N/A,00. Propose Drop,,,,,,Core Distribusi Habis,,,,,#N/A,,,,
12918855,SMS PT2 SPP FQ D02 UNDANG MANSYUR,8,  -   ,2282449,285.306.125,AREA 1,SUMBAGSEL,BENGKULU,PT2,Telkom Akses,91,12. PT2/Batch 4 UNTSEL,Prio September,NY Go Live,0,Y,y,20 Branch,#N/A,00. Propose Drop,,,,,,PT1 - Disolusikan Dengan Alpro Lain,,,,,#N/A,,,,
12918780,SMS PT2 LLG FAT D04 PITRIYANA,8,  -   ,2282449,285.306.125,AREA 1,SUMBAGSEL,BENGKULU,PT2,Telkom Akses,92,12. PT2/Batch 4 UNTSEL,Prio September,NY Go Live,0,Y,y,20 Branch,#N/A,00. Propose Drop,,,,,,Core Distribusi Habis,,,,,#N/A,,,,
12918724,SMS PT2 LLG FAB D09 NOVIT SAPUTRA,8,  -   ,2282449,285.306.125,AREA 1,SUMBAGSEL,BENGKULU,PT2,Telkom Akses,93,12. PT2/Batch 4 UNTSEL,Prio September,NY Go Live,0,Y,y,20 Branch,#N/A,00. Propose Drop,,,,,,Core Distribusi Habis,,,,,#N/A,,,,
12918821,SMS PT2 LLG FAN D04 ABDUL HARIS,8,  -   ,2282449,285.306.125,AREA 1,SUMBAGSEL,BENGKULU,PT2,Telkom Akses,94,12. PT2/Batch 4 UNTSEL,Prio September,NY Go Live,0,Y,y,20 Branch,#N/A,00. Propose Drop,,,,,,Core Distribusi Habis,,,,,#N/A,,,,
12966582,SMS PT2 LLG FAT D04 MELVI AYU,8,  -   ,2282449,285.306.125,AREA 1,SUMBAGSEL,BENGKULU,PT2,Telkom Akses,95,12. PT2/Batch 4 UNTSEL,Prio September,NY Go Live,0,Y,y,20 Branch,#N/A,00. Propose Drop,,,,,,PT1 - Disolusikan Dengan Alpro Lain,,,,,#N/A,,,,
13057602,BNK UNTSEL PT2 AOi426032307132879836a8d0,8,  -   ,2199315,274.914.375,AREA 1,SUMBAGSEL,BENGKULU,PT2,Telkom Akses,96,12. PT2/Batch 4 UNTSEL,Prio September,NY Go Live,0,Y,y,20 Branch,#N/A,00. Propose Drop,,,,,,PT1 - Disolusikan Dengan Alpro Lain,,,,,#N/A,,,,
12931995,SMS PT2 LHT FAL D04 ASTI MAREZA D,8,  -   ,2282449,285.306.125,AREA 1,SUMBAGSEL,BENGKULU,PT2,Telkom Akses,97,12. PT2/Batch 4 UNTSEL,Prio September,NY Go Live,0,Y,y,20 Branch,#N/A,00. Propose Drop,,,,,,Core Distribusi Habis,,,,,#N/A,,,,
12911923,SMS PT2 PGA FAZ D05 DSC,8,  -   ,2282449,285.306.125,AREA 1,SUMBAGSEL,BENGKULU,PT2,Telkom Akses,98,12. PT2/Batch 4 UNTSEL,Prio September,NY Go Live,0,Y,y,20 Branch,#N/A,00. Propose Drop,,,,,,Core Distribusi Habis,,,,,#N/A,,,,
12967433,SMS PT2 PGA FG D02 EDWARD,8,  -   ,2282449,285.306.125,AREA 1,SUMBAGSEL,BENGKULU,PT2,Telkom Akses,99,12. PT2/Batch 4 UNTSEL,Prio September,NY Go Live,0,Y,y,20 Branch,#N/A,00. Propose Drop,,,,,,Core Distribusi Habis,,,,,#N/A,,,,
13057324,BNK UNTSEL PT2 AOi4260302083700339bcd2e0,16,  -   ,458777,286.735.625,AREA 1,SUMBAGSEL,BENGKULU,PT2,Telkom Akses,186,12. PT2/Batch 4 UNTSEL,Prio September,NY Go Live,0,Y,y,20 Branch,#N/A,00. Propose Drop,,,,,,PT1 - Disolusikan Dengan Alpro Lain,,,,,#N/A,,,,
13030162,BNK UNTSEL PT2 AOi426030108361010233b0c0,16,  -   ,458777,286.735.625,AREA 1,SUMBAGSEL,BENGKULU,PT2,Telkom Akses,187,12. PT2/Batch 4 UNTSEL,Prio September,NY Go Live,0,Y,y,20 Branch,#N/A,00. Propose Drop,,,,,,PT1 - Disolusikan Dengan Alpro Lain,,,,,#N/A,,,,
13116499,BNK UNTSEL PT2 AOi426041308443136352ad70,8,  -   ,2131165,266.395.625,AREA 1,SUMBAGSEL,BENGKULU,PT2,Telkom Akses,300,12. PT2/Batch 4 UNTSEL,Prio September,NY Go Live,0,Y,y,20 Branch,#N/A,00. Propose Drop,,,,,,Core Distribusi Habis,,,,,#N/A,,,,
12917708,BNK PT3BRC AGRFA SPPG MARGA SAKTI,8,  -   ,9137231,1.142.153.875,AREA 1,SUMBAGSEL,BENGKULU,PT2,Telkom Akses,344,12. PT2/Batch 4 UNTSEL,Prio September,NY Go Live,0,Y,y,20 Branch,#N/A,00. Propose Drop,,,,,,QE Repair Core,,,,,#N/A,,,,
13028300,BNK UNTSEL PT2 AOi4260302094643591215050,8,  -   ,2645781,330.722.625,AREA 1,SUMBAGSEL,BENGKULU,PT2,Telkom Akses,346,12. PT2/Batch 4 UNTSEL,Prio September,NY Go Live,0,Y,y,20 Branch,#N/A,00. Propose Drop,,,,,,Core Distribusi Habis,,,,,#N/A,,,,
13056167,BNK UNTSEL PT2 AOi4260309094349281353c10,8,  -   ,2199315,274.914.375,AREA 1,SUMBAGSEL,BENGKULU,PT2,Telkom Akses,348,12. PT2/Batch 4 UNTSEL,Prio September,NY Go Live,0,Y,y,20 Branch,#N/A,00. Propose Drop,,,,,,Core Distribusi Habis,,,,,#N/A,,,,
13056180,BNK UNTSEL PT2 AOi4260308111532078f5c0b0,8,  -   ,2199315,274.914.375,AREA 1,SUMBAGSEL,BENGKULU,PT2,Telkom Akses,350,12. PT2/Batch 4 UNTSEL,Prio September,NY Go Live,0,Y,y,20 Branch,#N/A,00. Propose Drop,,,,,,Core Distribusi Habis,,,,,#N/A,,,,
13056215,BNK UNTSEL PT2 AOi4260307094856576222980,8,  -   ,2199315,274.914.375,AREA 1,SUMBAGSEL,BENGKULU,PT2,Telkom Akses,352,12. PT2/Batch 4 UNTSEL,Prio September,NY Go Live,0,Y,y,20 Branch,#N/A,00. Propose Drop,,,,,,Core Distribusi Habis,,,,,#N/A,,,,
12941918,ODP EXPAND ODP-PGP-FAD76,16,  -   ,1427464,"89216,5",AREA 1,SUMBAGSEL,PANGKAL PINANG,PT2,Telkom Akses,82,13. PT2/Batch 5,Prio September,NY Go Live,0,Y,y,20 Branch,#N/A,00. Propose Drop,,,,,,QE Repair Core,,,,,#N/A,,,,
12941195,"BABEL JPP PT2 567419 SIMPLE, EXPAND",16,  -   ,2707154,169.197.125,AREA 1,SUMBAGSEL,PANGKAL PINANG,PT2,Telkom Akses,84,13. PT2/Batch 5,Prio September,NY Go Live,0,Y,y,20 Branch,#N/A,00. Propose Drop,,,,,,Core Distribusi Habis,,,,,#N/A,,,,
12941138,ODP EXPAND ODP PGP FAX 082,16,  -   ,1427464,"89216,5",AREA 1,SUMBAGSEL,PANGKAL PINANG,PT2,Telkom Akses,85,13. PT2/Batch 5,Prio September,NY Go Live,0,Y,y,20 Branch,#N/A,05. Go Live,Ready,,,,,,,,,,#N/A,,,,
12938621,ODP EXPAND ODP-PGP-FCQ015,16,  -   ,1373704,"85856,5",AREA 1,SUMBAGSEL,PANGKAL PINANG,PT2,Telkom Akses,87,13. PT2/Batch 5,Prio September,NY Go Live,0,Y,y,20 Branch,#N/A,00. Propose Drop,,,,,,Core Distribusi Habis,,,,,#N/A,,,,
12938512,ODP EXPAND ODP-TPL-FJ002,16,  -   ,1427464,"89216,5",AREA 1,SUMBAGSEL,PANGKAL PINANG,PT2,Telkom Akses,88,13. PT2/Batch 5,Prio September,NY Go Live,0,Y,y,20 Branch,#N/A,00. Propose Drop,,,,,,QE Repair Core,,,,,#N/A,,,,
12112071,BNK-PT2-MUKO MUKO_82379_H2_2025,16,  -   ,5586154,349.134.625,AREA 1,SUMBAGSEL,BENGKULU,PT2,Telkom Akses,173,13. PT2/Batch 5,Prio September,NY Go Live,0,Y,y,20 Branch,#N/A,01. Persiapan,Ready,,,,,,,,,,#N/A,,,,
12063543,BNK PT2 BENGKULU UTARA_304_H2_2025,16,  -   ,5231708,"326981,75",AREA 1,SUMBAGSEL,BENGKULU,PT2,Telkom Akses,177,13. PT2/Batch 5,Prio September,NY Go Live,0,Y,y,20 Branch,#N/A,00. Propose Drop,,,,,,Core Feeder Habis,,,,,#N/A,,,,
12055988,BNK-PT2-BENGKULU UTARA_126234_H2_2025,16,  -   ,5246334,327.895.875,AREA 1,SUMBAGSEL,BENGKULU,PT2,Telkom Akses,178,13. PT2/Batch 5,Prio September,NY Go Live,0,Y,y,20 Branch,#N/A,01. Persiapan,Ready,,,,,,,,,,#N/A,,,,
12055612,BNK-PT2-BENGKULU UTARA_28356_H2_2025,16,  -   ,5246334,327.895.875,AREA 1,SUMBAGSEL,BENGKULU,PT2,Telkom Akses,179,13. PT2/Batch 5,Prio September,NY Go Live,0,Y,y,20 Branch,#N/A,01. Persiapan,Ready,,,,,,,,,,#N/A,,,,
12044249,BNK-PT2-BENGKULU UTARA_159901_H2_2025,16,  -   ,5246334,327.895.875,AREA 1,SUMBAGSEL,BENGKULU,PT2,Telkom Akses,180,13. PT2/Batch 5,Prio September,NY Go Live,0,Y,y,20 Branch,#N/A,01. Persiapan,Ready,,,,,,,,,,#N/A,,,,
12043756,BNK-PT2-BENGKULU UTARA_126233_H2_2025,16,  -   ,5147454,321.715.875,AREA 1,SUMBAGSEL,BENGKULU,PT2,Telkom Akses,181,13. PT2/Batch 5,Prio September,NY Go Live,0,Y,y,20 Branch,#N/A,01. Persiapan,Ready,,,,,,,,,,#N/A,,,,
12037482,BNK-PT2-BENGKULU UTARA_151549_H2_2025,16,  -   ,5147454,321.715.875,AREA 1,SUMBAGSEL,BENGKULU,PT2,Telkom Akses,182,13. PT2/Batch 5,Prio September,NY Go Live,0,Y,y,20 Branch,#N/A,01. Persiapan,Ready,,,,,,,,,,#N/A,,,,
12036744,BNK-PT2-BENGKULU UTARA_151530_H2_2025,16,  -   ,5147454,321.715.875,AREA 1,SUMBAGSEL,BENGKULU,PT2,Telkom Akses,183,13. PT2/Batch 5,Prio September,NY Go Live,0,Y,y,20 Branch,#N/A,01. Persiapan,Ready,,,,,,,,,,#N/A,,,,
12036576,BNK-PT2-BENGKULU UTARA_117867_H2_2025,16,  -   ,5147454,321.715.875,AREA 1,SUMBAGSEL,BENGKULU,PT2,Telkom Akses,184,13. PT2/Batch 5,Prio September,NY Go Live,0,Y,y,20 Branch,#N/A,01. Persiapan,Ready,,,,,,,,,,#N/A,,,,
12036325,BNK-PT2-BENGKULU UTARA_82674_H2_2025,16,  -   ,5147454,321.715.875,AREA 1,SUMBAGSEL,BENGKULU,PT2,Telkom Akses,185,13. PT2/Batch 5,Prio September,NY Go Live,0,Y,y,20 Branch,#N/A,01. Persiapan,Ready,,,,,,,,,,#N/A,,,,
12194652,BNK PT2 MKO FAJ JPPTSEL 167990_H2_2025,8,  -   ,3047689,380.961.125,AREA 1,SUMBAGSEL,BENGKULU,PT2,Telkom Akses,290,13. PT2/Batch 5,Prio September,NY Go Live,0,Y,y,20 Branch,#N/A,01. Persiapan,Ready,,,,,,,,,,#N/A,,,,
12125756,BNK PT2 MKO FAA JPPTSEL 43_H2_2025,8,  -   ,3047689,380.961.125,AREA 1,SUMBAGSEL,BENGKULU,PT2,Telkom Akses,292,13. PT2/Batch 5,Prio September,NY Go Live,0,Y,y,20 Branch,#N/A,01. Persiapan,Ready,,,,,,,,,,#N/A,,,,
12069236,BNK-PT2-MUKO MUKO_64555_H2_2025,8,  -   ,2827675,353.459.375,AREA 1,SUMBAGSEL,BENGKULU,PT2,Telkom Akses,294,13. PT2/Batch 5,Prio September,NY Go Live,0,Y,y,20 Branch,#N/A,01. Persiapan,Ready,,,,,,,,,,#N/A,,,,
12069030,BNK-PT2-MUKO MUKO_55621_H2_2025,8,  -   ,2827675,353.459.375,AREA 1,SUMBAGSEL,BENGKULU,PT2,Telkom Akses,296,13. PT2/Batch 5,Prio September,NY Go Live,0,Y,y,20 Branch,#N/A,01. Persiapan,Ready,,,,,,,,,,#N/A,,,,
12064155,BNK PT2 MUKO MUKO_82402_H2_2025,8,  -   ,2877115,359.639.375,AREA 1,SUMBAGSEL,BENGKULU,PT2,Telkom Akses,298,13. PT2/Batch 5,Prio September,NY Go Live,0,Y,y,20 Branch,#N/A,01. Persiapan,Ready,,,,,,,,,,#N/A,,,,
12056082,BNK-PT2-BENGKULU UTARA_134751_H2_2025,8,  -   ,2827675,353.459.375,AREA 1,SUMBAGSEL,BENGKULU,PT2,Telkom Akses,324,13. PT2/Batch 5,Prio September,NY Go Live,0,Y,y,20 Branch,#N/A,00. Propose Drop,,,,,,Pelanggan >250m dari ODP (tidak ada dist eksisting),,,,,#N/A,Kendala ijin tiang di tanah warga,,,
12055929,BNK-PT2-BENGKULU UTARA_108974_H2_2025,8,  -   ,2827675,353.459.375,AREA 1,SUMBAGSEL,BENGKULU,PT2,Telkom Akses,326,13. PT2/Batch 5,Prio September,NY Go Live,0,Y,y,20 Branch,#N/A,01. Persiapan,Ready,,,,,,,,,,#N/A,,,,
12055843,BNK-PT2-BENGKULU UTARA_126168_H2_2025,8,  -   ,2827675,353.459.375,AREA 1,SUMBAGSEL,BENGKULU,PT2,Telkom Akses,328,13. PT2/Batch 5,Prio September,NY Go Live,0,Y,y,20 Branch,#N/A,00. Propose Drop,,,,,,Pelanggan >250m dari ODP (tidak ada dist eksisting),,,,,#N/A,Kendala ijin tiang di tanah warga,,,
12055780,BNK-PT2-BENGKULU UTARA_18979_H2_2025,8,  -   ,2827675,353.459.375,AREA 1,SUMBAGSEL,BENGKULU,PT2,Telkom Akses,330,13. PT2/Batch 5,Prio September,NY Go Live,0,Y,y,20 Branch,#N/A,00. Propose Drop,,,,,,Pelanggan >250m dari ODP (tidak ada dist eksisting),,,,,#N/A,Kendala ijin tiang di tanah warga,,,
12052871,BNK-PT2-BENGKULU UTARA_28319_H2_2025,8,  -   ,2827675,353.459.375,AREA 1,SUMBAGSEL,BENGKULU,PT2,Telkom Akses,334,13. PT2/Batch 5,Prio September,NY Go Live,0,Y,y,20 Branch,#N/A,01. Persiapan,Ready,,,,,,,,,,#N/A,,,,
12043867,BNK-PT2-BENGKULU UTARA_9826_H2_2025,8,  -   ,2827675,353.459.375,AREA 1,SUMBAGSEL,BENGKULU,PT2,Telkom Akses,336,13. PT2/Batch 5,Prio September,NY Go Live,0,Y,y,20 Branch,#N/A,01. Persiapan,Ready,,,,,,,,,,#N/A,,,,
12037621,BNK-PT2-BENGKULU UTARA_91518_H2_2025,8,  -   ,2827675,353.459.375,AREA 1,SUMBAGSEL,BENGKULU,PT2,Telkom Akses,338,13. PT2/Batch 5,Prio September,NY Go Live,0,Y,y,20 Branch,#N/A,01. Persiapan,Ready,,,,,,,,,,#N/A,,,,
12036430,BNK-PT2-BENGKULU UTARA_82641_H2_2025,8,  -   ,2827675,353.459.375,AREA 1,SUMBAGSEL,BENGKULU,PT2,Telkom Akses,342,13. PT2/Batch 5,Prio September,NY Go Live,0,Y,y,20 Branch,#N/A,01. Persiapan,Ready,,,,,,,,,,#N/A,,,,
12341129,12341129-SMS PT2 LS ODC PDP FA,16,  -   ,5371306,335.706.625,AREA 1,SUMBAGSEL,BENGKULU,PT2,Telkom Akses,5,16. PT2/Batch 6 thp 1,Prio September,NY Go Live,0,Y,y,20 Branch,#N/A,01. Persiapan,Ready,,,,,,,,,,#N/A,,,,
12339717,12339717-SMS PT2 LS ODC TSS FJ,16,  -   ,5371306,335.706.625,AREA 1,SUMBAGSEL,BENGKULU,PT2,Telkom Akses,6,16. PT2/Batch 6 thp 1,Prio September,NY Go Live,0,Y,y,20 Branch,#N/A,01. Persiapan,Ready,,,,,,,,,,#N/A,,,,
12297682,SMS PT2 LS ODC-LHT-FL,16,  -   ,4625244,"289077,75",AREA 1,SUMBAGSEL,BENGKULU,PT2,Telkom Akses,7,16. PT2/Batch 6 thp 1,Prio September,NY Go Live,0,Y,y,20 Branch,#N/A,01. Persiapan,Ready,,,,,,,,,,#N/A,,,,
12297467,SMS PT2 LS ODC-LHT-FAM,16,  -   ,4625244,"289077,75",AREA 1,SUMBAGSEL,BENGKULU,PT2,Telkom Akses,8,16. PT2/Batch 6 thp 1,Prio September,NY Go Live,0,Y,y,20 Branch,#N/A,01. Persiapan,Ready,,,,,,,,,,#N/A,,,,
12339743,12339743-SMS PT2 LS ODC TSS FF,8,  -   ,3040021,380.002.625,AREA 1,SUMBAGSEL,BENGKULU,PT2,Telkom Akses,74,16. PT2/Batch 6 thp 1,Prio September,NY Go Live,0,Y,y,20 Branch,#N/A,01. Persiapan,Ready,,,,,,,,,,#N/A,,,,
12332834,SMS PT2 LS ODC-SPP-FR-D02,8,  -   ,2453815,306.726.875,AREA 1,SUMBAGSEL,BENGKULU,PT2,Telkom Akses,75,16. PT2/Batch 6 thp 1,Prio September,NY Go Live,0,Y,y,20 Branch,#N/A,01. Persiapan,Ready,,,,,,,,,,#N/A,,,,
12297878,SMS PT2 LS ODC-LHT-FQ-D02,8,  -   ,2453815,306.726.875,AREA 1,SUMBAGSEL,BENGKULU,PT2,Telkom Akses,76,16. PT2/Batch 6 thp 1,Prio September,NY Go Live,0,Y,y,20 Branch,#N/A,01. Persiapan,Ready,,,,,,,,,,#N/A,,,,
12297607,SMS PT2 LS ODC-LHT-FE-D01,8,  -   ,2453815,306.726.875,AREA 1,SUMBAGSEL,BENGKULU,PT2,Telkom Akses,77,16. PT2/Batch 6 thp 1,Prio September,NY Go Live,0,Y,y,20 Branch,#N/A,01. Persiapan,Ready,,,,,,,,,,#N/A,,,,
12297413,SMS PT2 LS ODC-LHT-FAL-D02,8,  -   ,2453815,306.726.875,AREA 1,SUMBAGSEL,BENGKULU,PT2,Telkom Akses,78,16. PT2/Batch 6 thp 1,Prio September,NY Go Live,0,Y,y,20 Branch,#N/A,01. Persiapan,Ready,,,,,,,,,,#N/A,,,,
13069237,BNK EBIS PT2 CRP FE LESEHAN MIROLA,16,  -   ,1742633,1.089.145.625,AREA 1,SUMBAGSEL,BENGKULU,PT2,Telkom Akses,166,19. PT2/Batch 7 UNTSEL,Prio September,NY Go Live,0,Y,y,20 Branch,#N/A,05. Go Live,Ready,,,,,,,,,,#N/A,,,,
13155088,BNK UNTSEL PT2 AOi4260507044227691ebc810,16,  -   ,777056,48566,AREA 1,SUMBAGSEL,BENGKULU,PT2,Telkom Akses,167,19. PT2/Batch 7 UNTSEL,Prio September,NY Go Live,0,Y,y,20 Branch,#N/A,05. Go Live,Ready,,,,,,,,,,#N/A,,,,
13156110,BNK UNTSEL PT2 AOi4260502041413446ac4950,16,  -   ,2131165,1.331.978.125,AREA 1,SUMBAGSEL,BENGKULU,PT2,Telkom Akses,168,19. PT2/Batch 7 UNTSEL,Prio September,NY Go Live,0,Y,y,20 Branch,#N/A,05. Go Live,Ready,,,,,,,,,,#N/A,,,,
13158464,BNK UNTSEL PT2 AOi42605130748409361b3d90,16,  -   ,777056,48566,AREA 1,SUMBAGSEL,BENGKULU,PT2,Telkom Akses,169,19. PT2/Batch 7 UNTSEL,Prio September,NY Go Live,0,Y,y,20 Branch,#N/A,05. Go Live,Ready,,,,,,,,,,#N/A,,,,
13164525,BNK UNTSEL PT2 AOi4260516055308556bfeed0,16,  -   ,777056,48566,AREA 1,SUMBAGSEL,BENGKULU,PT2,Telkom Akses,170,19. PT2/Batch 7 UNTSEL,Prio September,NY Go Live,0,Y,y,20 Branch,#N/A,05. Go Live,Ready,,,,,,,,,,#N/A,,,,
13219867,BNK UNTSEL PT2 AOi4260619082200590baee00,16,  -   ,777056,48566,AREA 1,SUMBAGSEL,BENGKULU,PT2,Telkom Akses,172,19. PT2/Batch 7 UNTSEL,Prio September,NY Go Live,0,Y,y,20 Branch,#N/A,05. Go Live,Ready,,,,,,,,,,#N/A,,,,
12579090,BBL PT2 EXPAND ODP-TJN-FM-77,16,  -   ,3468060,"216753,75",AREA 1,SUMBAGSEL,PANGKAL PINANG,PT2,Telkom Akses,3,2. PT2/Batch 1,Prio September,NY Go Live,0,Y,y,20 Branch,#N/A,00. Propose Drop,,,,,,Core Distribusi Habis,,,,,#N/A,,,,
12541508,BBL PT2 EXPAND ODP-TJN-FM-148,16,  -   ,3468060,"216753,75",AREA 1,SUMBAGSEL,PANGKAL PINANG,PT2,Telkom Akses,7,2. PT2/Batch 1,Prio September,NY Go Live,0,Y,y,20 Branch,#N/A,00. Propose Drop,,,,,,"Irisan Cleansing Port 2,3 Jt",,,,,#N/A,,,,
12541580,BBL PT2 EXPAND ODP-TJN-FM-28,16,  -   ,3468060,"216753,75",AREA 1,SUMBAGSEL,PANGKAL PINANG,PT2,Telkom Akses,8,2. PT2/Batch 1,Prio September,NY Go Live,0,Y,y,20 Branch,#N/A,00. Propose Drop,,,,,,"Irisan Cleansing Port 2,3 Jt",,,,,#N/A,,,,
12573330,BBL PT2 EXPAND ODP-TJN-FAY-05,16,  -   ,3468060,"216753,75",AREA 1,SUMBAGSEL,PANGKAL PINANG,PT2,Telkom Akses,12,2. PT2/Batch 1,Prio September,NY Go Live,0,Y,y,20 Branch,#N/A,00. Propose Drop,,,,,,"Irisan Cleansing Port 2,3 Jt",,,,,#N/A,,,,
12574321,BBL PT2 EXPAND ODP-TJN-FP-51,16,  -   ,3468060,"216753,75",AREA 1,SUMBAGSEL,PANGKAL PINANG,PT2,Telkom Akses,17,2. PT2/Batch 1,Prio September,NY Go Live,0,Y,y,20 Branch,#N/A,00. Propose Drop,,,,,,"Irisan Cleansing Port 2,3 Jt",,,,,#N/A,,,,
12574473,BBL PT2 EXPAND ODP-TJN-FQ-99,16,  -   ,3468060,"216753,75",AREA 1,SUMBAGSEL,PANGKAL PINANG,PT2,Telkom Akses,20,2. PT2/Batch 1,Prio September,NY Go Live,0,Y,y,20 Branch,#N/A,00. Propose Drop,,,,,,QE Repair Core,,,,,#N/A,,,,
12579530,SMS PT2 EXPAND ODP-TSS-FK-004,16,  -   ,3189378,199.336.125,AREA 1,SUMBAGSEL,BENGKULU,PT2,Telkom Akses,22,2. PT2/Batch 1,Prio September,NY Go Live,0,Y,y,20 Branch,#N/A,00. Propose Drop,,,,,,QE Repair Core,,,,,#N/A,,,,
12578139,BBL PT2 EXPAND ODP-TJN-FG-98,16,  -   ,3468060,"216753,75",AREA 1,SUMBAGSEL,PANGKAL PINANG,PT2,Telkom Akses,23,2. PT2/Batch 1,Prio September,NY Go Live,0,Y,y,20 Branch,#N/A,00. Propose Drop,,,,,,Core Distribusi Habis,,,,,#N/A,,,,
12579528,SMS PT2 EXPAND ODP-TSS-FJ-056,16,  -   ,3189378,199.336.125,AREA 1,SUMBAGSEL,BENGKULU,PT2,Telkom Akses,23,2. PT2/Batch 1,Prio September,NY Go Live,0,Y,y,20 Branch,#N/A,00. Propose Drop,,,,,,"Irisan Cleansing Port 2,3 Jt",,,,,#N/A,,,,
12578290,BBL PT2 EXPAND ODP-TJN-FH-51,16,  -   ,3468060,"216753,75",AREA 1,SUMBAGSEL,PANGKAL PINANG,PT2,Telkom Akses,24,2. PT2/Batch 1,Prio September,NY Go Live,0,Y,y,20 Branch,#N/A,00. Propose Drop,,,,,,"Irisan Cleansing Port 2,3 Jt",,,,,#N/A,,,,
12579526,SMS PT2 EXPAND ODP-TSS-FJ-001,16,  -   ,3189378,199.336.125,AREA 1,SUMBAGSEL,BENGKULU,PT2,Telkom Akses,24,2. PT2/Batch 1,Prio September,NY Go Live,0,Y,y,20 Branch,#N/A,00. Propose Drop,,,,,,QE Repair Core,,,,,#N/A,,,,
12579524,SMS PT2 EXPAND ODP-TSS-FG-024,16,  -   ,3189378,199.336.125,AREA 1,SUMBAGSEL,BENGKULU,PT2,Telkom Akses,25,2. PT2/Batch 1,Prio September,NY Go Live,0,Y,y,20 Branch,#N/A,00. Propose Drop,,,,,,"Irisan Cleansing Port 2,3 Jt",,,,,#N/A,,,,
12579521,SMS PT2 EXPAND ODP-TSS-FG-011,16,  -   ,3189378,199.336.125,AREA 1,SUMBAGSEL,BENGKULU,PT2,Telkom Akses,26,2. PT2/Batch 1,Prio September,NY Go Live,0,Y,y,20 Branch,#N/A,00. Propose Drop,,,,,,"Irisan Cleansing Port 2,3 Jt",,,,,#N/A,,,,
12579519,SMS PT2 EXPAND ODP-TSS-FF-016,16,  -   ,3189378,199.336.125,AREA 1,SUMBAGSEL,BENGKULU,PT2,Telkom Akses,27,2. PT2/Batch 1,Prio September,NY Go Live,0,Y,y,20 Branch,#N/A,00. Propose Drop,,,,,,"Irisan Cleansing Port 2,3 Jt",,,,,#N/A,,,,
12579517,SMS PT2 EXPAND ODP-TSS-FF-005,16,  -   ,3189378,199.336.125,AREA 1,SUMBAGSEL,BENGKULU,PT2,Telkom Akses,28,2. PT2/Batch 1,Prio September,NY Go Live,0,Y,y,20 Branch,#N/A,00. Propose Drop,,,,,,QE Repair Core,,,,,#N/A,,,,
12581667,BBL EXPAND 1:16 ODP-TJN-FE-50,16,  -   ,3468060,"216753,75",AREA 1,SUMBAGSEL,PANGKAL PINANG,PT2,Telkom Akses,29,2. PT2/Batch 1,Prio September,NY Go Live,0,Y,y,20 Branch,#N/A,00. Propose Drop,,,,,,Kapasitas sudah 16,,,,,#N/A,,,,
12579515,SMS PT2 EXPAND ODP-TSS-FD-025,16,  -   ,3189378,199.336.125,AREA 1,SUMBAGSEL,BENGKULU,PT2,Telkom Akses,29,2. PT2/Batch 1,Prio September,NY Go Live,0,Y,y,20 Branch,#N/A,00. Propose Drop,,,,,,"Irisan Cleansing Port 2,3 Jt",,,,,#N/A,,,,
12579500,SMS PT2 EXPAND ODP-TSS-FC-078,16,  -   ,3189378,199.336.125,AREA 1,SUMBAGSEL,BENGKULU,PT2,Telkom Akses,30,2. PT2/Batch 1,Prio September,NY Go Live,0,Y,y,20 Branch,#N/A,00. Propose Drop,,,,,,"Irisan Cleansing Port 2,3 Jt",,,,,#N/A,,,,
12581241,BBL PT2 EXPAND ODP-TJN-FB-23,16,  -   ,3468060,"216753,75",AREA 1,SUMBAGSEL,PANGKAL PINANG,PT2,Telkom Akses,31,2. PT2/Batch 1,Prio September,NY Go Live,0,Y,y,20 Branch,#N/A,00. Propose Drop,,,,,,"Irisan Cleansing Port 2,3 Jt",,,,,#N/A,,,,
12579495,SMS PT2 EXPAND ODP-TSS-FC-053,16,  -   ,3189378,199.336.125,AREA 1,SUMBAGSEL,BENGKULU,PT2,Telkom Akses,31,2. PT2/Batch 1,Prio September,NY Go Live,0,Y,y,20 Branch,#N/A,00. Propose Drop,,,,,,QE Repair Core,,,,,#N/A,,,,
12579120,BBL PT2 EXPAND ODP-TJN-FM-97,16,  -   ,3468060,"216753,75",AREA 1,SUMBAGSEL,PANGKAL PINANG,PT2,Telkom Akses,32,2. PT2/Batch 1,Prio September,NY Go Live,0,Y,y,20 Branch,#N/A,00. Propose Drop,,,,,,Core Distribusi Habis,,,,,#N/A,,,,
12579494,SMS PT2 EXPAND ODP-TSS-FC-046,16,  -   ,3189378,199.336.125,AREA 1,SUMBAGSEL,BENGKULU,PT2,Telkom Akses,32,2. PT2/Batch 1,Prio September,NY Go Live,0,Y,y,20 Branch,#N/A,00. Propose Drop,,,,,,"Irisan Cleansing Port 2,3 Jt",,,,,#N/A,,,,
12579108,BBL PT2 EXPAND ODP-TJN-FM-81,16,  -   ,3468060,"216753,75",AREA 1,SUMBAGSEL,PANGKAL PINANG,PT2,Telkom Akses,33,2. PT2/Batch 1,Prio September,NY Go Live,0,Y,y,20 Branch,#N/A,00. Propose Drop,,,,,,"Irisan Cleansing Port 2,3 Jt",,,,,#N/A,,,,
12579100,BBL PT2 EXPAND ODP-TJN-FM-79,16,  -   ,3468060,"216753,75",AREA 1,SUMBAGSEL,PANGKAL PINANG,PT2,Telkom Akses,34,2. PT2/Batch 1,Prio September,NY Go Live,0,Y,y,20 Branch,#N/A,00. Propose Drop,,,,,,Core Distribusi Habis,,,,,#N/A,,,,
12579485,SMS PT2 EXPAND ODP-TSS-FC-039,16,  -   ,3189378,199.336.125,AREA 1,SUMBAGSEL,BENGKULU,PT2,Telkom Akses,34,2. PT2/Batch 1,Prio September,NY Go Live,0,Y,y,20 Branch,#N/A,00. Propose Drop,,,,,,"Irisan Cleansing Port 2,3 Jt",,,,,#N/A,,,,
12579061,BBL PT2 EXPAND ODP-TJN-FM-39,16,  -   ,3468060,"216753,75",AREA 1,SUMBAGSEL,PANGKAL PINANG,PT2,Telkom Akses,35,2. PT2/Batch 1,Prio September,NY Go Live,0,Y,y,20 Branch,#N/A,00. Propose Drop,,,,,,QE Repair Core,,,,,#N/A,,,,
12579482,SMS PT2 EXPAND ODP-TSS-FC-036,16,  -   ,3189378,199.336.125,AREA 1,SUMBAGSEL,BENGKULU,PT2,Telkom Akses,35,2. PT2/Batch 1,Prio September,NY Go Live,0,Y,y,20 Branch,#N/A,00. Propose Drop,,,,,,QE Repair Core,,,,,#N/A,,,,
12579477,SMS PT2 EXPAND ODP-TSS-FC-031,16,  -   ,3189378,199.336.125,AREA 1,SUMBAGSEL,BENGKULU,PT2,Telkom Akses,36,2. PT2/Batch 1,Prio September,NY Go Live,0,Y,y,20 Branch,#N/A,00. Propose Drop,,,,,,"Irisan Cleansing Port 2,3 Jt",,,,,#N/A,,,,
12579475,SMS PT2 EXPAND ODP-TSS-FC-017,16,  -   ,3189378,199.336.125,AREA 1,SUMBAGSEL,BENGKULU,PT2,Telkom Akses,37,2. PT2/Batch 1,Prio September,NY Go Live,0,Y,y,20 Branch,#N/A,00. Propose Drop,,,,,,QE Repair Core,,,,,#N/A,,,,
12578984,BBL PT2 EXPAND ODP-TJN-FM-20,16,  -   ,3468060,"216753,75",AREA 1,SUMBAGSEL,PANGKAL PINANG,PT2,Telkom Akses,39,2. PT2/Batch 1,Prio September,NY Go Live,0,Y,y,20 Branch,#N/A,00. Propose Drop,,,,,,Core Distribusi Habis,,,,,#N/A,,,,
12578966,BBL PT2 EXPAND ODP-TJN-FM-168,16,  -   ,3468060,"216753,75",AREA 1,SUMBAGSEL,PANGKAL PINANG,PT2,Telkom Akses,40,2. PT2/Batch 1,Prio September,NY Go Live,0,Y,y,20 Branch,#N/A,00. Propose Drop,,,,,,Core Distribusi Habis,,,,,#N/A,,,,
12579280,SMS PT2 EXPAND ODP-TSS-FB-062,16,  -   ,3189378,199.336.125,AREA 1,SUMBAGSEL,BENGKULU,PT2,Telkom Akses,40,2. PT2/Batch 1,Prio September,NY Go Live,0,Y,y,20 Branch,#N/A,00. Propose Drop,,,,,,QE Repair Core,,,,,#N/A,,,,
12578954,BBL PT2 EXPAND ODP-TJN-FM-153,16,  -   ,3468060,"216753,75",AREA 1,SUMBAGSEL,PANGKAL PINANG,PT2,Telkom Akses,41,2. PT2/Batch 1,Prio September,NY Go Live,0,Y,y,20 Branch,#N/A,00. Propose Drop,,,,,,"Irisan Cleansing Port 2,3 Jt",,,,,#N/A,,,,
12579277,SMS PT2 EXPAND ODP-TSS-FB-061,16,  -   ,3189378,199.336.125,AREA 1,SUMBAGSEL,BENGKULU,PT2,Telkom Akses,41,2. PT2/Batch 1,Prio September,NY Go Live,0,Y,y,20 Branch,#N/A,00. Propose Drop,,,,,,QE Repair Core,,,,,#N/A,,,,
12579274,SMS PT2 EXPAND ODP-TSS-FB-030,16,  -   ,3189378,199.336.125,AREA 1,SUMBAGSEL,BENGKULU,PT2,Telkom Akses,42,2. PT2/Batch 1,Prio September,NY Go Live,0,Y,y,20 Branch,#N/A,00. Propose Drop,,,,,,"Irisan Cleansing Port 2,3 Jt",,,,,#N/A,,,,
12579270,SMS PT2 EXPAND ODP-TSS-FB-003,16,  -   ,3189378,199.336.125,AREA 1,SUMBAGSEL,BENGKULU,PT2,Telkom Akses,44,2. PT2/Batch 1,Prio September,NY Go Live,0,Y,y,20 Branch,#N/A,00. Propose Drop,,,,,,QE Repair Core,,,,,#N/A,,,,
12578893,BL PT2 EXPAND ODP-TJN-FM-129,16,  -   ,3468060,"216753,75",AREA 1,SUMBAGSEL,PANGKAL PINANG,PT2,Telkom Akses,45,2. PT2/Batch 1,Prio September,NY Go Live,0,Y,y,20 Branch,#N/A,00. Propose Drop,,,,,,Pelanggan Batal,,,,,#N/A,,,,
12579077,SMS PT2 EXPAND ODP-TMO-FP-029,16,  -   ,3189378,199.336.125,AREA 1,SUMBAGSEL,BENGKULU,PT2,Telkom Akses,47,2. PT2/Batch 1,Prio September,NY Go Live,0,Y,y,20 Branch,#N/A,00. Propose Drop,,,,,,QE Repair Core,,,,,#N/A,,,,
12579075,SMS PT2 EXPAND ODP-TMO-FP-026,16,  -   ,3189378,199.336.125,AREA 1,SUMBAGSEL,BENGKULU,PT2,Telkom Akses,48,2. PT2/Batch 1,Prio September,NY Go Live,0,Y,y,20 Branch,#N/A,00. Propose Drop,,,,,,QE Repair Core,,,,,#N/A,,,,
12578692,BBL PT2 EXPAND ODP-TJN-FM-112,16,  -   ,3468060,"216753,75",AREA 1,SUMBAGSEL,PANGKAL PINANG,PT2,Telkom Akses,49,2. PT2/Batch 1,Prio September,NY Go Live,0,Y,y,20 Branch,#N/A,00. Propose Drop,,,,,,QE Repair Core,,,,,#N/A,,,,
12579068,SMS PT2 EXPAND ODP-TMO-FP-004,16,  -   ,3189378,199.336.125,AREA 1,SUMBAGSEL,BENGKULU,PT2,Telkom Akses,49,2. PT2/Batch 1,Prio September,NY Go Live,0,Y,y,20 Branch,#N/A,00. Propose Drop,,,,,,QE Repair Core,,,,,#N/A,,,,
12579065,SMS PT2 EXPAND ODP-TMO-FN-024,16,  -   ,3189378,199.336.125,AREA 1,SUMBAGSEL,BENGKULU,PT2,Telkom Akses,50,2. PT2/Batch 1,Prio September,NY Go Live,0,Y,y,20 Branch,#N/A,00. Propose Drop,,,,,,QE Repair Core,,,,,#N/A,,,,
12579060,SMS PT2 EXPAND ODP-TMO-FN-023,16,  -   ,3189378,199.336.125,AREA 1,SUMBAGSEL,BENGKULU,PT2,Telkom Akses,51,2. PT2/Batch 1,Prio September,NY Go Live,0,Y,y,20 Branch,#N/A,00. Propose Drop,,,,,,"Irisan Cleansing Port 2,3 Jt",,,,,#N/A,,,,
12578640,BBL PT2 EXPAND ODP-TJN-FJ-52,16,  -   ,3468060,"216753,75",AREA 1,SUMBAGSEL,PANGKAL PINANG,PT2,Telkom Akses,52,2. PT2/Batch 1,Prio September,NY Go Live,0,Y,y,20 Branch,#N/A,00. Propose Drop,,,,,,"Irisan Cleansing Port 2,3 Jt",,,,,#N/A,,,,
12579048,SMS PT2 EXPAND ODP-TMO-FK-007,16,  -   ,3189378,199.336.125,AREA 1,SUMBAGSEL,BENGKULU,PT2,Telkom Akses,52,2. PT2/Batch 1,Prio September,NY Go Live,0,Y,y,20 Branch,#N/A,00. Propose Drop,,,,,,"Irisan Cleansing Port 2,3 Jt",,,,,#N/A,,,,
12578625,BBL PT2 EXPAND ODP-TJN-FM-100,16,  -   ,3468060,"216753,75",AREA 1,SUMBAGSEL,PANGKAL PINANG,PT2,Telkom Akses,53,2. PT2/Batch 1,Prio September,NY Go Live,0,Y,y,20 Branch,#N/A,00. Propose Drop,,,,,,"Irisan Cleansing Port 2,3 Jt",,,,,#N/A,,,,
12579042,SMS PT2 EXPAND ODP-TMO-FJ-049,16,  -   ,3189378,199.336.125,AREA 1,SUMBAGSEL,BENGKULU,PT2,Telkom Akses,53,2. PT2/Batch 1,Prio September,NY Go Live,0,Y,y,20 Branch,#N/A,00. Propose Drop,,,,,,QE Repair Core,,,,,#N/A,,,,
12578610,BBL PT2 EXPAND ODP-TJN-FM-06,16,  -   ,3468060,"216753,75",AREA 1,SUMBAGSEL,PANGKAL PINANG,PT2,Telkom Akses,54,2. PT2/Batch 1,Prio September,NY Go Live,0,Y,y,20 Branch,#N/A,00. Propose Drop,,,,,,Core Distribusi Habis,,,,,#N/A,,,,
12579039,SMS PT2 EXPAND ODP-TMO-FJ-004,16,  -   ,3189378,199.336.125,AREA 1,SUMBAGSEL,BENGKULU,PT2,Telkom Akses,54,2. PT2/Batch 1,Prio September,NY Go Live,0,Y,y,20 Branch,#N/A,00. Propose Drop,,,,,,QE Repair Core,,,,,#N/A,,,,
12578596,BBL PT2 EXPAND ODP-TJN-FJ-31,16,  -   ,3468060,"216753,75",AREA 1,SUMBAGSEL,PANGKAL PINANG,PT2,Telkom Akses,56,2. PT2/Batch 1,Prio September,NY Go Live,0,Y,y,20 Branch,#N/A,00. Propose Drop,,,,,,"Irisan Cleansing Port 2,3 Jt",,,,,#N/A,,,,
12578877,SMS PT2 EXPAND ODP-TMO-FF-024,16,  -   ,3189378,199.336.125,AREA 1,SUMBAGSEL,BENGKULU,PT2,Telkom Akses,56,2. PT2/Batch 1,Prio September,NY Go Live,0,Y,y,20 Branch,#N/A,00. Propose Drop,,,,,,QE Repair Core,,,,,#N/A,,,,
12578588,BBL PT2 EXPAND ODP-TJN-FL-98,16,  -   ,3468060,"216753,75",AREA 1,SUMBAGSEL,PANGKAL PINANG,PT2,Telkom Akses,57,2. PT2/Batch 1,Prio September,NY Go Live,0,Y,y,20 Branch,#N/A,00. Propose Drop,,,,,,"Irisan Cleansing Port 2,3 Jt",,,,,#N/A,,,,
12578876,SMS PT2 EXPAND ODP-TMO-FF-021,16,  -   ,3189378,199.336.125,AREA 1,SUMBAGSEL,BENGKULU,PT2,Telkom Akses,57,2. PT2/Batch 1,Prio September,NY Go Live,0,Y,y,20 Branch,#N/A,00. Propose Drop,,,,,,Pelanggan Batal,,,,,#N/A,,,,
12578874,SMS PT2 EXPAND ODP-TMO-FF-013,16,  -   ,3189378,199.336.125,AREA 1,SUMBAGSEL,BENGKULU,PT2,Telkom Akses,58,2. PT2/Batch 1,Prio September,NY Go Live,0,Y,y,20 Branch,#N/A,00. Propose Drop,,,,,,"Irisan Cleansing Port 2,3 Jt",,,,,#N/A,,,,
12578564,BBL PT2 EXPAND ODP-TJN-FL-94,16,  -   ,3468060,"216753,75",AREA 1,SUMBAGSEL,PANGKAL PINANG,PT2,Telkom Akses,59,2. PT2/Batch 1,Prio September,NY Go Live,0,Y,y,20 Branch,#N/A,00. Propose Drop,,,,,,"Irisan Cleansing Port 2,3 Jt",,,,,#N/A,,,,
12578871,SMS PT2 EXPAND ODP-TMO-FF-012,16,  -   ,3189378,199.336.125,AREA 1,SUMBAGSEL,BENGKULU,PT2,Telkom Akses,59,2. PT2/Batch 1,Prio September,NY Go Live,0,Y,y,20 Branch,#N/A,00. Propose Drop,,,,,,"Irisan Cleansing Port 2,3 Jt",,,,,#N/A,,,,
12578498,BBL PT2 EXPAND ODP-TJN-FL-37,16,  -   ,3468060,"216753,75",AREA 1,SUMBAGSEL,PANGKAL PINANG,PT2,Telkom Akses,60,2. PT2/Batch 1,Prio September,NY Go Live,0,Y,y,20 Branch,#N/A,00. Propose Drop,,,,,,"Irisan Cleansing Port 2,3 Jt",,,,,#N/A,,,,
12578869,SMS PT2 EXPAND ODP-TMO-FF-011,16,  -   ,3189378,199.336.125,AREA 1,SUMBAGSEL,BENGKULU,PT2,Telkom Akses,60,2. PT2/Batch 1,Prio September,NY Go Live,0,Y,y,20 Branch,#N/A,00. Propose Drop,,,,,,"Irisan Cleansing Port 2,3 Jt",,,,,#N/A,,,,
12578487,BBL PT2 EXPAND ODP-TJN-FJ-087,16,  -   ,3468060,"216753,75",AREA 1,SUMBAGSEL,PANGKAL PINANG,PT2,Telkom Akses,61,2. PT2/Batch 1,Prio September,NY Go Live,0,Y,y,20 Branch,#N/A,00. Propose Drop,,,,,,"Irisan Cleansing Port 2,3 Jt",,,,,#N/A,,,,
12578866,SMS PT2 EXPAND ODP-TMO-FE-037,16,  -   ,3189378,199.336.125,AREA 1,SUMBAGSEL,BENGKULU,PT2,Telkom Akses,61,2. PT2/Batch 1,Prio September,NY Go Live,0,Y,y,20 Branch,#N/A,00. Propose Drop,,,,,,"Irisan Cleansing Port 2,3 Jt",,,,,#N/A,,,,
12578473,BBL PT2 EXPAND ODP-TJN-FL-090,16,  -   ,3468060,"216753,75",AREA 1,SUMBAGSEL,PANGKAL PINANG,PT2,Telkom Akses,63,2. PT2/Batch 1,Prio September,NY Go Live,0,Y,y,20 Branch,#N/A,00. Propose Drop,,,,,,"Irisan Cleansing Port 2,3 Jt",,,,,#N/A,,,,
12578857,SMS PT2 EXPAND ODP-TMO-FE-005,16,  -   ,3189378,199.336.125,AREA 1,SUMBAGSEL,BENGKULU,PT2,Telkom Akses,63,2. PT2/Batch 1,Prio September,NY Go Live,0,Y,y,20 Branch,#N/A,00. Propose Drop,,,,,,"Irisan Cleansing Port 2,3 Jt",,,,,#N/A,,,,
12578855,SMS PT2 EXPAND ODP-TMO-FC-030,16,  -   ,3189378,199.336.125,AREA 1,SUMBAGSEL,BENGKULU,PT2,Telkom Akses,64,2. PT2/Batch 1,Prio September,NY Go Live,0,Y,y,20 Branch,#N/A,00. Propose Drop,,,,,,"Irisan Cleansing Port 2,3 Jt",,,,,#N/A,,,,
12578852,SMS PT2 EXPAND ODP-TMO-FC-017,16,  -   ,3189378,199.336.125,AREA 1,SUMBAGSEL,BENGKULU,PT2,Telkom Akses,65,2. PT2/Batch 1,Prio September,NY Go Live,0,Y,y,20 Branch,#N/A,00. Propose Drop,,,,,,"Irisan Cleansing Port 2,3 Jt",,,,,#N/A,,,,
12578420,BBL PT2 EXPAND ODP-TJN-FJ-045,16,  -   ,3468060,"216753,75",AREA 1,SUMBAGSEL,PANGKAL PINANG,PT2,Telkom Akses,66,2. PT2/Batch 1,Prio September,NY Go Live,0,Y,y,20 Branch,#N/A,00. Propose Drop,,,,,,Core Distribusi Habis,,,,,#N/A,,,,
12578851,SMS PT2 EXPAND ODP-TMO-FC-014,16,  -   ,3189378,199.336.125,AREA 1,SUMBAGSEL,BENGKULU,PT2,Telkom Akses,66,2. PT2/Batch 1,Prio September,NY Go Live,0,Y,y,20 Branch,#N/A,00. Propose Drop,,,,,,"Irisan Cleansing Port 2,3 Jt",,,,,#N/A,,,,
12578402,BBL PT2 EXPAND ODP-TJN-FH-85,16,  -   ,3468060,"216753,75",AREA 1,SUMBAGSEL,PANGKAL PINANG,PT2,Telkom Akses,67,2. PT2/Batch 1,Prio September,NY Go Live,0,Y,y,20 Branch,#N/A,00. Propose Drop,,,,,,"Irisan Cleansing Port 2,3 Jt",,,,,#N/A,,,,
12578842,SMS PT2 EXPAND ODP-TMO-FB-077,16,  -   ,3189378,199.336.125,AREA 1,SUMBAGSEL,BENGKULU,PT2,Telkom Akses,67,2. PT2/Batch 1,Prio September,NY Go Live,0,Y,y,20 Branch,#N/A,00. Propose Drop,,,,,,QE Repair Core,,,,,#N/A,,,,
12578373,BBL PT2 EXPAND ODP-TJN-FH-75,16,  -   ,3468060,"216753,75",AREA 1,SUMBAGSEL,PANGKAL PINANG,PT2,Telkom Akses,69,2. PT2/Batch 1,Prio September,NY Go Live,0,Y,y,20 Branch,#N/A,00. Propose Drop,,,,,,"Irisan Cleansing Port 2,3 Jt",,,,,#N/A,,,,
12578340,BBL PT2 EXPAND ODP-TJN-FH-58,16,  -   ,3468060,"216753,75",AREA 1,SUMBAGSEL,PANGKAL PINANG,PT2,Telkom Akses,71,2. PT2/Batch 1,Prio September,NY Go Live,0,Y,y,20 Branch,#N/A,00. Propose Drop,,,,,,"Irisan Cleansing Port 2,3 Jt",,,,,#N/A,,,,
12578234,BBL PT2 EXPAND ODP-TJN-FH-25,16,  -   ,3468060,"216753,75",AREA 1,SUMBAGSEL,PANGKAL PINANG,PT2,Telkom Akses,74,2. PT2/Batch 1,Prio September,NY Go Live,0,Y,y,20 Branch,#N/A,05. Go Live,Ready,,,,,,,,,,#N/A,,,,
12578115,BBL PT2 EXPAND ODP-TJN-FG-18,16,  -   ,3468060,"216753,75",AREA 1,SUMBAGSEL,PANGKAL PINANG,PT2,Telkom Akses,75,2. PT2/Batch 1,Prio September,NY Go Live,0,Y,y,20 Branch,#N/A,00. Propose Drop,,,,,,Pelanggan Batal,,,,,#N/A,,,,
12578033,BBL PT2 EXPAND ODP-TJN-FG-103,16,  -   ,3468060,"216753,75",AREA 1,SUMBAGSEL,PANGKAL PINANG,PT2,Telkom Akses,78,2. PT2/Batch 1,Prio September,NY Go Live,0,Y,y,20 Branch,#N/A,00. Propose Drop,,,,,,"Irisan Cleansing Port 2,3 Jt",,,,,#N/A,,,,
12578018,BBL PT2 EXPAND ODP-TJN-FG-05,16,  -   ,3468060,"216753,75",AREA 1,SUMBAGSEL,PANGKAL PINANG,PT2,Telkom Akses,79,2. PT2/Batch 1,Prio September,NY Go Live,0,Y,y,20 Branch,#N/A,00. Propose Drop,,,,,,QE Repair Core,,,,,#N/A,,,,
12558272,BBL PT2 EXPAND ODP-TPL-FC-001,16,  -   ,3468060,"216753,75",AREA 1,SUMBAGSEL,PANGKAL PINANG,PT2,Telkom Akses,92,2. PT2/Batch 1,Prio September,NY Go Live,0,Y,y,20 Branch,#N/A,00. Propose Drop,,,,,,"Irisan Cleansing Port 2,3 Jt",,,,,#N/A,,,,
12558244,BBL PT2 EXPAND ODP-TPL-FA-26,16,  -   ,3468060,"216753,75",AREA 1,SUMBAGSEL,PANGKAL PINANG,PT2,Telkom Akses,93,2. PT2/Batch 1,Prio September,NY Go Live,0,Y,y,20 Branch,#N/A,00. Propose Drop,,,,,,"Irisan Cleansing Port 2,3 Jt",,,,,#N/A,,,,
12558196,BBL PT2 EXPANDODP-TPL-FA-19,16,  -   ,3468060,"216753,75",AREA 1,SUMBAGSEL,PANGKAL PINANG,PT2,Telkom Akses,94,2. PT2/Batch 1,Prio September,NY Go Live,0,Y,y,20 Branch,#N/A,00. Propose Drop,,,,,,"Irisan Cleansing Port 2,3 Jt",,,,,#N/A,,,,
12558094,BBL PT2 EXPAND ODP-TPL-FA-15,16,  -   ,3468060,"216753,75",AREA 1,SUMBAGSEL,PANGKAL PINANG,PT2,Telkom Akses,96,2. PT2/Batch 1,Prio September,NY Go Live,0,Y,y,20 Branch,#N/A,00. Propose Drop,,,,,,"Irisan Cleansing Port 2,3 Jt",,,,,#N/A,,,,
12557970,BBL PT2 EXPAND ODP-TPL-FA-104,16,  -   ,3468060,"216753,75",AREA 1,SUMBAGSEL,PANGKAL PINANG,PT2,Telkom Akses,100,2. PT2/Batch 1,Prio September,NY Go Live,0,Y,y,20 Branch,#N/A,00. Propose Drop,,,,,,QE Repair Core,,,,,#N/A,,,,
12557883,BBL PT2 EXPAND ODP-TPL-FA-10,16,  8 ,3468060,"216753,75",AREA 1,SUMBAGSEL,PANGKAL PINANG,PT2,Telkom Akses,102,2. PT2/Batch 1,Prio September,NY Go Live,0,Y,y,20 Branch,#N/A,05. Go Live,Ready,,,,,,,,,,#N/A,,,,
12557733,BBL PT2 EXPAND ODP-TPL-FA-06,16,  -   ,3468060,"216753,75",AREA 1,SUMBAGSEL,PANGKAL PINANG,PT2,Telkom Akses,105,2. PT2/Batch 1,Prio September,NY Go Live,0,Y,y,20 Branch,#N/A,00. Propose Drop,,,,,,Core Distribusi Habis,,,,,#N/A,,,,
12551194,BBL PT2 EXPAND ODP-SLT-GCL-05,16,  -   ,3468060,"216753,75",AREA 1,SUMBAGSEL,PANGKAL PINANG,PT2,Telkom Akses,113,2. PT2/Batch 1,Prio September,NY Go Live,0,Y,y,20 Branch,#N/A,00. Propose Drop,,,,,,Core Distribusi Habis,,,,,#N/A,,,,
12550911,BBL PT2 EXPAND ODP-SLT-FR-25,16,  -   ,3468060,"216753,75",AREA 1,SUMBAGSEL,PANGKAL PINANG,PT2,Telkom Akses,115,2. PT2/Batch 1,Prio September,NY Go Live,0,Y,y,20 Branch,#N/A,00. Propose Drop,,,,,,"Irisan Cleansing Port 2,3 Jt",,,,,#N/A,,,,
12549871,BBL PT2 EXPAND ODP-SLT-FH-65,16,  -   ,3468060,"216753,75",AREA 1,SUMBAGSEL,PANGKAL PINANG,PT2,Telkom Akses,120,2. PT2/Batch 1,Prio September,NY Go Live,0,Y,y,20 Branch,#N/A,00. Propose Drop,,,,,,QE Repair Core,,,,,#N/A,,,,
12542542,BBL PT2 EXPAND ODP-SLT-FCD-13,16,  -   ,3468060,"216753,75",AREA 1,SUMBAGSEL,PANGKAL PINANG,PT2,Telkom Akses,129,2. PT2/Batch 1,Prio September,NY Go Live,0,Y,y,20 Branch,#N/A,00. Propose Drop,,,,,,Core Distribusi Habis,,,,,#N/A,,,,
12542495,BBL PT2 EXPAND ODP-SLT-FCD-06,16,  -   ,3468060,"216753,75",AREA 1,SUMBAGSEL,PANGKAL PINANG,PT2,Telkom Akses,130,2. PT2/Batch 1,Prio September,NY Go Live,0,Y,y,20 Branch,#N/A,00. Propose Drop,,,,,,QE Repair Core,,,,,#N/A,,,,
12541666,BBL PT2 EXPANDODP-SLT-FB-85,16,  -   ,3468060,"216753,75",AREA 1,SUMBAGSEL,PANGKAL PINANG,PT2,Telkom Akses,134,2. PT2/Batch 1,Prio September,NY Go Live,0,Y,y,20 Branch,#N/A,00. Propose Drop,,,,,,"Irisan Cleansing Port 2,3 Jt",,,,,#N/A,,,,
12540920,BBL PT2 EXPAND ODP-SLT-FAJ-26,16,  -   ,3468060,"216753,75",AREA 1,SUMBAGSEL,PANGKAL PINANG,PT2,Telkom Akses,137,2. PT2/Batch 1,Prio September,NY Go Live,0,Y,y,20 Branch,#N/A,00. Propose Drop,,,,,,Core Distribusi Habis,,,,,#N/A,,,,
11861786,SMS PT2 ODC TSS FB D01 SAIDAN PUTRA,8,  -   ,2453815,306.726.875,AREA 1,SUMBAGSEL,BENGKULU,PT2,Telkom Akses,137,2. PT2/Batch 1,Prio September,NY Go Live,0,Y,y,20 Branch,#N/A,00. Propose Drop,,,,,,PT1 - Disolusikan Dengan Alpro Lain,,,,,#N/A,,,,
12567784,SMS PT2 ODC TSS FJ D03 MEKAR JAYA,8,  -   ,3040021,380.002.625,AREA 1,SUMBAGSEL,BENGKULU,PT2,Telkom Akses,138,2. PT2/Batch 1,Prio September,NY Go Live,0,Y,y,20 Branch,#N/A,00. Propose Drop,,,,,,Core Distribusi Habis,,,,,#N/A,,,,
12541042,BBL PT2 EXPAND ODP-SLT-FB-094,16,  -   ,3468060,"216753,75",AREA 1,SUMBAGSEL,PANGKAL PINANG,PT2,Telkom Akses,139,2. PT2/Batch 1,Prio September,NY Go Live,0,Y,y,20 Branch,#N/A,00. Propose Drop,,,,,,QE Repair Core,,,,,#N/A,,,,
12331142,12331142-SMS PT2 ODC TSS FF D01 JULIAN A,8,  -   ,3027681,378.460.125,AREA 1,SUMBAGSEL,BENGKULU,PT2,Telkom Akses,139,2. PT2/Batch 1,Prio September,NY Go Live,0,Y,y,20 Branch,#N/A,00. Propose Drop,,,,,,PT1 - Disolusikan Dengan Alpro Lain,,,,,#N/A,,,,
12474867,12474867-SMS PT2 ODCTSS FK D01 DSC,8,  -   ,3027681,378.460.125,AREA 1,SUMBAGSEL,BENGKULU,PT2,Telkom Akses,140,2. PT2/Batch 1,Prio September,NY Go Live,0,Y,y,20 Branch,#N/A,00. Propose Drop,,,,,,PT1 - Disolusikan Dengan Alpro Lain,,,,,#N/A,,,,
12792031,SMS PT2 TMO FB D01 NIERY JUNA SIHITE,8,  -   ,3027681,378.460.125,AREA 1,SUMBAGSEL,BENGKULU,PT2,Telkom Akses,141,2. PT2/Batch 1,Prio September,NY Go Live,0,Y,y,20 Branch,#N/A,00. Propose Drop,,,,,,Core Distribusi Habis,,,,,#N/A,,,,
12675649,SMS PT2 LLG FAB D08 SARJILAH,8,  -   ,3027681,378.460.125,AREA 1,SUMBAGSEL,BENGKULU,PT2,Telkom Akses,142,2. PT2/Batch 1,Prio September,NY Go Live,0,Y,y,20 Branch,#N/A,00. Propose Drop,,,,,,Pelanggan Batal,,,,,#N/A,,,,
12599095,SMS PT2 ODC TMO FD D04 FITRAH HIDAYAT,8,  -   ,3027681,378.460.125,AREA 1,SUMBAGSEL,BENGKULU,PT2,Telkom Akses,143,2. PT2/Batch 1,Prio September,NY Go Live,0,Y,y,20 Branch,#N/A,00. Propose Drop,,,,,,Pelanggan Batal,,,,,#N/A,,,,
12533546,BBL PT2 EXPAND ODP-SLT-FF-002,16,  -   ,3468060,"216753,75",AREA 1,SUMBAGSEL,PANGKAL PINANG,PT2,Telkom Akses,144,2. PT2/Batch 1,Prio September,NY Go Live,0,Y,y,20 Branch,#N/A,00. Propose Drop,,,,,,Core Distribusi Habis,,,,,#N/A,,,,
12150916,SMS PT2 TMO FK D05 PUJI ASTUTI,8,  -   ,3027681,378.460.125,AREA 1,SUMBAGSEL,BENGKULU,PT2,Telkom Akses,144,2. PT2/Batch 1,Prio September,NY Go Live,0,Y,y,20 Branch,#N/A,00. Propose Drop,,,,,,PT1 - Disolusikan Dengan Alpro Lain,,,,,#N/A,,,,
12577980,BBL PT2 EXPAND ODP-TJN-FF-82,16,  -   ,3468060,"216753,75",AREA 1,SUMBAGSEL,PANGKAL PINANG,PT2,Telkom Akses,145,2. PT2/Batch 1,Prio September,NY Go Live,0,Y,y,20 Branch,#N/A,00. Propose Drop,,,,,,"Irisan Cleansing Port 2,3 Jt",,,,,#N/A,,,,
12423309,SMS PT2 LLG FAC D02 HAMDANI,8,  -   ,3027681,378.460.125,AREA 1,SUMBAGSEL,BENGKULU,PT2,Telkom Akses,145,2. PT2/Batch 1,Prio September,NY Go Live,0,Y,y,20 Branch,#N/A,00. Propose Drop,,,,,,Pelanggan Batal,,,,,#N/A,,,,
12423810,SMS PT2 MUR FG D03 WINDI WIDIA,8,  -   ,3027681,378.460.125,AREA 1,SUMBAGSEL,BENGKULU,PT2,Telkom Akses,146,2. PT2/Batch 1,Prio September,NY Go Live,0,Y,y,20 Branch,#N/A,00. Propose Drop,,,,,,Pelanggan Batal,,,,,#N/A,,,,
12424512,SMS PT2 LLG FAA D07 MISNA,8,  -   ,3027681,378.460.125,AREA 1,SUMBAGSEL,BENGKULU,PT2,Telkom Akses,147,2. PT2/Batch 1,Prio September,NY Go Live,0,Y,y,20 Branch,#N/A,00. Propose Drop,,,,,,Pelanggan Batal,,,,,#N/A,,,,
12425753,SMS PT2 MUR FC D02 ANTON SURIADI,8,  -   ,3027681,378.460.125,AREA 1,SUMBAGSEL,BENGKULU,PT2,Telkom Akses,148,2. PT2/Batch 1,Prio September,NY Go Live,0,Y,y,20 Branch,#N/A,00. Propose Drop,,,,,,Pelanggan Batal,,,,,#N/A,,,,
12574672,BBL PT2 EXPAND ODP-TJN-FX-14,16,  -   ,3468060,"216753,75",AREA 1,SUMBAGSEL,PANGKAL PINANG,PT2,Telkom Akses,149,2. PT2/Batch 1,Prio September,NY Go Live,0,Y,y,20 Branch,#N/A,00. Propose Drop,,,,,,"Irisan Cleansing Port 2,3 Jt",,,,,#N/A,,,,
12517288,12517288-SMS PT2 ODC-TMO FA D04 TRIKOYO,8,  -   ,3027681,378.460.125,AREA 1,SUMBAGSEL,BENGKULU,PT2,Telkom Akses,149,2. PT2/Batch 1,Prio September,NY Go Live,0,Y,y,20 Branch,#N/A,00. Propose Drop,,,,,,PT1 - Disolusikan Dengan Alpro Lain,,,,,#N/A,,,,
12822613,SMS PT2 ODC SPP FT D06 ILHAM WIBOWO,8,  -   ,3027681,378.460.125,AREA 1,SUMBAGSEL,BENGKULU,PT2,Telkom Akses,150,2. PT2/Batch 1,Prio September,NY Go Live,0,Y,y,20 Branch,#N/A,00. Propose Drop,,,,,,Pelanggan Batal,,,,,#N/A,,,,
12335023,12335023-SMS PT2 SPP FT SUTEJA SUTEJA,8,  -   ,3027681,378.460.125,AREA 1,SUMBAGSEL,BENGKULU,PT2,Telkom Akses,151,2. PT2/Batch 1,Prio September,NY Go Live,0,Y,y,20 Branch,#N/A,01. Persiapan,Ready,,,,,,,,,,#N/A,,,,
12574651,BBL PT2 EXPAND ODP-TJN-FV-01,16,  -   ,3468060,"216753,75",AREA 1,SUMBAGSEL,PANGKAL PINANG,PT2,Telkom Akses,151,2. PT2/Batch 1,Prio September,NY Go Live,0,Y,y,20 Branch,#N/A,01. Persiapan,Ready,,,,,,,,,,#N/A,,,,
11852996,SMS PT2 ODC SPP FZ D01 NELI,8,  -   ,2453815,306.726.875,AREA 1,SUMBAGSEL,BENGKULU,PT2,Telkom Akses,152,2. PT2/Batch 1,Prio September,NY Go Live,0,Y,y,20 Branch,#N/A,00. Propose Drop,,,,,,Core Distribusi Habis,,,,,#N/A,,,,
12574641,BBL PT2 EXPAND ODP-TJN-FU-11,16,  -   ,3468060,"216753,75",AREA 1,SUMBAGSEL,PANGKAL PINANG,PT2,Telkom Akses,152,2. PT2/Batch 1,Prio September,NY Go Live,0,Y,y,20 Branch,#N/A,00. Propose Drop,,,,,,"Irisan Cleansing Port 2,3 Jt",,,,,#N/A,,,,
11862304,SMS PT2 ODC SPP FJ D01 AMELIA,8,  -   ,2453815,306.726.875,AREA 1,SUMBAGSEL,BENGKULU,PT2,Telkom Akses,153,2. PT2/Batch 1,Prio September,NY Go Live,0,Y,y,20 Branch,#N/A,00. Propose Drop,,,,,,Core Distribusi Habis,,,,,#N/A,,,,
12330498,SMS PT2 LLG FAV D01 NANDAYANI,8,  -   ,3027681,378.460.125,AREA 1,SUMBAGSEL,BENGKULU,PT2,Telkom Akses,154,2. PT2/Batch 1,Prio September,NY Go Live,0,Y,y,20 Branch,#N/A,00. Propose Drop,,,,,,Pelanggan Batal,,,,,#N/A,,,,
12574570,BBL PT2 EXPAND ODP-TJN-FF-131,16,  -   ,3468060,"216753,75",AREA 1,SUMBAGSEL,PANGKAL PINANG,PT2,Telkom Akses,154,2. PT2/Batch 1,Prio September,NY Go Live,0,Y,y,20 Branch,#N/A,00. Propose Drop,,,,,,Core Distribusi Habis,,,,,#N/A,,,,
12330640,SMS PT2 LLG FAV D01 RISMAR RIANSIH,8,  -   ,3027681,378.460.125,AREA 1,SUMBAGSEL,BENGKULU,PT2,Telkom Akses,155,2. PT2/Batch 1,Prio September,NY Go Live,0,Y,y,20 Branch,#N/A,00. Propose Drop,,,,,,Pelanggan Batal,,,,,#N/A,,,,
12330668,12330668-SMS PT2 SPP FX D03 Yeni solia,8,  -   ,3027681,378.460.125,AREA 1,SUMBAGSEL,BENGKULU,PT2,Telkom Akses,156,2. PT2/Batch 1,Prio September,NY Go Live,0,Y,y,20 Branch,#N/A,00. Propose Drop,,,,,,Pelanggan Batal,,,,,#N/A,,,,
12330952,SMS PT2 LLG FAV D01 ESTI PURWANINGSIH,8,  -   ,3027681,378.460.125,AREA 1,SUMBAGSEL,BENGKULU,PT2,Telkom Akses,157,2. PT2/Batch 1,Prio September,NY Go Live,0,Y,y,20 Branch,#N/A,00. Propose Drop,,,,,,Pelanggan Batal,,,,,#N/A,,,,
12331076,SMS PT2 SPP FAA D03 AGUNG PRATAMA,8,  -   ,3027681,378.460.125,AREA 1,SUMBAGSEL,BENGKULU,PT2,Telkom Akses,158,2. PT2/Batch 1,Prio September,NY Go Live,0,Y,y,20 Branch,#N/A,00. Propose Drop,,,,,,PT1 - Disolusikan Dengan Alpro Lain,,,,,#N/A,,,,
12574451,BBL PT2 EXPAND ODP-TJN-FQ-87,16,  -   ,3468060,"216753,75",AREA 1,SUMBAGSEL,PANGKAL PINANG,PT2,Telkom Akses,158,2. PT2/Batch 1,Prio September,NY Go Live,0,Y,y,20 Branch,#N/A,00. Propose Drop,,,,,,QE Repair Core,,,,,#N/A,,,,
12334687,SMS PT2 ODC SPP FZ D01 MUSTOPA,8,  -   ,2453815,306.726.875,AREA 1,SUMBAGSEL,BENGKULU,PT2,Telkom Akses,159,2. PT2/Batch 1,Prio September,NY Go Live,0,Y,y,20 Branch,#N/A,00. Propose Drop,,,,,,PT1 - Disolusikan Dengan Alpro Lain,,,,,#N/A,,,,
12339028,SMS PT2 ODC SPP FAA D01 GITA PERSADA,8,  -   ,2453815,306.726.875,AREA 1,SUMBAGSEL,BENGKULU,PT2,Telkom Akses,160,2. PT2/Batch 1,Prio September,NY Go Live,0,Y,y,20 Branch,#N/A,00. Propose Drop,,,,,,PT1 - Disolusikan Dengan Alpro Lain,,,,,#N/A,,,,
12488929,SMS PT2 SPP FW D03 MUSTAKIM,8,  -   ,3027681,378.460.125,AREA 1,SUMBAGSEL,BENGKULU,PT2,Telkom Akses,161,2. PT2/Batch 1,Prio September,NY Go Live,0,Y,y,20 Branch,#N/A,00. Propose Drop,,,,,,Pelanggan Batal,,,,,#N/A,,,,
12574420,BBL PT2 EXPAND ODP-TJN-FE-31,16,  -   ,3468060,"216753,75",AREA 1,SUMBAGSEL,PANGKAL PINANG,PT2,Telkom Akses,161,2. PT2/Batch 1,Prio September,NY Go Live,0,Y,y,20 Branch,#N/A,00. Propose Drop,,,,,,"Irisan Cleansing Port 2,3 Jt",,,,,#N/A,,,,
12822542,SMS PT2 ODC PGA FR D02 SUHENDRO,8,  -   ,3027681,378.460.125,AREA 1,SUMBAGSEL,BENGKULU,PT2,Telkom Akses,162,2. PT2/Batch 1,Prio September,NY Go Live,0,Y,y,20 Branch,#N/A,00. Propose Drop,,,,,,Pelanggan Batal,,,,,#N/A,,,,
12574411,BBL PT2 EXPAND ODP-TJN-FQ-60,16,  -   ,3468060,"216753,75",AREA 1,SUMBAGSEL,PANGKAL PINANG,PT2,Telkom Akses,162,2. PT2/Batch 1,Prio September,NY Go Live,0,Y,y,20 Branch,#N/A,00. Propose Drop,,,,,,Core Distribusi Habis,,,,,#N/A,,,,
12791912,SMS PT2 PGA FR D03 HELISA WISIANI,8,  -   ,3027681,378.460.125,AREA 1,SUMBAGSEL,BENGKULU,PT2,Telkom Akses,163,2. PT2/Batch 1,Prio September,NY Go Live,0,Y,y,20 Branch,#N/A,00. Propose Drop,,,,,,Pelanggan Batal,,,,,#N/A,,,,
12574400,BBL PT2 EXPAND ODP-TJN-FQ-58,16,  -   ,3468060,"216753,75",AREA 1,SUMBAGSEL,PANGKAL PINANG,PT2,Telkom Akses,163,2. PT2/Batch 1,Prio September,NY Go Live,0,Y,y,20 Branch,#N/A,00. Propose Drop,,,,,,"Irisan Cleansing Port 2,3 Jt",,,,,#N/A,,,,
12791571,SMS PT2 PGA FA D02 ISWANTO,8,  -   ,3027681,378.460.125,AREA 1,SUMBAGSEL,BENGKULU,PT2,Telkom Akses,164,2. PT2/Batch 1,Prio September,NY Go Live,0,Y,y,20 Branch,#N/A,00. Propose Drop,,,,,,PT1 - Disolusikan Dengan Alpro Lain,,,,,#N/A,,,,
12574389,BBL PT2 EXPAND ODP-TJN-FQ-43,16,  -   ,3468060,"216753,75",AREA 1,SUMBAGSEL,PANGKAL PINANG,PT2,Telkom Akses,164,2. PT2/Batch 1,Prio September,NY Go Live,0,Y,y,20 Branch,#N/A,00. Propose Drop,,,,,,"Irisan Cleansing Port 2,3 Jt",,,,,#N/A,,,,
12574352,BBL PT2 EXPAND ODP-TJN-FQ-25,16,  -   ,3468060,"216753,75",AREA 1,SUMBAGSEL,PANGKAL PINANG,PT2,Telkom Akses,167,2. PT2/Batch 1,Prio September,NY Go Live,0,Y,y,20 Branch,#N/A,00. Propose Drop,,,,,,Core Distribusi Habis,,,,,#N/A,,,,
12574308,BBL PT2 EXPAND ODP-TJN-FP-39,16,  -   ,3468060,"216753,75",AREA 1,SUMBAGSEL,PANGKAL PINANG,PT2,Telkom Akses,171,2. PT2/Batch 1,Prio September,NY Go Live,0,Y,y,20 Branch,#N/A,00. Propose Drop,,,,,,"Irisan Cleansing Port 2,3 Jt",,,,,#N/A,,,,
12574294,BBL PT2 EXPAND ODP-TJN-FP-25,16,  -   ,3468060,"216753,75",AREA 1,SUMBAGSEL,PANGKAL PINANG,PT2,Telkom Akses,172,2. PT2/Batch 1,Prio September,NY Go Live,0,Y,y,20 Branch,#N/A,00. Propose Drop,,,,,,QE Repair Core,,,,,#N/A,,,,
12574278,BBL PT2 EXPAND ODP-TJN-FD-17,16,  -   ,3468060,"216753,75",AREA 1,SUMBAGSEL,PANGKAL PINANG,PT2,Telkom Akses,173,2. PT2/Batch 1,Prio September,NY Go Live,0,Y,y,20 Branch,#N/A,00. Propose Drop,,,,,,"Irisan Cleansing Port 2,3 Jt",,,,,#N/A,,,,
12574210,BBL PT2 EXPAND ODP-TJN-FCLO-01,16,  -   ,3468060,"216753,75",AREA 1,SUMBAGSEL,PANGKAL PINANG,PT2,Telkom Akses,174,2. PT2/Batch 1,Prio September,NY Go Live,0,Y,y,20 Branch,#N/A,00. Propose Drop,,,,,,Core Distribusi Habis,,,,,#N/A,,,,
12573676,BBL PT2 EXPAND ODP-TJN-FC-39,16,  -   ,3468060,"216753,75",AREA 1,SUMBAGSEL,PANGKAL PINANG,PT2,Telkom Akses,180,2. PT2/Batch 1,Prio September,NY Go Live,0,Y,y,20 Branch,#N/A,00. Propose Drop,,,,,,"Irisan Cleansing Port 2,3 Jt",,,,,#N/A,,,,
12573611,BBL PT2 EXPAND ODP-TJN-FC-22,16,  -   ,3468060,"216753,75",AREA 1,SUMBAGSEL,PANGKAL PINANG,PT2,Telkom Akses,181,2. PT2/Batch 1,Prio September,NY Go Live,0,Y,y,20 Branch,#N/A,00. Propose Drop,,,,,,"Irisan Cleansing Port 2,3 Jt",,,,,#N/A,,,,
12573464,BBL PT2 EXPAND ODP-TJN-FBE-013,16,  -   ,3468060,"216753,75",AREA 1,SUMBAGSEL,PANGKAL PINANG,PT2,Telkom Akses,183,2. PT2/Batch 1,Prio September,NY Go Live,0,Y,y,20 Branch,#N/A,00. Propose Drop,,,,,,"Irisan Cleansing Port 2,3 Jt",,,,,#N/A,,,,
12573385,BBL PT2 EXPAND ODP-TJN-FB-145,16,  -   ,3468060,"216753,75",AREA 1,SUMBAGSEL,PANGKAL PINANG,PT2,Telkom Akses,185,2. PT2/Batch 1,Prio September,NY Go Live,0,Y,y,20 Branch,#N/A,00. Propose Drop,,,,,,"Irisan Cleansing Port 2,3 Jt",,,,,#N/A,,,,
12573224,BBL PT2 EXPAND ODP-TJN-FAX-001,16,  -   ,3468060,"216753,75",AREA 1,SUMBAGSEL,PANGKAL PINANG,PT2,Telkom Akses,188,2. PT2/Batch 1,Prio September,NY Go Live,0,Y,y,20 Branch,#N/A,00. Propose Drop,,,,,,"Irisan Cleansing Port 2,3 Jt",,,,,#N/A,,,,
12573183,BBL PT2 EXPAND ODP-TJN-FAU-001,16,  -   ,3468060,"216753,75",AREA 1,SUMBAGSEL,PANGKAL PINANG,PT2,Telkom Akses,189,2. PT2/Batch 1,Prio September,NY Go Live,0,Y,y,20 Branch,#N/A,00. Propose Drop,,,,,,QE Repair Core,,,,,#N/A,,,,
12573154,BBL PT2 EXPAND ODP-TJN-FAS-008,16,  -   ,3468060,"216753,75",AREA 1,SUMBAGSEL,PANGKAL PINANG,PT2,Telkom Akses,190,2. PT2/Batch 1,Prio September,NY Go Live,0,Y,y,20 Branch,#N/A,00. Propose Drop,,,,,,"Irisan Cleansing Port 2,3 Jt",,,,,#N/A,,,,
12573138,BBL PT2 EXPAND ODP-TJN-FAS-007,16,  -   ,3468060,"216753,75",AREA 1,SUMBAGSEL,PANGKAL PINANG,PT2,Telkom Akses,191,2. PT2/Batch 1,Prio September,NY Go Live,0,Y,y,20 Branch,#N/A,00. Propose Drop,,,,,,"Irisan Cleansing Port 2,3 Jt",,,,,#N/A,,,,
12573114,BBL PT2 EXPAND ODP-TJN-FAS-006,16,  -   ,3468060,"216753,75",AREA 1,SUMBAGSEL,PANGKAL PINANG,PT2,Telkom Akses,192,2. PT2/Batch 1,Prio September,NY Go Live,0,Y,y,20 Branch,#N/A,00. Propose Drop,,,,,,"Irisan Cleansing Port 2,3 Jt",,,,,#N/A,,,,
12579595,BNK PT2 EXPAND ODP-TIS-FC-01,16,  -   ,3189378,199.336.125,AREA 1,SUMBAGSEL,BENGKULU,PT2,Telkom Akses,195,2. PT2/Batch 1,Prio September,NY Go Live,0,Y,y,20 Branch,#N/A,00. Propose Drop,,,,,,"Irisan Cleansing Port 2,3 Jt",,,,,#N/A,,,,
12572943,BBL PT2 EXPAND ODP-TJN-FAP-018,16,  -   ,3468060,"216753,75",AREA 1,SUMBAGSEL,PANGKAL PINANG,PT2,Telkom Akses,195,2. PT2/Batch 1,Prio September,NY Go Live,0,Y,y,20 Branch,#N/A,00. Propose Drop,,,,,,Pelanggan Batal,,,,,#N/A,,,,
12572343,BBL PT2 EXPAND ODP-TJN-FAM-013,16,  -   ,3468060,"216753,75",AREA 1,SUMBAGSEL,PANGKAL PINANG,PT2,Telkom Akses,197,2. PT2/Batch 1,Prio September,NY Go Live,0,Y,y,20 Branch,#N/A,00. Propose Drop,,,,,,"Irisan Cleansing Port 2,3 Jt",,,,,#N/A,,,,
12542251,BNK PT2 EXPAND ODP-PDW-FAL-027,16,  -   ,3189378,199.336.125,AREA 1,SUMBAGSEL,BENGKULU,PT2,Telkom Akses,198,2. PT2/Batch 1,Prio September,NY Go Live,0,Y,y,20 Branch,#N/A,00. Propose Drop,,,,,,"Irisan Cleansing Port 2,3 Jt",,,,,#N/A,,,,
12572327,BBL PT2 EXPAND ODP-TJN-FAM-011,16,  -   ,3468060,"216753,75",AREA 1,SUMBAGSEL,PANGKAL PINANG,PT2,Telkom Akses,198,2. PT2/Batch 1,Prio September,NY Go Live,0,Y,y,20 Branch,#N/A,00. Propose Drop,,,,,,"Irisan Cleansing Port 2,3 Jt",,,,,#N/A,,,,
12572127,BBL PT2 EXPAND ODP-TJN-FAD-38,16,  -   ,3468060,"216753,75",AREA 1,SUMBAGSEL,PANGKAL PINANG,PT2,Telkom Akses,199,2. PT2/Batch 1,Prio September,NY Go Live,0,Y,y,20 Branch,#N/A,00. Propose Drop,,,,,,"Irisan Cleansing Port 2,3 Jt",,,,,#N/A,,,,
12572003,BBL PT2 EXPAND ODP-TJN-FAD-04,16,  -   ,3468060,"216753,75",AREA 1,SUMBAGSEL,PANGKAL PINANG,PT2,Telkom Akses,200,2. PT2/Batch 1,Prio September,NY Go Live,0,Y,y,20 Branch,#N/A,00. Propose Drop,,,,,,QE Repair Core,,,,,#N/A,,,,
12571975,BBL PT2 EXPAND ODP-TJN-FAC-14,16,  -   ,3468060,"216753,75",AREA 1,SUMBAGSEL,PANGKAL PINANG,PT2,Telkom Akses,201,2. PT2/Batch 1,Prio September,NY Go Live,0,Y,y,20 Branch,#N/A,00. Propose Drop,,,,,,"Irisan Cleansing Port 2,3 Jt",,,,,#N/A,,,,
12561917,BNK PT2 EXPAND ODP-PDW-FJ-18,16,  -   ,3189378,199.336.125,AREA 1,SUMBAGSEL,BENGKULU,PT2,Telkom Akses,203,2. PT2/Batch 1,Prio September,NY Go Live,0,Y,y,20 Branch,#N/A,00. Propose Drop,,,,,,"Irisan Cleansing Port 2,3 Jt",,,,,#N/A,,,,
12562048,BNK PT2 EXPAND ODP-PDW-FK-058,16,  -   ,3189378,199.336.125,AREA 1,SUMBAGSEL,BENGKULU,PT2,Telkom Akses,205,2. PT2/Batch 1,Prio September,NY Go Live,0,Y,y,20 Branch,#N/A,00. Propose Drop,,,,,,QE Repair Core,,,,,#N/A,,,,
12727032,SMS PT2 PGA FG D02 IRWANSYAH,8,  -   ,3027681,378.460.125,AREA 1,SUMBAGSEL,BENGKULU,PT2,Telkom Akses,209,2. PT2/Batch 1,Prio September,NY Go Live,0,Y,y,20 Branch,#N/A,00. Propose Drop,,,,,,Pelanggan Batal,,,,,#N/A,,,,
12528923,BNK PT2 EXPAND ODP-IPU-F01-20,16,  -   ,3189378,199.336.125,AREA 1,SUMBAGSEL,BENGKULU,PT2,Telkom Akses,210,2. PT2/Batch 1,Prio September,NY Go Live,0,Y,y,20 Branch,#N/A,04. Finish Instalasi,Ready,,,,,,,,,,#N/A,,,,
12541541,BBL PT2 EXPAND ODP-TJN-FM-149,16,  -   ,3468060,"216753,75",AREA 1,SUMBAGSEL,PANGKAL PINANG,PT2,Telkom Akses,210,2. PT2/Batch 1,Prio September,NY Go Live,0,Y,y,20 Branch,#N/A,00. Propose Drop,,,,,,"Irisan Cleansing Port 2,3 Jt",,,,,#N/A,,,,
12726880,SMS PT2 PGA FR D02 EKO SAPUTRA,8,  -   ,3027681,378.460.125,AREA 1,SUMBAGSEL,BENGKULU,PT2,Telkom Akses,211,2. PT2/Batch 1,Prio September,NY Go Live,0,Y,y,20 Branch,#N/A,00. Propose Drop,,,,,,Pelanggan Batal,,,,,#N/A,,,,
12547066,BNK PT2 EXPAND ODP-IPU-FA-136,16,  -   ,3189378,199.336.125,AREA 1,SUMBAGSEL,BENGKULU,PT2,Telkom Akses,212,2. PT2/Batch 1,Prio September,NY Go Live,0,Y,y,20 Branch,#N/A,00. Propose Drop,,,,,,"Irisan Cleansing Port 2,3 Jt",,,,,#N/A,,,,
12541443,BBL PT2 EXPAND ODP-TJN-FL-29,16,  -   ,3468060,"216753,75",AREA 1,SUMBAGSEL,PANGKAL PINANG,PT2,Telkom Akses,212,2. PT2/Batch 1,Prio September,NY Go Live,0,Y,y,20 Branch,#N/A,00. Propose Drop,,,,,,Core Distribusi Habis,,,,,#N/A,,,,
12151420,SMS PT2 ODC PGA FB D01 EDO OKTAWAN,8,  -   ,3027681,378.460.125,AREA 1,SUMBAGSEL,BENGKULU,PT2,Telkom Akses,213,2. PT2/Batch 1,Prio September,NY Go Live,0,Y,y,20 Branch,#N/A,00. Propose Drop,,,,,,Pelanggan Batal,,,,,#N/A,,,,
12546777,BNK PT2 EXPAND ODP-IPU-FA-131,16,  -   ,3189378,199.336.125,AREA 1,SUMBAGSEL,BENGKULU,PT2,Telkom Akses,214,2. PT2/Batch 1,Prio September,NY Go Live,0,Y,y,20 Branch,#N/A,00. Propose Drop,,,,,,"Irisan Cleansing Port 2,3 Jt",,,,,#N/A,,,,
12305578,SMS PT2 ODC PGA FB ESTT ANS TASIYA,8,  -   ,3027681,378.460.125,AREA 1,SUMBAGSEL,BENGKULU,PT2,Telkom Akses,215,2. PT2/Batch 1,Prio September,NY Go Live,0,Y,y,20 Branch,#N/A,00. Propose Drop,,,,,,Pelanggan Batal,,,,,#N/A,,,,
12541275,BBL PT2 EXPAND ODP-TJN-FH-36,16,  -   ,3468060,"216753,75",AREA 1,SUMBAGSEL,PANGKAL PINANG,PT2,Telkom Akses,215,2. PT2/Batch 1,Prio September,NY Go Live,0,Y,y,20 Branch,#N/A,00. Propose Drop,,,,,,Core Distribusi Habis,,,,,#N/A,,,,
12542342,BNK PT2 EXPAND ODP-IPU-FB-020,16,  -   ,3189378,199.336.125,AREA 1,SUMBAGSEL,BENGKULU,PT2,Telkom Akses,216,2. PT2/Batch 1,Prio September,NY Go Live,0,Y,y,20 Branch,#N/A,00. Propose Drop,,,,,,"Irisan Cleansing Port 2,3 Jt",,,,,#N/A,,,,
12541252,BBL PT2 EXPAND ODP-TJN-FH-33,16,  -   ,3468060,"216753,75",AREA 1,SUMBAGSEL,PANGKAL PINANG,PT2,Telkom Akses,216,2. PT2/Batch 1,Prio September,NY Go Live,0,Y,y,20 Branch,#N/A,00. Propose Drop,,,,,,QE Repair Core,,,,,#N/A,,,,
12330645,SMS PT2 ODC PGA FE AHMAD HASBULLAH,8,  -   ,3027681,378.460.125,AREA 1,SUMBAGSEL,BENGKULU,PT2,Telkom Akses,217,2. PT2/Batch 1,Prio September,NY Go Live,0,Y,y,20 Branch,#N/A,00. Propose Drop,,,,,,Pelanggan Batal,,,,,#N/A,,,,
12541230,BBL PT2 EXPAND ODP-TJN-FG-45,16,  -   ,3468060,"216753,75",AREA 1,SUMBAGSEL,PANGKAL PINANG,PT2,Telkom Akses,217,2. PT2/Batch 1,Prio September,NY Go Live,0,Y,y,20 Branch,#N/A,00. Propose Drop,,,,,,Core Distribusi Habis,,,,,#N/A,,,,
12541375,SMS PT2 ODC PGA FA D02 JON NOVER,8,  -   ,3027681,378.460.125,AREA 1,SUMBAGSEL,BENGKULU,PT2,Telkom Akses,219,2. PT2/Batch 1,Prio September,NY Go Live,0,Y,y,20 Branch,#N/A,00. Propose Drop,,,,,,Pelanggan Batal,,,,,#N/A,,,,
12540216,BBL PT2 EXPAND ODP-TJN-FG-38,16,  -   ,3468060,"216753,75",AREA 1,SUMBAGSEL,PANGKAL PINANG,PT2,Telkom Akses,220,2. PT2/Batch 1,Prio September,NY Go Live,0,Y,y,20 Branch,#N/A,00. Propose Drop,,,,,,"Irisan Cleansing Port 2,3 Jt",,,,,#N/A,,,,
12330954,SMS PT2 PGA FAZ D07 ENDANG PRIHATIN,8,  -   ,3077121,384.640.125,AREA 1,SUMBAGSEL,BENGKULU,PT2,Telkom Akses,221,2. PT2/Batch 1,Prio September,NY Go Live,0,Y,y,20 Branch,#N/A,00. Propose Drop,,,,,,Pelanggan Batal,,,,,#N/A,,,,
12539785,BBL PT2 EXPAND ODP-TJN-FG-30,16,  -   ,3468060,"216753,75",AREA 1,SUMBAGSEL,PANGKAL PINANG,PT2,Telkom Akses,221,2. PT2/Batch 1,Prio September,NY Go Live,0,Y,y,20 Branch,#N/A,00. Propose Drop,,,,,,"Irisan Cleansing Port 2,3 Jt",,,,,#N/A,,,,
12331158,SMS PT2 ODC PGA FB D01 ELIZA VIRONIKA,8,  -   ,3027681,378.460.125,AREA 1,SUMBAGSEL,BENGKULU,PT2,Telkom Akses,223,2. PT2/Batch 1,Prio September,NY Go Live,0,Y,y,20 Branch,#N/A,00. Propose Drop,,,,,,Pelanggan Batal,,,,,#N/A,,,,
12539725,BBL PT2 EXPAND ODP-TJN-FG-09,16,  -   ,3468060,"216753,75",AREA 1,SUMBAGSEL,PANGKAL PINANG,PT2,Telkom Akses,223,2. PT2/Batch 1,Prio September,NY Go Live,0,Y,y,20 Branch,#N/A,00. Propose Drop,,,,,,Core Distribusi Habis,,,,,#N/A,,,,
12331272,SMS PT2 ODC PGA FB D04 RANGGA PRANATA,8,  -   ,3027681,378.460.125,AREA 1,SUMBAGSEL,BENGKULU,PT2,Telkom Akses,225,2. PT2/Batch 1,Prio September,NY Go Live,0,Y,y,20 Branch,#N/A,00. Propose Drop,,,,,,Pelanggan Batal,,,,,#N/A,,,,
12533005,BNK PT2 EXPAND ODP-IPU-FE-022,16,  -   ,3189378,199.336.125,AREA 1,SUMBAGSEL,BENGKULU,PT2,Telkom Akses,226,2. PT2/Batch 1,Prio September,NY Go Live,0,Y,y,20 Branch,#N/A,00. Propose Drop,,,,,,"Irisan Cleansing Port 2,3 Jt",,,,,#N/A,,,,
12539431,BBL PT2 EXPAND ODP-TJN-FF-30,16,  -   ,3468060,"216753,75",AREA 1,SUMBAGSEL,PANGKAL PINANG,PT2,Telkom Akses,226,2. PT2/Batch 1,Prio September,NY Go Live,0,Y,y,20 Branch,#N/A,00. Propose Drop,,,,,,"Irisan Cleansing Port 2,3 Jt",,,,,#N/A,,,,
12331489,SMS PT2 ODC PGA FAZ ROBY ERWANSYAH,8,  -   ,3027681,378.460.125,AREA 1,SUMBAGSEL,BENGKULU,PT2,Telkom Akses,227,2. PT2/Batch 1,Prio September,NY Go Live,0,Y,y,20 Branch,#N/A,00. Propose Drop,,,,,,Pelanggan Batal,,,,,#N/A,,,,
12530771,BNK PT2 EXPAND ODP-IPU-FE-021,16,  -   ,3189378,199.336.125,AREA 1,SUMBAGSEL,BENGKULU,PT2,Telkom Akses,228,2. PT2/Batch 1,Prio September,NY Go Live,0,Y,y,20 Branch,#N/A,00. Propose Drop,,,,,,QE Repair Core,,,,,#N/A,,,,
12332054,SMS PT2 ODC PGA FB RENDRA PUTRA,8,  -   ,3027681,378.460.125,AREA 1,SUMBAGSEL,BENGKULU,PT2,Telkom Akses,229,2. PT2/Batch 1,Prio September,NY Go Live,0,Y,y,20 Branch,#N/A,00. Propose Drop,,,,,,Pelanggan Batal,,,,,#N/A,,,,
12539214,BBL PT2 EXPAND ODP-TJN-FB-199,16,  -   ,3468060,"216753,75",AREA 1,SUMBAGSEL,PANGKAL PINANG,PT2,Telkom Akses,229,2. PT2/Batch 1,Prio September,NY Go Live,0,Y,y,20 Branch,#N/A,00. Propose Drop,,,,,,"Irisan Cleansing Port 2,3 Jt",,,,,#N/A,,,,
12539156,BBL PT2 EXPAND ODP-TJN-FB-198,16,  -   ,3468060,"216753,75",AREA 1,SUMBAGSEL,PANGKAL PINANG,PT2,Telkom Akses,230,2. PT2/Batch 1,Prio September,NY Go Live,0,Y,y,20 Branch,#N/A,00. Propose Drop,,,,,,QE Repair Core,,,,,#N/A,,,,
12332797,SMS PT2 PGA FE D04 MAUNAH FATMAWATI,8,  -   ,3027681,378.460.125,AREA 1,SUMBAGSEL,BENGKULU,PT2,Telkom Akses,231,2. PT2/Batch 1,Prio September,NY Go Live,0,Y,y,20 Branch,#N/A,00. Propose Drop,,,,,,Pelanggan Batal,,,,,#N/A,,,,
12539126,BBL PT2 EXPAND ODP-TJN-FA-91,16,  -   ,3468060,"216753,75",AREA 1,SUMBAGSEL,PANGKAL PINANG,PT2,Telkom Akses,231,2. PT2/Batch 1,Prio September,NY Go Live,0,Y,y,20 Branch,#N/A,00. Propose Drop,,,,,,Core Distribusi Habis,,,,,#N/A,,,,
12502328,BBL PT2 EXPAND ODP-TJN-FJ-33,16,  -   ,3468060,"216753,75",AREA 1,SUMBAGSEL,PANGKAL PINANG,PT2,Telkom Akses,232,2. PT2/Batch 1,Prio September,NY Go Live,0,Y,y,20 Branch,#N/A,00. Propose Drop,,,,,,"Irisan Cleansing Port 2,3 Jt",,,,,#N/A,,,,
12728493,SMS PT2 ODC PGA FR MURNIATI,8,  -   ,3027681,378.460.125,AREA 1,SUMBAGSEL,BENGKULU,PT2,Telkom Akses,233,2. PT2/Batch 1,Prio September,NY Go Live,0,Y,y,20 Branch,#N/A,00. Propose Drop,,,,,,Pelanggan Batal,,,,,#N/A,,,,
12529289,BNK PT2 EXPAND ODP-IPU-FC-006,16,  -   ,3189378,199.336.125,AREA 1,SUMBAGSEL,BENGKULU,PT2,Telkom Akses,234,2. PT2/Batch 1,Prio September,NY Go Live,0,Y,y,20 Branch,#N/A,00. Propose Drop,,,,,,"Irisan Cleansing Port 2,3 Jt",,,,,#N/A,,,,
12379533,BBL EXPAND 1:16 ODP-TJN-FM-54,16,  -   ,3468060,"216753,75",AREA 1,SUMBAGSEL,PANGKAL PINANG,PT2,Telkom Akses,234,2. PT2/Batch 1,Prio September,NY Go Live,0,Y,y,20 Branch,#N/A,00. Propose Drop,,,,,,"Irisan Cleansing Port 2,3 Jt",,,,,#N/A,,,,
12728402,SMS PT2 ODC PGA FG D05 DIDI ARFANSYAH,8,  -   ,3027681,378.460.125,AREA 1,SUMBAGSEL,BENGKULU,PT2,Telkom Akses,235,2. PT2/Batch 1,Prio September,NY Go Live,0,Y,y,20 Branch,#N/A,00. Propose Drop,,,,,,Pelanggan Batal,,,,,#N/A,,,,
12379525,BBL EXPAND 1:16 ODP-TJN-FM-55,16,  -   ,3468060,"216753,75",AREA 1,SUMBAGSEL,PANGKAL PINANG,PT2,Telkom Akses,235,2. PT2/Batch 1,Prio September,NY Go Live,0,Y,y,20 Branch,#N/A,00. Propose Drop,,,,,,QE Repair Core,,,,,#N/A,,,,
12524327,BNK PT2 EXPAND ODP-IPU-FB-38,16,  -   ,3189378,199.336.125,AREA 1,SUMBAGSEL,BENGKULU,PT2,Telkom Akses,236,2. PT2/Batch 1,Prio September,NY Go Live,0,Y,y,20 Branch,#N/A,00. Propose Drop,,,,,,"Irisan Cleansing Port 2,3 Jt",,,,,#N/A,,,,
12379502,BBL EXPAND 1:16 ODP-TJN-FC-59,16,  -   ,3468060,"216753,75",AREA 1,SUMBAGSEL,PANGKAL PINANG,PT2,Telkom Akses,236,2. PT2/Batch 1,Prio September,NY Go Live,0,Y,y,20 Branch,#N/A,05. Go Live,Ready,,,,,,,,,,#N/A,,,,
12567765,SMS PT2 ODC PDP FE D01 ARI SETIAWAN,8,  -   ,3040021,380.002.625,AREA 1,SUMBAGSEL,BENGKULU,PT2,Telkom Akses,237,2. PT2/Batch 1,Prio September,NY Go Live,0,Y,y,20 Branch,#N/A,00. Propose Drop,,,,,,Pelanggan Batal,,,,,#N/A,,,,
12302234,12302234-SMS PT2 ODC PDP FA D03 YEPITASA,8,  -   ,3027681,378.460.125,AREA 1,SUMBAGSEL,BENGKULU,PT2,Telkom Akses,239,2. PT2/Batch 1,Prio September,NY Go Live,0,Y,y,20 Branch,#N/A,00. Propose Drop,,,,,,Core Distribusi Habis,,,,,#N/A,,,,
12533956,BBL PT2 EXPAND ODP-TBI-FB-42,16,  -   ,3468060,"216753,75",AREA 1,SUMBAGSEL,PANGKAL PINANG,PT2,Telkom Akses,239,2. PT2/Batch 1,Prio September,NY Go Live,0,Y,y,20 Branch,#N/A,00. Propose Drop,,,,,,"Irisan Cleansing Port 2,3 Jt",,,,,#N/A,,,,
12331113,12331113-SMS PT2 ODC PDP FA D02 WIKA A,8,  -   ,3027681,378.460.125,AREA 1,SUMBAGSEL,BENGKULU,PT2,Telkom Akses,241,2. PT2/Batch 1,Prio September,NY Go Live,0,Y,y,20 Branch,#N/A,00. Propose Drop,,,,,,QE Repair Core,,,,,#N/A,,,,
12529252,BNK PT2 EXPAND ODP-MKO-F01-11,16,  -   ,3189378,199.336.125,AREA 1,SUMBAGSEL,BENGKULU,PT2,Telkom Akses,242,2. PT2/Batch 1,Prio September,NY Go Live,0,Y,y,20 Branch,#N/A,00. Propose Drop,,,,,,QE Repair Core,,,,,#N/A,,,,
12547374,BBL PT2 EXPAND ODP-TBI-FA-26,16,  -   ,3468060,"216753,75",AREA 1,SUMBAGSEL,PANGKAL PINANG,PT2,Telkom Akses,242,2. PT2/Batch 1,Prio September,NY Go Live,0,Y,y,20 Branch,#N/A,00. Propose Drop,,,,,,QE Repair Core,,,,,#N/A,,,,
12333197,12333197-SMS PT2 PDP FA D02 HERLI,8,  -   ,2226150,"278268,75",AREA 1,SUMBAGSEL,BENGKULU,PT2,Telkom Akses,243,2. PT2/Batch 1,Prio September,NY Go Live,0,Y,y,20 Branch,#N/A,00. Propose Drop,,,,,,Core Distribusi Habis,,,,,#N/A,,,,
12547657,BBL PT2 EXPAND ODP-TBI-FA-37,16,  -   ,3468060,"216753,75",AREA 1,SUMBAGSEL,PANGKAL PINANG,PT2,Telkom Akses,243,2. PT2/Batch 1,Prio September,NY Go Live,0,Y,y,20 Branch,#N/A,00. Propose Drop,,,,,,Core Distribusi Habis,,,,,#N/A,,,,
12529254,BNK PT2 EXPAND ODP-MKO-F01-15,16,  -   ,3189378,199.336.125,AREA 1,SUMBAGSEL,BENGKULU,PT2,Telkom Akses,244,2. PT2/Batch 1,Prio September,NY Go Live,0,Y,y,20 Branch,#N/A,00. Propose Drop,,,,,,QE Repair Core,,,,,#N/A,,,,
11863735,SMS PT2 ODC LLG FAG D09 ROYATI,8,  -   ,2453815,306.726.875,AREA 1,SUMBAGSEL,BENGKULU,PT2,Telkom Akses,245,2. PT2/Batch 1,Prio September,NY Go Live,0,Y,y,20 Branch,#N/A,00. Propose Drop,,,,,,Core Distribusi Habis,,,,,#N/A,,,,
12548110,BBL PT2 EXPAND ODP-TBI-FA-67,16,  -   ,3468060,"216753,75",AREA 1,SUMBAGSEL,PANGKAL PINANG,PT2,Telkom Akses,245,2. PT2/Batch 1,Prio September,NY Go Live,0,Y,y,20 Branch,#N/A,00. Propose Drop,,,,,,"Irisan Cleansing Port 2,3 Jt",,,,,#N/A,,,,
12061640,BNK PT2 MUKO MUKO_9563_H2_2025,16,  -   ,5231708,"326981,75",AREA 1,SUMBAGSEL,BENGKULU,PT2,Telkom Akses,246,2. PT2/Batch 1,Prio September,NY Go Live,0,Y,y,20 Branch,#N/A,01. Persiapan,Ready,,,,,,,,,,#N/A,,,,
12548333,BBL PT2 EXPAND ODP-TBI-FA-87,16,  -   ,3468060,"216753,75",AREA 1,SUMBAGSEL,PANGKAL PINANG,PT2,Telkom Akses,246,2. PT2/Batch 1,Prio September,NY Go Live,0,Y,y,20 Branch,#N/A,00. Propose Drop,,,,,,QE Repair Core,,,,,#N/A,,,,
12011493,SMS PT2 ODC LLG FAH D03 FRANKIE,8,  -   ,2453815,306.726.875,AREA 1,SUMBAGSEL,BENGKULU,PT2,Telkom Akses,247,2. PT2/Batch 1,Prio September,NY Go Live,0,Y,y,20 Branch,#N/A,00. Propose Drop,,,,,,Kapasitas sudah 16,,,,,#N/A,,,,
12078458,BNK PT2 MUKO MUKO_37277_H2_2025,16,  -   ,5246334,327.895.875,AREA 1,SUMBAGSEL,BENGKULU,PT2,Telkom Akses,248,2. PT2/Batch 1,Prio September,NY Go Live,0,Y,y,20 Branch,#N/A,01. Persiapan,Ready,,,,,,,,,,#N/A,,,,
12549920,BBL PT2 EXPAND ODP-TBI-FAE-015,16,  -   ,3468060,"216753,75",AREA 1,SUMBAGSEL,PANGKAL PINANG,PT2,Telkom Akses,248,2. PT2/Batch 1,Prio September,NY Go Live,0,Y,y,20 Branch,#N/A,00. Propose Drop,,,,,,"Irisan Cleansing Port 2,3 Jt",,,,,#N/A,,,,
12330807,SMS PT2 ODC LLG FAA ASNI,8,  -   ,3027681,378.460.125,AREA 1,SUMBAGSEL,BENGKULU,PT2,Telkom Akses,249,2. PT2/Batch 1,Prio September,NY Go Live,0,Y,y,20 Branch,#N/A,00. Propose Drop,,,,,,Kapasitas sudah 16,,,,,#N/A,,,,
12131714,BNK PT2 MUKO MUKO_28021_H2_2025,16,  -   ,5231708,"326981,75",AREA 1,SUMBAGSEL,BENGKULU,PT2,Telkom Akses,250,2. PT2/Batch 1,Prio September,NY Go Live,0,Y,y,20 Branch,#N/A,01. Persiapan,Ready,,,,,,,,,,#N/A,,,,
12550514,BBL PT2 EXPAND ODP-TBI-FAF-015,16,  -   ,3468060,"216753,75",AREA 1,SUMBAGSEL,PANGKAL PINANG,PT2,Telkom Akses,250,2. PT2/Batch 1,Prio September,NY Go Live,0,Y,y,20 Branch,#N/A,00. Propose Drop,,,,,,QE Repair Core,,,,,#N/A,,,,
12486519,SMS PT2 ODC LLG FAU D03 FERDINAN ROMET,8,  -   ,3027681,378.460.125,AREA 1,SUMBAGSEL,BENGKULU,PT2,Telkom Akses,251,2. PT2/Batch 1,Prio September,NY Go Live,0,Y,y,20 Branch,#N/A,01. Persiapan,Ready,,,,,,,,,,#N/A,,,,
12540977,BNK PT2 EXPAND ODP-MKO-FAD-111,16,  -   ,3189378,199.336.125,AREA 1,SUMBAGSEL,BENGKULU,PT2,Telkom Akses,252,2. PT2/Batch 1,Prio September,NY Go Live,0,Y,y,20 Branch,#N/A,00. Propose Drop,,,,,,"Irisan Cleansing Port 2,3 Jt",,,,,#N/A,,,,
12488749,12488749-SMS PT2 ODC-LLG-FAS D04 ERLIS,8,  -   ,3027681,378.460.125,AREA 1,SUMBAGSEL,BENGKULU,PT2,Telkom Akses,253,2. PT2/Batch 1,Prio September,NY Go Live,0,Y,y,20 Branch,#N/A,00. Propose Drop,,,,,,Kapasitas sudah 16,,,,,#N/A,,,,
12554258,BBL PT2 EXPAND ODP-TBI-FBC-010,16,  -   ,3468060,"216753,75",AREA 1,SUMBAGSEL,PANGKAL PINANG,PT2,Telkom Akses,254,2. PT2/Batch 1,Prio September,NY Go Live,0,Y,y,20 Branch,#N/A,00. Propose Drop,,,,,,QE Repair Core,,,,,#N/A,,,,
12554684,BBL PT2 EXPAND ODP-TBI-FCH-001,16,  -   ,3468060,"216753,75",AREA 1,SUMBAGSEL,PANGKAL PINANG,PT2,Telkom Akses,255,2. PT2/Batch 1,Prio September,NY Go Live,0,Y,y,20 Branch,#N/A,00. Propose Drop,,,,,,QE Repair Core,,,,,#N/A,,,,
12540992,BNK PT2 EXPAND ODP-MKO-FAD-27,16,  -   ,3189378,199.336.125,AREA 1,SUMBAGSEL,BENGKULU,PT2,Telkom Akses,256,2. PT2/Batch 1,Prio September,NY Go Live,0,Y,y,20 Branch,#N/A,00. Propose Drop,,,,,,QE Repair Core,,,,,#N/A,,,,
12557304,BBL PT2 EXPAND ODP-TBI-FF-013,16,  -   ,3468060,"216753,75",AREA 1,SUMBAGSEL,PANGKAL PINANG,PT2,Telkom Akses,257,2. PT2/Batch 1,Prio September,NY Go Live,0,Y,y,20 Branch,#N/A,00. Propose Drop,,,,,,"Irisan Cleansing Port 2,3 Jt",,,,,#N/A,,,,
12557411,BBL PT2 EXPAND ODP-TBI-FF-03,16,  -   ,3468060,"216753,75",AREA 1,SUMBAGSEL,PANGKAL PINANG,PT2,Telkom Akses,258,2. PT2/Batch 1,Prio September,NY Go Live,0,Y,y,20 Branch,#N/A,00. Propose Drop,,,,,,QE Repair Core,,,,,#N/A,,,,
12540996,BNK PT2 EXPAND ODP-MKO-FAH-014,16,  -   ,3189378,199.336.125,AREA 1,SUMBAGSEL,BENGKULU,PT2,Telkom Akses,260,2. PT2/Batch 1,Prio September,NY Go Live,0,Y,y,20 Branch,#N/A,00. Propose Drop,,,,,,"Irisan Cleansing Port 2,3 Jt",,,,,#N/A,,,,
12540998,BNK PT2 EXPAND ODP-MKO-FAJ-003,16,  -   ,3189378,199.336.125,AREA 1,SUMBAGSEL,BENGKULU,PT2,Telkom Akses,262,2. PT2/Batch 1,Prio September,NY Go Live,0,Y,y,20 Branch,#N/A,00. Propose Drop,,,,,,"Irisan Cleansing Port 2,3 Jt",,,,,#N/A,,,,
12541001,BNK PT2 EXPAND ODP-MKO-FAJ-010,16,  -   ,3189378,199.336.125,AREA 1,SUMBAGSEL,BENGKULU,PT2,Telkom Akses,264,2. PT2/Batch 1,Prio September,NY Go Live,0,Y,y,20 Branch,#N/A,00. Propose Drop,,,,,,QE Repair Core,,,,,#N/A,,,,
12572606,BBL PT2 EXPAND ODP-TBI-FY-004,16,  -   ,3468060,"216753,75",AREA 1,SUMBAGSEL,PANGKAL PINANG,PT2,Telkom Akses,264,2. PT2/Batch 1,Prio September,NY Go Live,0,Y,y,20 Branch,#N/A,00. Propose Drop,,,,,,"Irisan Cleansing Port 2,3 Jt",,,,,#N/A,,,,
12540889,BNK PT2 EXPAND ODP-MKO-FAD-04,16,  -   ,3189378,199.336.125,AREA 1,SUMBAGSEL,BENGKULU,PT2,Telkom Akses,266,2. PT2/Batch 1,Prio September,NY Go Live,0,Y,y,20 Branch,#N/A,00. Propose Drop,,,,,,QE Repair Core,,,,,#N/A,,,,
12572637,BBL PT2 EXPAND ODP-TBI-FY-015,16,  -   ,3468060,"216753,75",AREA 1,SUMBAGSEL,PANGKAL PINANG,PT2,Telkom Akses,266,2. PT2/Batch 1,Prio September,NY Go Live,0,Y,y,20 Branch,#N/A,00. Propose Drop,,,,,,"Irisan Cleansing Port 2,3 Jt",,,,,#N/A,,,,
12540887,BNK PT2 EXPAND ODP-MKO-FAC-49,16,  -   ,3189378,199.336.125,AREA 1,SUMBAGSEL,BENGKULU,PT2,Telkom Akses,268,2. PT2/Batch 1,Prio September,NY Go Live,0,Y,y,20 Branch,#N/A,00. Propose Drop,,,,,,"Irisan Cleansing Port 2,3 Jt",,,,,#N/A,,,,
12572599,BBL PT2 EXPAND ODP-TBI-FY-003,16,  -   ,3468060,"216753,75",AREA 1,SUMBAGSEL,PANGKAL PINANG,PT2,Telkom Akses,268,2. PT2/Batch 1,Prio September,NY Go Live,0,Y,y,20 Branch,#N/A,00. Propose Drop,,,,,,"Irisan Cleansing Port 2,3 Jt",,,,,#N/A,,,,
12572592,BBL PT2 EXPAND ODP-TBI-FV-036,16,  -   ,3468060,"216753,75",AREA 1,SUMBAGSEL,PANGKAL PINANG,PT2,Telkom Akses,269,2. PT2/Batch 1,Prio September,NY Go Live,0,Y,y,20 Branch,#N/A,00. Propose Drop,,,,,,QE Repair Core,,,,,#N/A,,,,
12540885,BNK PT2 EXPAND ODP-MKO-FAC-34,16,  -   ,3189378,199.336.125,AREA 1,SUMBAGSEL,BENGKULU,PT2,Telkom Akses,270,2. PT2/Batch 1,Prio September,NY Go Live,0,Y,y,20 Branch,#N/A,00. Propose Drop,,,,,,QE Repair Core,,,,,#N/A,,,,
12540881,BNK PT2 EXPAND ODP-MKO-FAB-01,16,  -   ,3189378,199.336.125,AREA 1,SUMBAGSEL,BENGKULU,PT2,Telkom Akses,272,2. PT2/Batch 1,Prio September,NY Go Live,0,Y,y,20 Branch,#N/A,00. Propose Drop,,,,,,QE Repair Core,,,,,#N/A,,,,
12572430,BBL PT2 EXPAND ODP-TBI-FT-010,16,  -   ,3468060,"216753,75",AREA 1,SUMBAGSEL,PANGKAL PINANG,PT2,Telkom Akses,272,2. PT2/Batch 1,Prio September,NY Go Live,0,Y,y,20 Branch,#N/A,00. Propose Drop,,,,,,QE Repair Core,,,,,#N/A,,,,
12540876,BNK PT2 EXPAND ODP-MKO-FAA-15,16,  -   ,3189378,199.336.125,AREA 1,SUMBAGSEL,BENGKULU,PT2,Telkom Akses,276,2. PT2/Batch 1,Prio September,NY Go Live,0,Y,y,20 Branch,#N/A,00. Propose Drop,,,,,,QE Repair Core,,,,,#N/A,,,,
12572325,BBL PT2 EXPAND ODP-TBI-FN-015,16,  -   ,3468060,"216753,75",AREA 1,SUMBAGSEL,PANGKAL PINANG,PT2,Telkom Akses,276,2. PT2/Batch 1,Prio September,NY Go Live,0,Y,y,20 Branch,#N/A,00. Propose Drop,,,,,,QE Repair Core,,,,,#N/A,,,,
12540894,BNK PT2 EXPAND ODP-MKO-FAA-12,16,  -   ,3189378,199.336.125,AREA 1,SUMBAGSEL,BENGKULU,PT2,Telkom Akses,278,2. PT2/Batch 1,Prio September,NY Go Live,0,Y,y,20 Branch,#N/A,00. Propose Drop,,,,,,QE Repair Core,,,,,#N/A,,,,
12572291,BBL PT2 EXPAND ODP-TBI-FM-001,16,  -   ,3468060,"216753,75",AREA 1,SUMBAGSEL,PANGKAL PINANG,PT2,Telkom Akses,278,2. PT2/Batch 1,Prio September,NY Go Live,0,Y,y,20 Branch,#N/A,00. Propose Drop,,,,,,"Irisan Cleansing Port 2,3 Jt",,,,,#N/A,,,,
12540871,BNK PT2 EXPAND ODP-MKO-FAA-101,16,  -   ,3189378,199.336.125,AREA 1,SUMBAGSEL,BENGKULU,PT2,Telkom Akses,280,2. PT2/Batch 1,Prio September,NY Go Live,0,Y,y,20 Branch,#N/A,00. Propose Drop,,,,,,QE Repair Core,,,,,#N/A,,,,
12572006,BBL PT2 EXPAND ODP-TBI-FG-67,16,  -   ,3468060,"216753,75",AREA 1,SUMBAGSEL,PANGKAL PINANG,PT2,Telkom Akses,281,2. PT2/Batch 1,Prio September,NY Go Live,0,Y,y,20 Branch,#N/A,00. Propose Drop,,,,,,"Irisan Cleansing Port 2,3 Jt",,,,,#N/A,,,,
12540869,BNK PT2 EXPAND ODP-MKO-FAA-025,16,  -   ,3189378,199.336.125,AREA 1,SUMBAGSEL,BENGKULU,PT2,Telkom Akses,282,2. PT2/Batch 1,Prio September,NY Go Live,0,Y,y,20 Branch,#N/A,00. Propose Drop,,,,,,QE Repair Core,,,,,#N/A,,,,
12571972,BBL PT2 EXPAND ODP-TBI-FG-61,16,  -   ,3468060,"216753,75",AREA 1,SUMBAGSEL,PANGKAL PINANG,PT2,Telkom Akses,283,2. PT2/Batch 1,Prio September,NY Go Live,0,Y,y,20 Branch,#N/A,00. Propose Drop,,,,,,QE Repair Core,,,,,#N/A,,,,
12538973,BNK PT2 EXPAND ODP-MKO-FAG-56,16,  -   ,3189378,199.336.125,AREA 1,SUMBAGSEL,BENGKULU,PT2,Telkom Akses,284,2. PT2/Batch 1,Prio September,NY Go Live,0,Y,y,20 Branch,#N/A,00. Propose Drop,,,,,,QE Repair Core,,,,,#N/A,,,,
12538925,BNK PT2 EXPAND ODP-MKO-FAD-059,16,  -   ,3189378,199.336.125,AREA 1,SUMBAGSEL,BENGKULU,PT2,Telkom Akses,286,2. PT2/Batch 1,Prio September,NY Go Live,0,Y,y,20 Branch,#N/A,00. Propose Drop,,,,,,"Irisan Cleansing Port 2,3 Jt",,,,,#N/A,,,,
12571214,BBL PT2 EXPAND ODP-TBI-FG-29,16,  -   ,3468060,"216753,75",AREA 1,SUMBAGSEL,PANGKAL PINANG,PT2,Telkom Akses,289,2. PT2/Batch 1,Prio September,NY Go Live,0,Y,y,20 Branch,#N/A,00. Propose Drop,,,,,,QE Repair Core,,,,,#N/A,,,,
12571172,BBL PT2 EXPAND ODP-TBI-FG-16,16,  -   ,3468060,"216753,75",AREA 1,SUMBAGSEL,PANGKAL PINANG,PT2,Telkom Akses,290,2. PT2/Batch 1,Prio September,NY Go Live,0,Y,y,20 Branch,#N/A,00. Propose Drop,,,,,,Core Distribusi Habis,,,,,#N/A,,,,
12558464,BBL PT2 EXPAND ODP-TBI-FG-14,16,  -   ,3468060,"216753,75",AREA 1,SUMBAGSEL,PANGKAL PINANG,PT2,Telkom Akses,291,2. PT2/Batch 1,Prio September,NY Go Live,0,Y,y,20 Branch,#N/A,00. Propose Drop,,,,,,"Irisan Cleansing Port 2,3 Jt",,,,,#N/A,,,,
12558427,BBL PT2 EXPAND ODP-TBI-FG-13,16,  -   ,3468060,"216753,75",AREA 1,SUMBAGSEL,PANGKAL PINANG,PT2,Telkom Akses,292,2. PT2/Batch 1,Prio September,NY Go Live,0,Y,y,20 Branch,#N/A,00. Propose Drop,,,,,,"Irisan Cleansing Port 2,3 Jt",,,,,#N/A,,,,
12558252,BBL PT2 EXPAND ODP-TBI-FG-090,16,  -   ,3468060,"216753,75",AREA 1,SUMBAGSEL,PANGKAL PINANG,PT2,Telkom Akses,296,2. PT2/Batch 1,Prio September,NY Go Live,0,Y,y,20 Branch,#N/A,00. Propose Drop,,,,,,"Irisan Cleansing Port 2,3 Jt",,,,,#N/A,,,,
12558223,BBL PT2 EXPAND ODP-TBI-FG-089,16,  -   ,3468060,"216753,75",AREA 1,SUMBAGSEL,PANGKAL PINANG,PT2,Telkom Akses,297,2. PT2/Batch 1,Prio September,NY Go Live,0,Y,y,20 Branch,#N/A,00. Propose Drop,,,,,,"Irisan Cleansing Port 2,3 Jt",,,,,#N/A,,,,
12558066,BBL PT2 EXPAND ODP-TBI-FG-070,16,  -   ,3468060,"216753,75",AREA 1,SUMBAGSEL,PANGKAL PINANG,PT2,Telkom Akses,299,2. PT2/Batch 1,Prio September,NY Go Live,0,Y,y,20 Branch,#N/A,00. Propose Drop,,,,,,"Irisan Cleansing Port 2,3 Jt",,,,,#N/A,,,,
12557984,BBL PT2 EXPAND ODP-TBI-FG-018,16,  -   ,3468060,"216753,75",AREA 1,SUMBAGSEL,PANGKAL PINANG,PT2,Telkom Akses,301,2. PT2/Batch 1,Prio September,NY Go Live,0,Y,y,20 Branch,#N/A,00. Propose Drop,,,,,,"Irisan Cleansing Port 2,3 Jt",,,,,#N/A,,,,
12792639,BNK PT2 MKOFAF AOk4251217170411487fe4cc0,8,  -   ,3386329,423.291.125,AREA 1,SUMBAGSEL,BENGKULU,PT2,Telkom Akses,302,2. PT2/Batch 1,Prio September,NY Go Live,0,Y,y,20 Branch,#N/A,00. Propose Drop,,,,,,PT1 - Disolusikan Dengan Alpro Lain,,,,,#N/A,,,,
12557950,BBL PT2 EXPAND ODP-TBI-FG-017,16,  -   ,3468060,"216753,75",AREA 1,SUMBAGSEL,PANGKAL PINANG,PT2,Telkom Akses,302,2. PT2/Batch 1,Prio September,NY Go Live,0,Y,y,20 Branch,#N/A,00. Propose Drop,,,,,,"Irisan Cleansing Port 2,3 Jt",,,,,#N/A,,,,
12061585,BNK PT2 MUKO MUKO_99967_H2_2025,8,  -   ,2877115,359.639.375,AREA 1,SUMBAGSEL,BENGKULU,PT2,Telkom Akses,304,2. PT2/Batch 1,Prio September,NY Go Live,0,Y,y,20 Branch,#N/A,01. Persiapan,Ready,,,,,,,,,,#N/A,,,,
12557833,BBL PT2 EXPAND ODP-TBI-FF-80,16,  -   ,3468060,"216753,75",AREA 1,SUMBAGSEL,PANGKAL PINANG,PT2,Telkom Akses,304,2. PT2/Batch 1,Prio September,NY Go Live,0,Y,y,20 Branch,#N/A,00. Propose Drop,,,,,,Core Distribusi Habis,,,,,#N/A,,,,
12557724,BBL PT2 EXPAND ODP-TBI-FF-49,16,  -   ,3468060,"216753,75",AREA 1,SUMBAGSEL,PANGKAL PINANG,PT2,Telkom Akses,307,2. PT2/Batch 1,Prio September,NY Go Live,0,Y,y,20 Branch,#N/A,00. Propose Drop,,,,,,"Irisan Cleansing Port 2,3 Jt",,,,,#N/A,,,,
12557691,BBL PT2 EXPAND ODP-TBI-FF-28,16,  -   ,3468060,"216753,75",AREA 1,SUMBAGSEL,PANGKAL PINANG,PT2,Telkom Akses,308,2. PT2/Batch 1,Prio September,NY Go Live,0,Y,y,20 Branch,#N/A,00. Propose Drop,,,,,,"Irisan Cleansing Port 2,3 Jt",,,,,#N/A,,,,
12557609,BBL PT2 EXPAND ODP-TBI-FF-27,16,  -   ,3468060,"216753,75",AREA 1,SUMBAGSEL,PANGKAL PINANG,PT2,Telkom Akses,309,2. PT2/Batch 1,Prio September,NY Go Live,0,Y,y,20 Branch,#N/A,00. Propose Drop,,,,,,"Irisan Cleansing Port 2,3 Jt",,,,,#N/A,,,,
12557337,BBL PT2 EXPAND ODP-TBI-FF-02,16,  -   ,3468060,"216753,75",AREA 1,SUMBAGSEL,PANGKAL PINANG,PT2,Telkom Akses,312,2. PT2/Batch 1,Prio September,NY Go Live,0,Y,y,20 Branch,#N/A,00. Propose Drop,,,,,,"Irisan Cleansing Port 2,3 Jt",,,,,#N/A,,,,
12557204,BBL PT2 EXPAND ODP-TBI-FE-50,16,  -   ,3468060,"216753,75",AREA 1,SUMBAGSEL,PANGKAL PINANG,PT2,Telkom Akses,315,2. PT2/Batch 1,Prio September,NY Go Live,0,Y,y,20 Branch,#N/A,00. Propose Drop,,,,,,QE Repair Core,,,,,#N/A,,,,
12582102,BNK PT2 EXPAND ODP-AGR-FDA-028,16,  -   ,3189378,199.336.125,AREA 1,SUMBAGSEL,BENGKULU,PT2,Telkom Akses,318,2. PT2/Batch 1,Prio September,NY Go Live,0,Y,y,20 Branch,#N/A,00. Propose Drop,,,,,,QE Repair Core,,,,,#N/A,,,,
12555882,BBL PT2 EXPAND ODP-TBI-FE-03,16,  -   ,3468060,"216753,75",AREA 1,SUMBAGSEL,PANGKAL PINANG,PT2,Telkom Akses,321,2. PT2/Batch 1,Prio September,NY Go Live,0,Y,y,20 Branch,#N/A,00. Propose Drop,,,,,,Core Distribusi Habis,,,,,#N/A,,,,
12582040,BNK PT2 EXPAND ODP-AGR-FDA-045.,16,  -   ,3189378,199.336.125,AREA 1,SUMBAGSEL,BENGKULU,PT2,Telkom Akses,322,2. PT2/Batch 1,Prio September,NY Go Live,0,Y,y,20 Branch,#N/A,00. Propose Drop,,,,,,QE Repair Core,,,,,#N/A,,,,
12555625,BBL PT2 EXPAND ODP-TBI-FD-35,16,  -   ,3468060,"216753,75",AREA 1,SUMBAGSEL,PANGKAL PINANG,PT2,Telkom Akses,324,2. PT2/Batch 1,Prio September,NY Go Live,0,Y,y,20 Branch,#N/A,00. Propose Drop,,,,,,"Irisan Cleansing Port 2,3 Jt",,,,,#N/A,,,,
12555570,BBL PT2 EXPAND ODP-TBI-FD-32,16,  -   ,3468060,"216753,75",AREA 1,SUMBAGSEL,PANGKAL PINANG,PT2,Telkom Akses,325,2. PT2/Batch 1,Prio September,NY Go Live,0,Y,y,20 Branch,#N/A,00. Propose Drop,,,,,,"Irisan Cleansing Port 2,3 Jt",,,,,#N/A,,,,
12555523,BBL PT2 EXPAND ODP-TBI-FD-31,16,  -   ,3468060,"216753,75",AREA 1,SUMBAGSEL,PANGKAL PINANG,PT2,Telkom Akses,326,2. PT2/Batch 1,Prio September,NY Go Live,0,Y,y,20 Branch,#N/A,00. Propose Drop,,,,,,"Irisan Cleansing Port 2,3 Jt",,,,,#N/A,,,,
12555458,BBL PT2 EXPAND ODP-TBI-FD-28,16,  -   ,3468060,"216753,75",AREA 1,SUMBAGSEL,PANGKAL PINANG,PT2,Telkom Akses,328,2. PT2/Batch 1,Prio September,NY Go Live,0,Y,y,20 Branch,#N/A,00. Propose Drop,,,,,,"Irisan Cleansing Port 2,3 Jt",,,,,#N/A,,,,
12555403,BBL PT2 EXPAND ODP-TBI-FD-14,16,  -   ,3468060,"216753,75",AREA 1,SUMBAGSEL,PANGKAL PINANG,PT2,Telkom Akses,329,2. PT2/Batch 1,Prio September,NY Go Live,0,Y,y,20 Branch,#N/A,00. Propose Drop,,,,,,"Irisan Cleansing Port 2,3 Jt",,,,,#N/A,,,,
12555335,BBL PT2 EXPAND ODP-TBI-FD-02,16,  -   ,3468060,"216753,75",AREA 1,SUMBAGSEL,PANGKAL PINANG,PT2,Telkom Akses,330,2. PT2/Batch 1,Prio September,NY Go Live,0,Y,y,20 Branch,#N/A,00. Propose Drop,,,,,,Core Distribusi Habis,,,,,#N/A,,,,
12555039,BBL PT2 EXPAND ODP-TBI-FCH-028,16,  -   ,3468060,"216753,75",AREA 1,SUMBAGSEL,PANGKAL PINANG,PT2,Telkom Akses,334,2. PT2/Batch 1,Prio September,NY Go Live,0,Y,y,20 Branch,#N/A,00. Propose Drop,,,,,,"Irisan Cleansing Port 2,3 Jt",,,,,#N/A,,,,
12554954,BBL PT2 EXPAND ODP-TBI-FCH-023,16,  -   ,3468060,"216753,75",AREA 1,SUMBAGSEL,PANGKAL PINANG,PT2,Telkom Akses,336,2. PT2/Batch 1,Prio September,NY Go Live,0,Y,y,20 Branch,#N/A,00. Propose Drop,,,,,,"Irisan Cleansing Port 2,3 Jt",,,,,#N/A,,,,
12554912,BBL PT2 EXPAND ODP-TBI-FCH-021,16,  -   ,3468060,"216753,75",AREA 1,SUMBAGSEL,PANGKAL PINANG,PT2,Telkom Akses,337,2. PT2/Batch 1,Prio September,NY Go Live,0,Y,y,20 Branch,#N/A,00. Propose Drop,,,,,,QE Repair Core,,,,,#N/A,,,,
12554824,BBL PT2 EXPAND ODP-TBI-FCH-016,16,  -   ,3468060,"216753,75",AREA 1,SUMBAGSEL,PANGKAL PINANG,PT2,Telkom Akses,338,2. PT2/Batch 1,Prio September,NY Go Live,0,Y,y,20 Branch,#N/A,00. Propose Drop,,,,,,QE Repair Core,,,,,#N/A,,,,
12554652,BBL PT2 EXPAND ODP-TBI-FCC-004,16,  -   ,3468060,"216753,75",AREA 1,SUMBAGSEL,PANGKAL PINANG,PT2,Telkom Akses,340,2. PT2/Batch 1,Prio September,NY Go Live,0,Y,y,20 Branch,#N/A,00. Propose Drop,,,,,,QE Repair Core,,,,,#N/A,,,,
12554635,BBL PT2 EXPAND ODP-TBI-FCC-002,16,  -   ,3468060,"216753,75",AREA 1,SUMBAGSEL,PANGKAL PINANG,PT2,Telkom Akses,341,2. PT2/Batch 1,Prio September,NY Go Live,0,Y,y,20 Branch,#N/A,00. Propose Drop,,,,,,QE Repair Core,,,,,#N/A,,,,
12554597,BBL PT2 EXPAND ODP-TBI-FCB-007,16,  -   ,3468060,"216753,75",AREA 1,SUMBAGSEL,PANGKAL PINANG,PT2,Telkom Akses,342,2. PT2/Batch 1,Prio September,NY Go Live,0,Y,y,20 Branch,#N/A,00. Propose Drop,,,,,,"Irisan Cleansing Port 2,3 Jt",,,,,#N/A,,,,
12554538,BBL PT2 EXPAND ODP-TBI-FCB-006,16,  -   ,3468060,"216753,75",AREA 1,SUMBAGSEL,PANGKAL PINANG,PT2,Telkom Akses,343,2. PT2/Batch 1,Prio September,NY Go Live,0,Y,y,20 Branch,#N/A,00. Propose Drop,,,,,,"Irisan Cleansing Port 2,3 Jt",,,,,#N/A,,,,
12554371,BBL PT2 EXPAND ODP-TBI-FC-02,16,  -   ,3468060,"216753,75",AREA 1,SUMBAGSEL,PANGKAL PINANG,PT2,Telkom Akses,348,2. PT2/Batch 1,Prio September,NY Go Live,0,Y,y,20 Branch,#N/A,00. Propose Drop,,,,,,Core Distribusi Habis,,,,,#N/A,,,,
12551290,BBL PT2 EXPAND ODP-TBI-FB-109,16,  -   ,3468060,"216753,75",AREA 1,SUMBAGSEL,PANGKAL PINANG,PT2,Telkom Akses,353,2. PT2/Batch 1,Prio September,NY Go Live,0,Y,y,20 Branch,#N/A,00. Propose Drop,,,,,,"Irisan Cleansing Port 2,3 Jt",,,,,#N/A,,,,
12463279,BNK-PT2-AGR-AOk4251101192436765c99640,8,  -   ,2933089,366.636.125,AREA 1,SUMBAGSEL,BENGKULU,PT2,Telkom Akses,354,2. PT2/Batch 1,Prio September,NY Go Live,0,Y,y,20 Branch,#N/A,00. Propose Drop,,,,,,Kapasitas sudah 16,,,,,#N/A,,,,
12396189,BNK PT2 AGR FJ AOk4251024135411277c145f0,8,  -   ,2933089,366.636.125,AREA 1,SUMBAGSEL,BENGKULU,PT2,Telkom Akses,356,2. PT2/Batch 1,Prio September,NY Go Live,0,Y,y,20 Branch,#N/A,00. Propose Drop,,,,,,PT1 - Disolusikan Dengan Alpro Lain,,,,,#N/A,,,,
12564158,BNK PT2 AGRFDA AOk42511151842018255002c0,8,  -   ,2933089,366.636.125,AREA 1,SUMBAGSEL,BENGKULU,PT2,Telkom Akses,358,2. PT2/Batch 1,Prio September,NY Go Live,0,Y,y,20 Branch,#N/A,00. Propose Drop,,,,,,PT1 - Disolusikan Dengan Alpro Lain,,,,,#N/A,,,,
12171520,BNK-PT2-AGR-AOk42509261821114013491d0,8,  -   ,3047025,380.878.125,AREA 1,SUMBAGSEL,BENGKULU,PT2,Telkom Akses,360,2. PT2/Batch 1,Prio September,NY Go Live,0,Y,y,20 Branch,#N/A,00. Propose Drop,,,,,,Core Distribusi Habis,,,,,#N/A,,,,
12835340,BNK-PT2-AGR-AOi425121110253329346df50,8,  -   ,2933089,366.636.125,AREA 1,SUMBAGSEL,BENGKULU,PT2,Telkom Akses,362,2. PT2/Batch 1,Prio September,NY Go Live,0,Y,y,20 Branch,#N/A,00. Propose Drop,,,,,,Core Distribusi Habis,,,,,#N/A,,,,
12550813,BBL PT2 EXPAND ODP-TBI-FAK-008,16,  -   ,3468060,"216753,75",AREA 1,SUMBAGSEL,PANGKAL PINANG,PT2,Telkom Akses,365,2. PT2/Batch 1,Prio September,NY Go Live,0,Y,y,20 Branch,#N/A,00. Propose Drop,,,,,,"Irisan Cleansing Port 2,3 Jt",,,,,#N/A,,,,
12550484,BBL PT2 EXPAND ODP-TBI-FAF-014,16,  -   ,3468060,"216753,75",AREA 1,SUMBAGSEL,PANGKAL PINANG,PT2,Telkom Akses,370,2. PT2/Batch 1,Prio September,NY Go Live,0,Y,y,20 Branch,#N/A,00. Propose Drop,,,,,,"Irisan Cleansing Port 2,3 Jt",,,,,#N/A,,,,
12550456,BBL PT2 EXPAND ODP-TBI-FAF-013,16,  -   ,3468060,"216753,75",AREA 1,SUMBAGSEL,PANGKAL PINANG,PT2,Telkom Akses,371,2. PT2/Batch 1,Prio September,NY Go Live,0,Y,y,20 Branch,#N/A,00. Propose Drop,,,,,,"Irisan Cleansing Port 2,3 Jt",,,,,#N/A,,,,
12550205,BBL PT2 EXPAND ODP-TBI-FAE-022,16,  -   ,3468060,"216753,75",AREA 1,SUMBAGSEL,PANGKAL PINANG,PT2,Telkom Akses,375,2. PT2/Batch 1,Prio September,NY Go Live,0,Y,y,20 Branch,#N/A,00. Propose Drop,,,,,,QE Repair Core,,,,,#N/A,,,,
12549997,BBL PT2 EXPAND ODP-TBI-FAE-016,16,  -   ,3468060,"216753,75",AREA 1,SUMBAGSEL,PANGKAL PINANG,PT2,Telkom Akses,378,2. PT2/Batch 1,Prio September,NY Go Live,0,Y,y,20 Branch,#N/A,00. Propose Drop,,,,,,"Irisan Cleansing Port 2,3 Jt",,,,,#N/A,,,,
12542054,BNK PT2 EXPAND ODP-MUA-FAB-087,16,  -   ,3189378,199.336.125,AREA 1,SUMBAGSEL,BENGKULU,PT2,Telkom Akses,380,2. PT2/Batch 1,Prio September,NY Go Live,0,Y,y,20 Branch,#N/A,00. Propose Drop,,,,,,"Irisan Cleansing Port 2,3 Jt",,,,,#N/A,,,,
13258325,SMS JPP PT2 TMO FC D01 151457,8,  -   ,2363818,"295477,25",AREA 1,SUMBAGSEL,BENGKULU,PT2,Telkom Akses,73,23. PT2/Batch 8 thp 1,Prio September,NY Go Live,0,Y,y,20 Branch,#N/A,01. Persiapan,Ready,,,,,,,,,,#N/A,,,,
13258439,SMS JPP PT2 TMO FC D02 100124,8,  -   ,2363818,"295477,25",AREA 1,SUMBAGSEL,BENGKULU,PT2,Telkom Akses,72,23. PT2/Batch 8 thp 1,Prio September,NY Go Live,0,Y,y,20 Branch,#N/A,01. Persiapan,Ready,,,,,,,,,,#N/A,,,,
13262682,SMS JPP PT2 PDP FB D01 28447,8,  -   ,2363818,"295477,25",AREA 1,SUMBAGSEL,BENGKULU,PT2,Telkom Akses,71,23. PT2/Batch 8 thp 1,Prio September,NY Go Live,0,Y,y,20 Branch,#N/A,01. Persiapan,Ready,,,,,,,,,,#N/A,,,,
13263921,SMS JPP PT2 PDP FB D02 64972,8,  -   ,2363818,"295477,25",AREA 1,SUMBAGSEL,BENGKULU,PT2,Telkom Akses,70,23. PT2/Batch 8 thp 1,Prio September,NY Go Live,0,Y,y,20 Branch,#N/A,01. Persiapan,Ready,,,,,,,,,,#N/A,,,,
13264648,SMS JPP PT2 TSS FD D01 117884,8,  -   ,2363818,"295477,25",AREA 1,SUMBAGSEL,BENGKULU,PT2,Telkom Akses,69,23. PT2/Batch 8 thp 1,Prio September,NY Go Live,0,Y,y,20 Branch,#N/A,01. Persiapan,Ready,,,,,,,,,,#N/A,,,,
13268161,SMS JPP PT2 SPP FW D03 FERY,8,  -   ,2363818,"295477,25",AREA 1,SUMBAGSEL,BENGKULU,PT2,Telkom Akses,68,23. PT2/Batch 8 thp 1,Prio September,NY Go Live,0,Y,y,20 Branch,#N/A,01. Persiapan,Ready,,,,,,,,,,#N/A,,,,
13266288,SMS JPP PT2 SPP FAC D03 SMP8 MEGANG,16,  -   ,4087985,2.554.990.625,AREA 1,SUMBAGSEL,BENGKULU,PT2,Telkom Akses,3,23. PT2/Batch 8 thp 1,Prio September,NY Go Live,0,Y,y,20 Branch,#N/A,01. Persiapan,Ready,,,,,,,,,,#N/A,,,,
13271099,SMS JPP PT2 PDP FE D02 BAYAU,32,  -   ,7536319,2.355.099.688,AREA 1,SUMBAGSEL,BENGKULU,PT2,Telkom Akses,2,23. PT2/Batch 8 thp 1,Prio September,NY Go Live,0,Y,y,20 Branch,#N/A,01. Persiapan,Ready,,,,,,,,,,#N/A,,,,
13270602,SMS JPP PT2 PDP FB D02 MUARA PINANG,40,  -   ,9680787,242.019.675,AREA 1,SUMBAGSEL,BENGKULU,PT2,Telkom Akses,1,23. PT2/Batch 8 thp 1,Prio September,NY Go Live,0,Y,y,20 Branch,#N/A,01. Persiapan,Ready,,,,,,,,,,#N/A,,,,
12160071,JBI JPP ODC-FQ 250_-900_2857,16,  -   ,4236819,2.648.011.875,AREA 1,SUMBAGSEL,JAMBI,PT2,Telkom Akses,1,23. PT2/Batch 8 thp 1,Prio September,NY Go Live,0,Y,y,20 Branch,#N/A,01. Persiapan,Ready,,,,,,,,,,#N/A,,,,
13284659,ODP-SPN-FN/61,8,  -   ,2235893,279.486.625,AREA 1,SUMBAGSEL,JAMBI,PT2,Telkom Akses,3,21. PT2/Batch 7 thp 3,Prio September,NY Go Live,0,Y,y,20 Branch,#N/A,01. Persiapan,Ready,,,,,,,,,,#N/A,,,,
13286795,ODP-LHT-FAB/165,8,  -   ,777056,97132,AREA 1,SUMBAGSEL,BENGKULU,PT2,Telkom Akses,136,21. PT2/Batch 7 thp 3,Prio September,NY Go Live,0,Y,y,20 Branch,#N/A,01. Persiapan,Ready,,,,,,,,,,#N/A,,,,
12597161,SMS PT2 LHT FE D07 LAHAT_109048,8,  -   ,3027681,378.460.125,AREA 1,SUMBAGSEL,BENGKULU,PT2,Telkom Akses,135,9. PT2/Batch 2,Prio September,NY Go Live,0,Y,y,20 Branch,#N/A,01. Persiapan,Ready,,,,,,,,,,#N/A,,,,
12010126,KOTA LUBUK LINGGAU_91394_H2_2025,8,  -   ,3027681,378.460.125,AREA 1,SUMBAGSEL,BENGKULU,PT2,Telkom Akses,134,9. PT2/Batch 2,Prio September,NY Go Live,0,Y,y,20 Branch,#N/A,01. Persiapan,Ready,,,,,,,,,,#N/A,,,,
12010219,SMS PT2 ODC LLG FAM LINGGAU_18921,8,  -   ,3027681,378.460.125,AREA 1,SUMBAGSEL,BENGKULU,PT2,Telkom Akses,133,9. PT2/Batch 2,Prio September,NY Go Live,0,Y,y,20 Branch,#N/A,01. Persiapan,Ready,,,,,,,,,,#N/A,,,,
12055978,SMS PT2 LLG FAU D08 KOTA LLG_73785,8,  -   ,3027681,378.460.125,AREA 1,SUMBAGSEL,BENGKULU,PT2,Telkom Akses,132,9. PT2/Batch 2,Prio September,NY Go Live,0,Y,y,20 Branch,#N/A,01. Persiapan,Ready,,,,,,,,,,#N/A,,,,
12125760,SMS PT2 SPP FAC D02 KOTA LLG_91421,8,  -   ,3027681,378.460.125,AREA 1,SUMBAGSEL,BENGKULU,PT2,Telkom Akses,131,9. PT2/Batch 2,Prio September,NY Go Live,0,Y,y,20 Branch,#N/A,01. Persiapan,Ready,,,,,,,,,,#N/A,,,,
12002805,SMS PT2 PDP FA D03 250_-1685_3559,8,  -   ,3027681,378.460.125,AREA 1,SUMBAGSEL,BENGKULU,PT2,Telkom Akses,130,9. PT2/Batch 2,Prio September,NY Go Live,0,Y,y,20 Branch,#N/A,01. Persiapan,Ready,,,,,,,,,,#N/A,,,,
12004005,SMS PT2 PDP FA D04 EMPAT LAWANG_56000,8,  -   ,3027681,378.460.125,AREA 1,SUMBAGSEL,BENGKULU,PT2,Telkom Akses,129,9. PT2/Batch 2,Prio September,NY Go Live,0,Y,y,20 Branch,#N/A,01. Persiapan,Ready,,,,,,,,,,#N/A,,,,
12102115,SMS PT2 ODC PDP FB D02 EMPAT LWG 56027,8,  -   ,2453815,306.726.875,AREA 1,SUMBAGSEL,BENGKULU,PT2,Telkom Akses,128,9. PT2/Batch 2,Prio September,NY Go Live,0,Y,y,20 Branch,#N/A,01. Persiapan,Ready,,,,,,,,,,#N/A,,,,
11450050,SMS PT2 PGA FB D04 PAGAR ALAM 16213,8,  -   ,2763256,345407,AREA 1,SUMBAGSEL,BENGKULU,PT2,Telkom Akses,127,9. PT2/Batch 2,Prio September,NY Go Live,0,Y,y,20 Branch,#N/A,01. Persiapan,Ready,,,,,,,,,,#N/A,,,,
11450124,SMS PT2 PGA FD D09 PAGAR ALAM 10005,8,  -   ,2763256,345407,AREA 1,SUMBAGSEL,BENGKULU,PT2,Telkom Akses,126,9. PT2/Batch 2,Prio September,NY Go Live,0,Y,y,20 Branch,#N/A,01. Persiapan,Ready,,,,,,,,,,#N/A,,,,
12010698,SMS PT2 ODC PGA FJ 250_-1789_3686,8,  -   ,3027681,378.460.125,AREA 1,SUMBAGSEL,BENGKULU,PT2,Telkom Akses,125,9. PT2/Batch 2,Prio September,NY Go Live,0,Y,y,20 Branch,#N/A,01. Persiapan,Ready,,,,,,,,,,#N/A,,,,
12010867,SMS PT2 ODC PGA LAHAT_47049,8,  -   ,3027681,378.460.125,AREA 1,SUMBAGSEL,BENGKULU,PT2,Telkom Akses,124,9. PT2/Batch 2,Prio September,NY Go Live,0,Y,y,20 Branch,#N/A,01. Persiapan,Ready,,,,,,,,,,#N/A,,,,
12025581,SMS PT2 PGA FB D04 PAGAR ALAM_37781,8,  -   ,3027681,378.460.125,AREA 1,SUMBAGSEL,BENGKULU,PT2,Telkom Akses,123,9. PT2/Batch 2,Prio September,NY Go Live,0,Y,y,20 Branch,#N/A,01. Persiapan,Ready,,,,,,,,,,#N/A,,,,
12101312,SMS PT2 ODC PGA FG D02 LAHAT 109088,8,  -   ,2453815,306.726.875,AREA 1,SUMBAGSEL,BENGKULU,PT2,Telkom Akses,122,9. PT2/Batch 2,Prio September,NY Go Live,0,Y,y,20 Branch,#N/A,01. Persiapan,Ready,,,,,,,,,,#N/A,,,,
12127122,SMS PT2 PGA FG D04 250_-1777_3682,8,  -   ,3027681,378.460.125,AREA 1,SUMBAGSEL,BENGKULU,PT2,Telkom Akses,121,9. PT2/Batch 2,Prio September,NY Go Live,0,Y,y,20 Branch,#N/A,01. Persiapan,Ready,,,,,,,,,,#N/A,,,,
12131988,SMS PT2 PGA FG D02 LAHAT_82784,8,  -   ,3027681,378.460.125,AREA 1,SUMBAGSEL,BENGKULU,PT2,Telkom Akses,120,9. PT2/Batch 2,Prio September,NY Go Live,0,Y,y,20 Branch,#N/A,01. Persiapan,Ready,,,,,,,,,,#N/A,,,,
12132509,SMS SMS PT2 PGA FG D02 LAHAT_65015,8,  -   ,3027681,378.460.125,AREA 1,SUMBAGSEL,BENGKULU,PT2,Telkom Akses,119,9. PT2/Batch 2,Prio September,NY Go Live,0,Y,y,20 Branch,#N/A,01. Persiapan,Ready,,,,,,,,,,#N/A,,,,
12132594,SMS PT2 PGA FG D03 LAHAT_168392,8,  -   ,3027681,378.460.125,AREA 1,SUMBAGSEL,BENGKULU,PT2,Telkom Akses,118,9. PT2/Batch 2,Prio September,NY Go Live,0,Y,y,20 Branch,#N/A,01. Persiapan,Ready,,,,,,,,,,#N/A,,,,
12356735,SMS PT2 PGA FG D03 PAGAR ALAM_533,8,  -   ,3027681,378.460.125,AREA 1,SUMBAGSEL,BENGKULU,PT2,Telkom Akses,117,9. PT2/Batch 2,Prio September,NY Go Live,0,Y,y,20 Branch,#N/A,01. Persiapan,Ready,,,,,,,,,,#N/A,,,,
12992272,SMS PT2 PGA FG D02 LAHAT_28503,8,  -   ,3027681,378.460.125,AREA 1,SUMBAGSEL,BENGKULU,PT2,Telkom Akses,116,9. PT2/Batch 2,Prio September,NY Go Live,0,Y,y,20 Branch,#N/A,01. Persiapan,Ready,,,,,,,,,,#N/A,,,,
12004574,SMS PT2 SPP FU D02 250_-1451_3575,8,  -   ,3027681,378.460.125,AREA 1,SUMBAGSEL,BENGKULU,PT2,Telkom Akses,115,9. PT2/Batch 2,Prio September,NY Go Live,0,Y,y,20 Branch,#N/A,01. Persiapan,Ready,,,,,,,,,,#N/A,,,,
12002656,SMS PT2 TMO FJ D01 MUSI RAWAS_91363,8,  -   ,3027681,378.460.125,AREA 1,SUMBAGSEL,BENGKULU,PT2,Telkom Akses,114,9. PT2/Batch 2,Prio September,NY Go Live,0,Y,y,20 Branch,#N/A,01. Persiapan,Ready,,,,,,,,,,#N/A,,,,
12002792,SMS PT2 TMO FF D03 250_-1354_3588,8,  -   ,3027681,378.460.125,AREA 1,SUMBAGSEL,BENGKULU,PT2,Telkom Akses,113,9. PT2/Batch 2,Prio September,NY Go Live,0,Y,y,20 Branch,#N/A,01. Persiapan,Ready,,,,,,,,,,#N/A,,,,
12093282,SMS TMO FB D03 MUSI RAWAS_134686_H2_2025,8,  -   ,3027681,378.460.125,AREA 1,SUMBAGSEL,BENGKULU,PT2,Telkom Akses,112,9. PT2/Batch 2,Prio September,NY Go Live,0,Y,y,20 Branch,#N/A,01. Persiapan,Ready,,,,,,,,,,#N/A,,,,
12102706,SMS PT2 ODC TMO FF D01 MUSI RAWAS 126074,8,  -   ,2453815,306.726.875,AREA 1,SUMBAGSEL,BENGKULU,PT2,Telkom Akses,111,9. PT2/Batch 2,Prio September,NY Go Live,0,Y,y,20 Branch,#N/A,01. Persiapan,Ready,,,,,,,,,,#N/A,,,,
12004341,SMS PT2 TSS FD D01 EMPAT LAWANG 400,8,  -   ,3027681,378.460.125,AREA 1,SUMBAGSEL,BENGKULU,PT2,Telkom Akses,110,9. PT2/Batch 2,Prio September,NY Go Live,0,Y,y,20 Branch,#N/A,01. Persiapan,Ready,,,,,,,,,,#N/A,,,,
12004509,SMS PT2 TSS FD 02 EMPAT LAWANG_159985,8,  -   ,3027681,378.460.125,AREA 1,SUMBAGSEL,BENGKULU,PT2,Telkom Akses,109,9. PT2/Batch 2,Prio September,NY Go Live,0,Y,y,20 Branch,#N/A,01. Persiapan,Ready,,,,,,,,,,#N/A,,,,
12009125,SMS PT2 ODC TMO FC 250_-1607_3625,8,  -   ,3027681,378.460.125,AREA 1,SUMBAGSEL,BENGKULU,PT2,Telkom Akses,108,9. PT2/Batch 2,Prio September,NY Go Live,0,Y,y,20 Branch,#N/A,01. Persiapan,Ready,,,,,,,,,,#N/A,,,,
12102269,SMS PT2 ODC TSS FD D01 EMPAT LWG 82694,8,  -   ,2453815,306.726.875,AREA 1,SUMBAGSEL,BENGKULU,PT2,Telkom Akses,107,9. PT2/Batch 2,Prio September,NY Go Live,0,Y,y,20 Branch,#N/A,01. Persiapan,Ready,,,,,,,,,,#N/A,,,,
12596929,SMS PT2 TSS FD D01 EMPAT LAWANG_55956,8,  -   ,3027681,378.460.125,AREA 1,SUMBAGSEL,BENGKULU,PT2,Telkom Akses,106,9. PT2/Batch 2,Prio September,NY Go Live,0,Y,y,20 Branch,#N/A,01. Persiapan,Ready,,,,,,,,,,#N/A,,,,
12126336,SMS PT2 LHT FE D04 250_-1689_3813,16,  -   ,5262146,328.884.125,AREA 1,SUMBAGSEL,BENGKULU,PT2,Telkom Akses,21,9. PT2/Batch 2,Prio September,NY Go Live,0,Y,y,20 Branch,#N/A,01. Persiapan,Ready,,,,,,,,,,#N/A,,,,
11434851,SMS PT2 PDP FA D04 EMPAT LAWANG 6943,16,  -   ,5526512,345407,AREA 1,SUMBAGSEL,BENGKULU,PT2,Telkom Akses,20,9. PT2/Batch 2,Prio September,NY Go Live,0,Y,y,20 Branch,#N/A,01. Persiapan,Ready,,,,,,,,,,#N/A,,,,
12002800,SMS PT2 PDP FB D01 250_-1703_3593,16,  -   ,5262146,328.884.125,AREA 1,SUMBAGSEL,BENGKULU,PT2,Telkom Akses,19,9. PT2/Batch 2,Prio September,NY Go Live,0,Y,y,20 Branch,#N/A,01. Persiapan,Ready,,,,,,,,,,#N/A,,,,
12002925,SMS PT2 PDP FE D02 250_-1698_3590,16,  -   ,5262146,328.884.125,AREA 1,SUMBAGSEL,BENGKULU,PT2,Telkom Akses,18,9. PT2/Batch 2,Prio September,NY Go Live,0,Y,y,20 Branch,#N/A,01. Persiapan,Ready,,,,,,,,,,#N/A,,,,
12002971,SMS PT2 PDP FA D03 EMPAT LAWANG_37676,16,  -   ,5262146,328.884.125,AREA 1,SUMBAGSEL,BENGKULU,PT2,Telkom Akses,17,9. PT2/Batch 2,Prio September,NY Go Live,0,Y,y,20 Branch,#N/A,01. Persiapan,Ready,,,,,,,,,,#N/A,,,,
12003061,SMS PT2 PDP FE D02 EMPAT LAWANG_117933,16,  -   ,5262146,328.884.125,AREA 1,SUMBAGSEL,BENGKULU,PT2,Telkom Akses,16,9. PT2/Batch 2,Prio September,NY Go Live,0,Y,y,20 Branch,#N/A,01. Persiapan,Ready,,,,,,,,,,#N/A,,,,
12004038,SMS PT2 PDP FA D02 EMPAT LAWANG_37672,16,  -   ,5262146,328.884.125,AREA 1,SUMBAGSEL,BENGKULU,PT2,Telkom Akses,15,9. PT2/Batch 2,Prio September,NY Go Live,0,Y,y,20 Branch,#N/A,01. Persiapan,Ready,,,,,,,,,,#N/A,,,,
12102400,SMS PT2 ODC PGA FG D02 LAHAT 504,16,  -   ,3844315,2.402.696.875,AREA 1,SUMBAGSEL,BENGKULU,PT2,Telkom Akses,14,9. PT2/Batch 2,Prio September,NY Go Live,0,Y,y,20 Branch,#N/A,01. Persiapan,Ready,,,,,,,,,,#N/A,,,,
12102609,SMS PT2 ODC PGA FG D02 LAHAT 47043,16,  -   ,3844315,2.402.696.875,AREA 1,SUMBAGSEL,BENGKULU,PT2,Telkom Akses,13,9. PT2/Batch 2,Prio September,NY Go Live,0,Y,y,20 Branch,#N/A,01. Persiapan,Ready,,,,,,,,,,#N/A,,,,
11998495,SMS PT2 ODC SPP FX D02 MUSI RAWAS_117761,16,  -   ,3844315,2.402.696.875,AREA 1,SUMBAGSEL,BENGKULU,PT2,Telkom Akses,12,9. PT2/Batch 2,Prio September,NY Go Live,0,Y,y,20 Branch,#N/A,01. Persiapan,Ready,,,,,,,,,,#N/A,,,,
11998548,SMS PT2 ODC SPP FJ D04 KOTA LLG_82566,16,  -   ,3844315,2.402.696.875,AREA 1,SUMBAGSEL,BENGKULU,PT2,Telkom Akses,11,9. PT2/Batch 2,Prio September,NY Go Live,0,Y,y,20 Branch,#N/A,01. Persiapan,Ready,,,,,,,,,,#N/A,,,,
11998612,SMS PT2 ODC TMO FJ D02 MUSI RAWAS_200,16,  -   ,3844315,2.402.696.875,AREA 1,SUMBAGSEL,BENGKULU,PT2,Telkom Akses,10,9. PT2/Batch 2,Prio September,NY Go Live,0,Y,y,20 Branch,#N/A,01. Persiapan,Ready,,,,,,,,,,#N/A,,,,
12541729,BBL PT2 EXPAND ODP-MGR-FD-19,16,  -   ,3468060,"216753,75",AREA 1,SUMBAGSEL,PANGKAL PINANG,PT2,Telkom Akses,736,2. PT2/Batch 1,Prio Agustus,NY Go Live,0,Y,y,20 Branch,PT2,00. Propose Drop,,,,,,Core Distribusi Habis,,,,,#N/A,,,,
12541736,BBL PT2 EXPAND ODP-MGR-FD-52,16,  -   ,3468060,"216753,75",AREA 1,SUMBAGSEL,PANGKAL PINANG,PT2,Telkom Akses,735,2. PT2/Batch 1,Prio Agustus,NY Go Live,0,Y,y,20 Branch,PT2,00. Propose Drop,,,,,,"Irisan Cleansing Port 2,3 Jt",,,,,#N/A,,,,
12541743,BBL PT2 EXPAND ODP-MGR-FD-67,16,  -   ,3468060,"216753,75",AREA 1,SUMBAGSEL,PANGKAL PINANG,PT2,Telkom Akses,734,2. PT2/Batch 1,Prio Agustus,NY Go Live,0,Y,y,20 Branch,PT2,00. Propose Drop,,,,,,"Irisan Cleansing Port 2,3 Jt",,,,,#N/A,,,,
12541759,BBL PT2 EXPAND ODP-MGR-FD-68,16,  -   ,3468060,"216753,75",AREA 1,SUMBAGSEL,PANGKAL PINANG,PT2,Telkom Akses,733,2. PT2/Batch 1,Prio Agustus,NY Go Live,0,Y,y,20 Branch,PT2,00. Propose Drop,,,,,,"Irisan Cleansing Port 2,3 Jt",,,,,#N/A,,,,
12541537,BBL PT2 EXPAND ODP-MGR-FC-54,16,  -   ,3468060,"216753,75",AREA 1,SUMBAGSEL,PANGKAL PINANG,PT2,Telkom Akses,732,2. PT2/Batch 1,Prio Agustus,NY Go Live,0,Y,y,20 Branch,PT2,00. Propose Drop,,,,,,"Irisan Cleansing Port 2,3 Jt",,,,,#N/A,,,,
12541516,BBL PT2 EXPAND ODP-MGR-FC-33,16,  -   ,3468060,"216753,75",AREA 1,SUMBAGSEL,PANGKAL PINANG,PT2,Telkom Akses,730,2. PT2/Batch 1,Prio Agustus,NY Go Live,0,Y,y,20 Branch,PT2,00. Propose Drop,,,,,,Core Distribusi Habis,,,,,#N/A,,,,
12541503,BBL PT2 EXPAND ODP-MGR-FC-29,16,  -   ,3468060,"216753,75",AREA 1,SUMBAGSEL,PANGKAL PINANG,PT2,Telkom Akses,728,2. PT2/Batch 1,Prio Agustus,NY Go Live,0,Y,y,20 Branch,PT2,00. Propose Drop,,,,,,"Irisan Cleansing Port 2,3 Jt",,,,,#N/A,,,,
12541498,BBL PT2 EXPAND ODP-MGR-FC-25,16,  -   ,3468060,"216753,75",AREA 1,SUMBAGSEL,PANGKAL PINANG,PT2,Telkom Akses,727,2. PT2/Batch 1,Prio Agustus,NY Go Live,0,Y,y,20 Branch,PT2,00. Propose Drop,,,,,,QE Repair Core,,,,,#N/A,,,,
12539868,BBL PT2 EXPAND ODP-MGR-FBD-014,16,  8 ,3468060,"216753,75",AREA 1,SUMBAGSEL,PANGKAL PINANG,PT2,Telkom Akses,725,2. PT2/Batch 1,Prio Agustus,NY Go Live,0,Y,y,20 Branch,PT2,05. Go Live,Ready,,,,,,,,,,#N/A,,,,
12539841,BBL PT2 EXPAND ODP-MGR-FB-75,16,  -   ,3468060,"216753,75",AREA 1,SUMBAGSEL,PANGKAL PINANG,PT2,Telkom Akses,724,2. PT2/Batch 1,Prio Agustus,NY Go Live,0,Y,y,20 Branch,PT2,00. Propose Drop,,,,,,"Irisan Cleansing Port 2,3 Jt",,,,,#N/A,,,,
12539893,BBL PT2 EXPAND ODP-MGR-FBG-001,16,  -   ,3468060,"216753,75",AREA 1,SUMBAGSEL,PANGKAL PINANG,PT2,Telkom Akses,722,2. PT2/Batch 1,Prio Agustus,NY Go Live,0,Y,y,20 Branch,PT2,00. Propose Drop,,,,,,"Irisan Cleansing Port 2,3 Jt",,,,,#N/A,,,,
12539528,BBL PT2 EXPAND ODP-MGR-FB-52,16,  -   ,3468060,"216753,75",AREA 1,SUMBAGSEL,PANGKAL PINANG,PT2,Telkom Akses,718,2. PT2/Batch 1,Prio Agustus,NY Go Live,0,Y,y,20 Branch,PT2,00. Propose Drop,,,,,,Core Distribusi Habis,,,,,#N/A,,,,
12539513,BBL PT2 EXPAND ODP-MGR-FB-34,16,  -   ,3468060,"216753,75",AREA 1,SUMBAGSEL,PANGKAL PINANG,PT2,Telkom Akses,717,2. PT2/Batch 1,Prio Agustus,NY Go Live,0,Y,y,20 Branch,PT2,00. Propose Drop,,,,,,Core Distribusi Habis,,,,,#N/A,,,,
12539506,BBL PT2 EXPAND ODP-MGR-FB-33,16,  -   ,3468060,"216753,75",AREA 1,SUMBAGSEL,PANGKAL PINANG,PT2,Telkom Akses,716,2. PT2/Batch 1,Prio Agustus,NY Go Live,0,Y,y,20 Branch,PT2,00. Propose Drop,,,,,,Core Distribusi Habis,,,,,#N/A,,,,
12539493,BBL PT2 EXPAND ODP-MGR-FB-31,16,  -   ,3468060,"216753,75",AREA 1,SUMBAGSEL,PANGKAL PINANG,PT2,Telkom Akses,714,2. PT2/Batch 1,Prio Agustus,NY Go Live,0,Y,y,20 Branch,PT2,00. Propose Drop,,,,,,"Irisan Cleansing Port 2,3 Jt",,,,,#N/A,,,,
12539195,BBL PT2 EXPAND ODP-MGR-FB-061,16,  -   ,3468060,"216753,75",AREA 1,SUMBAGSEL,PANGKAL PINANG,PT2,Telkom Akses,712,2. PT2/Batch 1,Prio Agustus,NY Go Live,0,Y,y,20 Branch,PT2,00. Propose Drop,,,,,,QE Repair Core,,,,,#N/A,,,,
12539262,BBL PT2 EXPAND ODP-MGR-FB-10,16,  -   ,3468060,"216753,75",AREA 1,SUMBAGSEL,PANGKAL PINANG,PT2,Telkom Akses,707,2. PT2/Batch 1,Prio Agustus,NY Go Live,0,Y,y,20 Branch,PT2,00. Propose Drop,,,,,,"Irisan Cleansing Port 2,3 Jt",,,,,#N/A,,,,
12539273,BBL PT2 EXPAND ODP-MGR-FB-27,16,  -   ,3468060,"216753,75",AREA 1,SUMBAGSEL,PANGKAL PINANG,PT2,Telkom Akses,706,2. PT2/Batch 1,Prio Agustus,NY Go Live,0,Y,y,20 Branch,PT2,00. Propose Drop,,,,,,"Irisan Cleansing Port 2,3 Jt",,,,,#N/A,,,,
12538810,BBL PT2 EXPAND ODP-MGR-FB-02,16,  -   ,3468060,"216753,75",AREA 1,SUMBAGSEL,PANGKAL PINANG,PT2,Telkom Akses,704,2. PT2/Batch 1,Prio Agustus,NY Go Live,0,Y,y,20 Branch,PT2,00. Propose Drop,,,,,,"Irisan Cleansing Port 2,3 Jt",,,,,#N/A,,,,
12538808,BBL PT2 EXPAND ODP-MGR-FAX-003,16,  -   ,3468060,"216753,75",AREA 1,SUMBAGSEL,PANGKAL PINANG,PT2,Telkom Akses,703,2. PT2/Batch 1,Prio Agustus,NY Go Live,0,Y,y,20 Branch,PT2,00. Propose Drop,,,,,,"Irisan Cleansing Port 2,3 Jt",,,,,#N/A,,,,
12538794,BBL PT2 EXPAND ODP-MGR-FAW-008,16,  -   ,3468060,"216753,75",AREA 1,SUMBAGSEL,PANGKAL PINANG,PT2,Telkom Akses,702,2. PT2/Batch 1,Prio Agustus,NY Go Live,0,Y,y,20 Branch,PT2,05. Go Live,Ready,,,,,,,,,,#N/A,,,,
12534506,BBL PT2 EXPAND ODP-MGR-FAM-039,16,  -   ,3468060,"216753,75",AREA 1,SUMBAGSEL,PANGKAL PINANG,PT2,Telkom Akses,701,2. PT2/Batch 1,Prio Agustus,NY Go Live,0,Y,y,20 Branch,PT2,00. Propose Drop,,,,,,"Irisan Cleansing Port 2,3 Jt",,,,,#N/A,,,,
12533349,BBL PT2 EXPAND ODP-MGR-FAM-041,16,  -   ,3468060,"216753,75",AREA 1,SUMBAGSEL,PANGKAL PINANG,PT2,Telkom Akses,700,2. PT2/Batch 1,Prio Agustus,NY Go Live,0,Y,y,20 Branch,PT2,00. Propose Drop,,,,,,"Irisan Cleansing Port 2,3 Jt",,,,,#N/A,,,,
12533336,BBL PT2 EXPAND ODP-MGR-FAM-038,16,  -   ,3468060,"216753,75",AREA 1,SUMBAGSEL,PANGKAL PINANG,PT2,Telkom Akses,699,2. PT2/Batch 1,Prio Agustus,NY Go Live,0,Y,y,20 Branch,PT2,00. Propose Drop,,,,,,"Irisan Cleansing Port 2,3 Jt",,,,,#N/A,,,,
12533308,BBL PT2 EXPAND ODP-MGR-FAM-013,16,  -   ,3468060,"216753,75",AREA 1,SUMBAGSEL,PANGKAL PINANG,PT2,Telkom Akses,697,2. PT2/Batch 1,Prio Agustus,NY Go Live,0,Y,y,20 Branch,PT2,00. Propose Drop,,,,,,"Irisan Cleansing Port 2,3 Jt",,,,,#N/A,,,,
12533183,BBL PT2 EXPAND ODP-MGR-FAL-033,16,  -   ,3468060,"216753,75",AREA 1,SUMBAGSEL,PANGKAL PINANG,PT2,Telkom Akses,694,2. PT2/Batch 1,Prio Agustus,NY Go Live,0,Y,y,20 Branch,PT2,00. Propose Drop,,,,,,"Irisan Cleansing Port 2,3 Jt",,,,,#N/A,,,,
12533008,BBL PT2 EXPAND ODP-MGR-FAL-003,16,  -   ,3468060,"216753,75",AREA 1,SUMBAGSEL,PANGKAL PINANG,PT2,Telkom Akses,692,2. PT2/Batch 1,Prio Agustus,NY Go Live,0,Y,y,20 Branch,PT2,00. Propose Drop,,,,,,QE Repair Core,,,,,#N/A,,,,
12529905,BBL PT2 EXPAND ODP-MGR-FA-35,16,  -   ,3468060,"216753,75",AREA 1,SUMBAGSEL,PANGKAL PINANG,PT2,Telkom Akses,685,2. PT2/Batch 1,Prio Agustus,NY Go Live,0,Y,y,20 Branch,PT2,00. Propose Drop,,,,,,"Irisan Cleansing Port 2,3 Jt",,,,,#N/A,,,,
12529769,BBL PT2 EXPAND ODP-MGR-FA-16,16,  -   ,3468060,"216753,75",AREA 1,SUMBAGSEL,PANGKAL PINANG,PT2,Telkom Akses,683,2. PT2/Batch 1,Prio Agustus,NY Go Live,0,Y,y,20 Branch,PT2,00. Propose Drop,,,,,,Core Distribusi Habis,,,,,#N/A,,,,
12529481,BBL PT2 EXPAND ODP-MGR-FA-013,16,  -   ,3468060,"216753,75",AREA 1,SUMBAGSEL,PANGKAL PINANG,PT2,Telkom Akses,678,2. PT2/Batch 1,Prio Agustus,NY Go Live,0,Y,y,20 Branch,PT2,00. Propose Drop,,,,,,"Irisan Cleansing Port 2,3 Jt",,,,,#N/A,,,,
12533169,JMB PT2 EXPAND ODP-MAB-FF-81,16,  -   ,3189378,199.336.125,AREA 1,SUMBAGSEL,JAMBI,PT2,Telkom Akses,677,2. PT2/Batch 1,Prio Agustus,NY Go Live,0,Y,y,20 Branch,PT2,05. Go Live,Ready,,,,,,,,,,#N/A,,,,
12531849,JMB PT2 EXPAND ODP-MAB-FD-15,16,  -   ,3189378,199.336.125,AREA 1,SUMBAGSEL,JAMBI,PT2,Telkom Akses,676,2. PT2/Batch 1,Prio Agustus,NY Go Live,0,Y,y,20 Branch,PT2,00. Propose Drop,,,,,,"Irisan Cleansing Port 2,3 Jt",,,,,#N/A,,,,
12533872,JMB PT2 EXPAND ODP-MAB-FM-05,16,  -   ,3189378,199.336.125,AREA 1,SUMBAGSEL,JAMBI,PT2,Telkom Akses,675,2. PT2/Batch 1,Prio Agustus,NY Go Live,0,Y,y,20 Branch,PT2,00. Propose Drop,,,,,,QE Repair Core,,,,,#N/A,,,,
12533838,JMB PT2 EXPAND ODP-MAB-FK-38,16,  -   ,3189378,199.336.125,AREA 1,SUMBAGSEL,JAMBI,PT2,Telkom Akses,674,2. PT2/Batch 1,Prio Agustus,NY Go Live,0,Y,y,20 Branch,PT2,00. Propose Drop,,,,,,"Irisan Cleansing Port 2,3 Jt",,,,,#N/A,,,,
12533787,JMB PT2 EXPAND ODP-MAB-FK-36,16,  -   ,3189378,199.336.125,AREA 1,SUMBAGSEL,JAMBI,PT2,Telkom Akses,673,2. PT2/Batch 1,Prio Agustus,NY Go Live,0,Y,y,20 Branch,PT2,00. Propose Drop,,,,,,QE Repair Core,,,,,#N/A,,,,
12533757,JMB PT2 EXPAND ODP-MAB-FK-126,16,  -   ,3189378,199.336.125,AREA 1,SUMBAGSEL,JAMBI,PT2,Telkom Akses,671,2. PT2/Batch 1,Prio Agustus,NY Go Live,0,Y,y,20 Branch,PT2,00. Propose Drop,,,,,,QE Repair Core,,,,,#N/A,,,,
12533737,JMB PT2 EXPAND ODP-MAB-FK-122,16,  -   ,3189378,199.336.125,AREA 1,SUMBAGSEL,JAMBI,PT2,Telkom Akses,670,2. PT2/Batch 1,Prio Agustus,NY Go Live,0,Y,y,20 Branch,PT2,00. Propose Drop,,,,,,QE Repair Core,,,,,#N/A,,,,
12533704,JMB PT2 EXPAND ODP-MAB-FK-121,16,  -   ,3189378,199.336.125,AREA 1,SUMBAGSEL,JAMBI,PT2,Telkom Akses,669,2. PT2/Batch 1,Prio Agustus,NY Go Live,0,Y,y,20 Branch,PT2,00. Propose Drop,,,,,,"Irisan Cleansing Port 2,3 Jt",,,,,#N/A,,,,
12533660,JMB PT2 EXPAND ODP-MAB-FH-110,16,  -   ,3189378,199.336.125,AREA 1,SUMBAGSEL,JAMBI,PT2,Telkom Akses,668,2. PT2/Batch 1,Prio Agustus,NY Go Live,0,Y,y,20 Branch,PT2,00. Propose Drop,,,,,,Kapasitas sudah 16,,,,,#N/A,,,,
12533395,JMB PT2 EXPAND ODP-MAB-FG-45,16,  -   ,3189378,199.336.125,AREA 1,SUMBAGSEL,JAMBI,PT2,Telkom Akses,662,2. PT2/Batch 1,Prio Agustus,NY Go Live,0,Y,y,20 Branch,PT2,00. Propose Drop,,,,,,QE Repair Core,,,,,#N/A,,,,
12532945,JMB PT2 EXPAND ODP-MAB-FR-178,16,  -   ,3189378,199.336.125,AREA 1,SUMBAGSEL,JAMBI,PT2,Telkom Akses,660,2. PT2/Batch 1,Prio Agustus,NY Go Live,0,Y,y,20 Branch,PT2,00. Propose Drop,,,,,,QE Repair Core,,,,,#N/A,,,,
12532911,JMB PT2 EXPAND ODP-MAB-FF-75,16,  -   ,3189378,199.336.125,AREA 1,SUMBAGSEL,JAMBI,PT2,Telkom Akses,659,2. PT2/Batch 1,Prio Agustus,NY Go Live,0,Y,y,20 Branch,PT2,00. Propose Drop,,,,,,QE Repair Core,,,,,#N/A,,,,
12532803,JMB PT2 EXPAND ODP-MAB-FF-49,16,  -   ,3189378,199.336.125,AREA 1,SUMBAGSEL,JAMBI,PT2,Telkom Akses,658,2. PT2/Batch 1,Prio Agustus,NY Go Live,0,Y,y,20 Branch,PT2,05. Go Live,Ready,,,,,,,,,,#N/A,,,,
12532684,JMB PT2 EXPAND ODP-MAB-FN-08,16,  -   ,3189378,199.336.125,AREA 1,SUMBAGSEL,JAMBI,PT2,Telkom Akses,654,2. PT2/Batch 1,Prio Agustus,NY Go Live,0,Y,y,20 Branch,PT2,00. Propose Drop,,,,,,"Irisan Cleansing Port 2,3 Jt",,,,,#N/A,,,,
12532269,JMB PT2 EXPAND ODP-MAB-FF-101,16,  -   ,3189378,199.336.125,AREA 1,SUMBAGSEL,JAMBI,PT2,Telkom Akses,652,2. PT2/Batch 1,Prio Agustus,NY Go Live,0,Y,y,20 Branch,PT2,00. Propose Drop,,,,,,QE Repair Core,,,,,#N/A,,,,
12532248,JMB PT2 EXPAND ODP-MAB-FE-86,16,  -   ,3189378,199.336.125,AREA 1,SUMBAGSEL,JAMBI,PT2,Telkom Akses,651,2. PT2/Batch 1,Prio Agustus,NY Go Live,0,Y,y,20 Branch,PT2,00. Propose Drop,,,,,,"Irisan Cleansing Port 2,3 Jt",,,,,#N/A,,,,
12532149,JMB PT2 EXPAND ODP-MAB-FE-41,16,  -   ,3189378,199.336.125,AREA 1,SUMBAGSEL,JAMBI,PT2,Telkom Akses,650,2. PT2/Batch 1,Prio Agustus,NY Go Live,0,Y,y,20 Branch,PT2,05. Go Live,Ready,,,,,,,,,,#N/A,,,,
12532101,JMB PT2 EXPAND ODP-MAB-FD-86,16,  -   ,3189378,199.336.125,AREA 1,SUMBAGSEL,JAMBI,PT2,Telkom Akses,649,2. PT2/Batch 1,Prio Agustus,NY Go Live,0,Y,y,20 Branch,PT2,00. Propose Drop,,,,,,"Irisan Cleansing Port 2,3 Jt",,,,,#N/A,,,,
12531934,JMB PT2 EXPAND ODP-MAB-FD-212,16,  -   ,3189378,199.336.125,AREA 1,SUMBAGSEL,JAMBI,PT2,Telkom Akses,647,2. PT2/Batch 1,Prio Agustus,NY Go Live,0,Y,y,20 Branch,PT2,00. Propose Drop,,,,,,"Irisan Cleansing Port 2,3 Jt",,,,,#N/A,,,,
12531814,JMB PT2 EXPAND ODP-MAB-FD-149,16,  -   ,3189378,199.336.125,AREA 1,SUMBAGSEL,JAMBI,PT2,Telkom Akses,646,2. PT2/Batch 1,Prio Agustus,NY Go Live,0,Y,y,20 Branch,PT2,00. Propose Drop,,,,,,"Irisan Cleansing Port 2,3 Jt",,,,,#N/A,,,,
12530972,JMB PT2 EXPAND ODP-MAB-FA-70,16,  -   ,3189378,199.336.125,AREA 1,SUMBAGSEL,JAMBI,PT2,Telkom Akses,642,2. PT2/Batch 1,Prio Agustus,NY Go Live,0,Y,y,20 Branch,PT2,00. Propose Drop,,,,,,"Irisan Cleansing Port 2,3 Jt",,,,,#N/A,,,,
12530767,JMB PT2 EXPAND ODP-MAB-FA-68,16,  -   ,3189378,199.336.125,AREA 1,SUMBAGSEL,JAMBI,PT2,Telkom Akses,641,2. PT2/Batch 1,Prio Agustus,NY Go Live,0,Y,y,20 Branch,PT2,00. Propose Drop,,,,,,QE Repair Core,,,,,#N/A,,,,
12530712,JMB PT2 EXPAND ODP-MAB-FA-62,16,  -   ,3189378,199.336.125,AREA 1,SUMBAGSEL,JAMBI,PT2,Telkom Akses,640,2. PT2/Batch 1,Prio Agustus,NY Go Live,0,Y,y,20 Branch,PT2,00. Propose Drop,,,,,,QE Repair Core,,,,,#N/A,,,,
12504230,JMB PT2 EXPAND ODP-MAB-FD-116,16,  -   ,3189378,199.336.125,AREA 1,SUMBAGSEL,JAMBI,PT2,Telkom Akses,635,2. PT2/Batch 1,Prio Agustus,NY Go Live,0,Y,y,20 Branch,PT2,00. Propose Drop,,,,,,QE Repair Core,,,,,#N/A,,,,
12502472,JMB PT2 EXPAND ODP-MAB-FC-87,16,  -   ,3189378,199.336.125,AREA 1,SUMBAGSEL,JAMBI,PT2,Telkom Akses,632,2. PT2/Batch 1,Prio Agustus,NY Go Live,0,Y,y,20 Branch,PT2,00. Propose Drop,,,,,,"Irisan Cleansing Port 2,3 Jt",,,,,#N/A,,,,
12554581,SMS PT2 EXPAND ODP-LLG-FAB-007,16,  -   ,3189378,199.336.125,AREA 1,SUMBAGSEL,BENGKULU,PT2,Telkom Akses,630,2. PT2/Batch 1,Prio Agustus,NY Go Live,0,Y,y,20 Branch,PT2,00. Propose Drop,,,,,,"Irisan Cleansing Port 2,3 Jt",,,,,#N/A,,,,
12557679,SMS PT2 EXPAND ODP-LLG-FAN-057,16,  -   ,3189378,199.336.125,AREA 1,SUMBAGSEL,BENGKULU,PT2,Telkom Akses,629,2. PT2/Batch 1,Prio Agustus,NY Go Live,0,Y,y,20 Branch,PT2,00. Propose Drop,,,,,,"Irisan Cleansing Port 2,3 Jt",,,,,#N/A,,,,
12557570,SMS PT2 EXPAND ODP-LLG-FAL-158,16,  -   ,3189378,199.336.125,AREA 1,SUMBAGSEL,BENGKULU,PT2,Telkom Akses,623,2. PT2/Batch 1,Prio Agustus,NY Go Live,0,Y,y,20 Branch,PT2,00. Propose Drop,,,,,,QE Repair Core,,,,,#N/A,,,,
12557544,SMS PT2 EXPAND ODP-LLG-FAL-150,16,  -   ,3189378,199.336.125,AREA 1,SUMBAGSEL,BENGKULU,PT2,Telkom Akses,622,2. PT2/Batch 1,Prio Agustus,NY Go Live,0,Y,y,20 Branch,PT2,00. Propose Drop,,,,,,QE Repair Core,,,,,#N/A,,,,
12557253,SMS PT2 EXPAND ODP-LLG-FAK-027,16,  -   ,3189378,199.336.125,AREA 1,SUMBAGSEL,BENGKULU,PT2,Telkom Akses,621,2. PT2/Batch 1,Prio Agustus,NY Go Live,0,Y,y,20 Branch,PT2,00. Propose Drop,,,,,,"Irisan Cleansing Port 2,3 Jt",,,,,#N/A,,,,
12557270,SMS PT2 EXPAND ODP-LLG-FAK-031,16,  8 ,3189378,199.336.125,AREA 1,SUMBAGSEL,BENGKULU,PT2,Telkom Akses,619,2. PT2/Batch 1,Prio Agustus,NY Go Live,0,Y,y,20 Branch,PT2,05. Go Live,Ready,,,,,,,,,,#N/A,,,,
12557281,SMS PT2 EXPAND ODP-LLG-FAK-035,16,  -   ,3189378,199.336.125,AREA 1,SUMBAGSEL,BENGKULU,PT2,Telkom Akses,618,2. PT2/Batch 1,Prio Agustus,NY Go Live,0,Y,y,20 Branch,PT2,00. Propose Drop,,,,,,"Irisan Cleansing Port 2,3 Jt",,,,,#N/A,,,,
12557338,SMS PT2 EXPAND ODP-LLG-FAL-014,16,  8 ,3189378,199.336.125,AREA 1,SUMBAGSEL,BENGKULU,PT2,Telkom Akses,616,2. PT2/Batch 1,Prio Agustus,NY Go Live,0,Y,y,20 Branch,PT2,05. Go Live,Ready,,,,,,,,,,#N/A,,,,
12557364,SMS PT2 EXPAND ODP-LLG-FAL-074,16,  -   ,3189378,199.336.125,AREA 1,SUMBAGSEL,BENGKULU,PT2,Telkom Akses,614,2. PT2/Batch 1,Prio Agustus,NY Go Live,0,Y,y,20 Branch,PT2,00. Propose Drop,,,,,,"Irisan Cleansing Port 2,3 Jt",,,,,#N/A,,,,
12557388,SMS PT2 EXPAND ODP-LLG-FAL-108,16,  8 ,3189378,199.336.125,AREA 1,SUMBAGSEL,BENGKULU,PT2,Telkom Akses,613,2. PT2/Batch 1,Prio Agustus,NY Go Live,0,Y,y,20 Branch,PT2,05. Go Live,Ready,,,,,,,,,,#N/A,,,,
12557416,SMS PT2 EXPAND ODP-LLG-FAL-136,16,  -   ,3189378,199.336.125,AREA 1,SUMBAGSEL,BENGKULU,PT2,Telkom Akses,611,2. PT2/Batch 1,Prio Agustus,NY Go Live,0,Y,y,20 Branch,PT2,00. Propose Drop,,,,,,QE Repair Core,,,,,#N/A,,,,
12557085,SMS PT2 EXPAND ODP-LLG-FAJ-019,16,  -   ,3189378,199.336.125,AREA 1,SUMBAGSEL,BENGKULU,PT2,Telkom Akses,603,2. PT2/Batch 1,Prio Agustus,NY Go Live,0,Y,y,20 Branch,PT2,00. Propose Drop,,,,,,"Irisan Cleansing Port 2,3 Jt",,,,,#N/A,,,,
12557097,SMS PT2 EXPAND ODP-LLG-FAJ-032,16,  -   ,3189378,199.336.125,AREA 1,SUMBAGSEL,BENGKULU,PT2,Telkom Akses,602,2. PT2/Batch 1,Prio Agustus,NY Go Live,0,Y,y,20 Branch,PT2,00. Propose Drop,,,,,,"Irisan Cleansing Port 2,3 Jt",,,,,#N/A,,,,
12556037,SMS PT2 EXPAND ODP-LLG-FG-01,16,  -   ,3189378,199.336.125,AREA 1,SUMBAGSEL,BENGKULU,PT2,Telkom Akses,595,2. PT2/Batch 1,Prio Agustus,NY Go Live,0,Y,y,20 Branch,PT2,00. Propose Drop,,,,,,QE Repair Core,,,,,#N/A,,,,
12555946,SMS PT2 EXPAND ODP-LLG-FD-098,16,  -   ,3189378,199.336.125,AREA 1,SUMBAGSEL,BENGKULU,PT2,Telkom Akses,591,2. PT2/Batch 1,Prio Agustus,NY Go Live,0,Y,y,20 Branch,PT2,00. Propose Drop,,,,,,"Irisan Cleansing Port 2,3 Jt",,,,,#N/A,,,,
12555947,SMS PT2 EXPAND ODP-LLG-FD-090,16,  -   ,3189378,199.336.125,AREA 1,SUMBAGSEL,BENGKULU,PT2,Telkom Akses,590,2. PT2/Batch 1,Prio Agustus,NY Go Live,0,Y,y,20 Branch,PT2,00. Propose Drop,,,,,,"Irisan Cleansing Port 2,3 Jt",,,,,#N/A,,,,
12555949,SMS PT2 EXPAND ODP-LLG-FD-086,16,  -   ,3189378,199.336.125,AREA 1,SUMBAGSEL,BENGKULU,PT2,Telkom Akses,589,2. PT2/Batch 1,Prio Agustus,NY Go Live,0,Y,y,20 Branch,PT2,00. Propose Drop,,,,,,"Irisan Cleansing Port 2,3 Jt",,,,,#N/A,,,,
12555952,SMS PT2 EXPAND ODP-LLG-FD-085,16,  -   ,3189378,199.336.125,AREA 1,SUMBAGSEL,BENGKULU,PT2,Telkom Akses,588,2. PT2/Batch 1,Prio Agustus,NY Go Live,0,Y,y,20 Branch,PT2,00. Propose Drop,,,,,,QE Repair Core,,,,,#N/A,,,,
12555955,SMS PT2 EXPAND ODP-LLG-FD-084,16,  -   ,3189378,199.336.125,AREA 1,SUMBAGSEL,BENGKULU,PT2,Telkom Akses,587,2. PT2/Batch 1,Prio Agustus,NY Go Live,0,Y,y,20 Branch,PT2,00. Propose Drop,,,,,,"Irisan Cleansing Port 2,3 Jt",,,,,#N/A,,,,
12555391,SMS PT2 EXPAND ODP-LLG-FAU-173,16,  -   ,3189378,199.336.125,AREA 1,SUMBAGSEL,BENGKULU,PT2,Telkom Akses,579,2. PT2/Batch 1,Prio Agustus,NY Go Live,0,Y,y,20 Branch,PT2,00. Propose Drop,,,,,,"Irisan Cleansing Port 2,3 Jt",,,,,#N/A,,,,
12555152,SMS PT2 EXPAND ODP-LLG-FAB-162,16,  -   ,3189378,199.336.125,AREA 1,SUMBAGSEL,BENGKULU,PT2,Telkom Akses,577,2. PT2/Batch 1,Prio Agustus,NY Go Live,0,Y,y,20 Branch,PT2,00. Propose Drop,,,,,,"Irisan Cleansing Port 2,3 Jt",,,,,#N/A,,,,
12555148,SMS PT2 EXPAND ODP-LLG-FAB-161,16,  -   ,3189378,199.336.125,AREA 1,SUMBAGSEL,BENGKULU,PT2,Telkom Akses,576,2. PT2/Batch 1,Prio Agustus,NY Go Live,0,Y,y,20 Branch,PT2,05. Go Live,Ready,,,,,,,,,,#N/A,,,,
12555199,SMS PT2 EXPAND ODP-LLG-FAU-166,16,  -   ,3189378,199.336.125,AREA 1,SUMBAGSEL,BENGKULU,PT2,Telkom Akses,575,2. PT2/Batch 1,Prio Agustus,NY Go Live,0,Y,y,20 Branch,PT2,00. Propose Drop,,,,,,Pelanggan Batal,,,,,#N/A,,,,
12555140,SMS PT2 EXPAND ODP-LLG-FAB-159,16,  -   ,3189378,199.336.125,AREA 1,SUMBAGSEL,BENGKULU,PT2,Telkom Akses,573,2. PT2/Batch 1,Prio Agustus,NY Go Live,0,Y,y,20 Branch,PT2,00. Propose Drop,,,,,,"Irisan Cleansing Port 2,3 Jt",,,,,#N/A,,,,
12555125,SMS PT2 EXPAND ODP-LLG-FAB-143,16,  -   ,3189378,199.336.125,AREA 1,SUMBAGSEL,BENGKULU,PT2,Telkom Akses,571,2. PT2/Batch 1,Prio Agustus,NY Go Live,0,Y,y,20 Branch,PT2,00. Propose Drop,,,,,,QE Repair Core,,,,,#N/A,,,,
12555118,SMS PT2 EXPAND ODP-LLG-FAB-141,16,  -   ,3189378,199.336.125,AREA 1,SUMBAGSEL,BENGKULU,PT2,Telkom Akses,570,2. PT2/Batch 1,Prio Agustus,NY Go Live,0,Y,y,20 Branch,PT2,05. Go Live,Ready,,,,,,,,,,#N/A,,,,
12555074,SMS PT2 EXPAND ODP-LLG-FAB-101,16,  -   ,3189378,199.336.125,AREA 1,SUMBAGSEL,BENGKULU,PT2,Telkom Akses,569,2. PT2/Batch 1,Prio Agustus,NY Go Live,0,Y,y,20 Branch,PT2,05. Go Live,Ready,,,,,,,,,,#N/A,,,,
12555067,SMS PT2 EXPAND ODP-LLG-FAB-096,16,  -   ,3189378,199.336.125,AREA 1,SUMBAGSEL,BENGKULU,PT2,Telkom Akses,568,2. PT2/Batch 1,Prio Agustus,NY Go Live,0,Y,y,20 Branch,PT2,00. Propose Drop,,,,,,"Irisan Cleansing Port 2,3 Jt",,,,,#N/A,,,,
12555044,SMS PT2 EXPAND ODP-LLG-FAB-089,16,  -   ,3189378,199.336.125,AREA 1,SUMBAGSEL,BENGKULU,PT2,Telkom Akses,567,2. PT2/Batch 1,Prio Agustus,NY Go Live,0,Y,y,20 Branch,PT2,00. Propose Drop,,,,,,Pelanggan Batal,,,,,#N/A,,,,
12555033,SMS PT2 EXPAND ODP-LLG-FAB-066,16,  8 ,3189378,199.336.125,AREA 1,SUMBAGSEL,BENGKULU,PT2,Telkom Akses,566,2. PT2/Batch 1,Prio Agustus,NY Go Live,0,Y,y,20 Branch,PT2,05. Go Live,Ready,,,,,,,,,,#N/A,,,,
12555012,SMS PT2 EXPAND ODP-LLG-FAT-074,16,  -   ,3189378,199.336.125,AREA 1,SUMBAGSEL,BENGKULU,PT2,Telkom Akses,563,2. PT2/Batch 1,Prio Agustus,NY Go Live,0,Y,y,20 Branch,PT2,00. Propose Drop,,,,,,Pelanggan Batal,,,,,#N/A,,,,
12555006,SMS PT2 EXPAND ODP-LLG-FAT-067,16,  -   ,3189378,199.336.125,AREA 1,SUMBAGSEL,BENGKULU,PT2,Telkom Akses,562,2. PT2/Batch 1,Prio Agustus,NY Go Live,0,Y,y,20 Branch,PT2,00. Propose Drop,,,,,,"Irisan Cleansing Port 2,3 Jt",,,,,#N/A,,,,
12554952,SMS PT2 EXPAND ODP-LLG-FAS-055,16,  -   ,3189378,199.336.125,AREA 1,SUMBAGSEL,BENGKULU,PT2,Telkom Akses,560,2. PT2/Batch 1,Prio Agustus,NY Go Live,0,Y,y,20 Branch,PT2,00. Propose Drop,,,,,,"Irisan Cleansing Port 2,3 Jt",,,,,#N/A,,,,
12554896,SMS PT2 EXPAND ODP-LLG-FAR-029,16,  -   ,3189378,199.336.125,AREA 1,SUMBAGSEL,BENGKULU,PT2,Telkom Akses,559,2. PT2/Batch 1,Prio Agustus,NY Go Live,0,Y,y,20 Branch,PT2,00. Propose Drop,,,,,,"Irisan Cleansing Port 2,3 Jt",,,,,#N/A,,,,
12554825,SMS PT2 EXPAND ODP-LLG-FAP-062,16,  -   ,3189378,199.336.125,AREA 1,SUMBAGSEL,BENGKULU,PT2,Telkom Akses,555,2. PT2/Batch 1,Prio Agustus,NY Go Live,0,Y,y,20 Branch,PT2,00. Propose Drop,,,,,,"Irisan Cleansing Port 2,3 Jt",,,,,#N/A,,,,
12554801,SMS PT2 EXPAND ODP-LLG-FAP-061,16,  -   ,3189378,199.336.125,AREA 1,SUMBAGSEL,BENGKULU,PT2,Telkom Akses,554,2. PT2/Batch 1,Prio Agustus,NY Go Live,0,Y,y,20 Branch,PT2,00. Propose Drop,,,,,,"Irisan Cleansing Port 2,3 Jt",,,,,#N/A,,,,
12554607,SMS PT2 EXPAND ODP-LLG-FAB-052,16,  -   ,3189378,199.336.125,AREA 1,SUMBAGSEL,BENGKULU,PT2,Telkom Akses,553,2. PT2/Batch 1,Prio Agustus,NY Go Live,0,Y,y,20 Branch,PT2,00. Propose Drop,,,,,,"Irisan Cleansing Port 2,3 Jt",,,,,#N/A,,,,
12554601,SMS PT2 EXPAND ODP-LLG-FAB-034,16,  8 ,3189378,199.336.125,AREA 1,SUMBAGSEL,BENGKULU,PT2,Telkom Akses,552,2. PT2/Batch 1,Prio Agustus,NY Go Live,0,Y,y,20 Branch,PT2,05. Go Live,Ready,,,,,,,,,,#N/A,,,,
12554713,SMS PT2 EXPAND ODP-LLG-FAP-057,16,  -   ,3189378,199.336.125,AREA 1,SUMBAGSEL,BENGKULU,PT2,Telkom Akses,550,2. PT2/Batch 1,Prio Agustus,NY Go Live,0,Y,y,20 Branch,PT2,00. Propose Drop,,,,,,"Irisan Cleansing Port 2,3 Jt",,,,,#N/A,,,,
12554571,SMS PT2 EXPAND ODP-LLG-FAA-115,16,  -   ,3189378,199.336.125,AREA 1,SUMBAGSEL,BENGKULU,PT2,Telkom Akses,548,2. PT2/Batch 1,Prio Agustus,NY Go Live,0,Y,y,20 Branch,PT2,00. Propose Drop,,,,,,"Irisan Cleansing Port 2,3 Jt",,,,,#N/A,,,,
12554549,SMS PT2 EXPAND ODP-LLG-FAA-061,16,  -   ,3189378,199.336.125,AREA 1,SUMBAGSEL,BENGKULU,PT2,Telkom Akses,545,2. PT2/Batch 1,Prio Agustus,NY Go Live,0,Y,y,20 Branch,PT2,00. Propose Drop,,,,,,QE Repair Core,,,,,#N/A,,,,
12554544,SMS PT2 EXPAND ODP-LLG-FAA-054,16,  8 ,3189378,199.336.125,AREA 1,SUMBAGSEL,BENGKULU,PT2,Telkom Akses,544,2. PT2/Batch 1,Prio Agustus,NY Go Live,0,Y,y,20 Branch,PT2,05. Go Live,Ready,,,,,,,,,,#N/A,,,,
12554539,SMS PT2 EXPAND ODP-LLG-FAA-050,16,  8 ,3189378,199.336.125,AREA 1,SUMBAGSEL,BENGKULU,PT2,Telkom Akses,543,2. PT2/Batch 1,Prio Agustus,NY Go Live,0,Y,y,20 Branch,PT2,05. Go Live,Ready,,,,,,,,,,#N/A,,,,
12554529,SMS PT2 EXPAND ODP-LLG-FAA-034,16,  8 ,3189378,199.336.125,AREA 1,SUMBAGSEL,BENGKULU,PT2,Telkom Akses,541,2. PT2/Batch 1,Prio Agustus,NY Go Live,0,Y,y,20 Branch,PT2,05. Go Live,Ready,,,,,,,,,,#N/A,,,,
12554517,SMS PT2 EXPAND ODP-LLG-FAA-028,16,  -   ,3189378,199.336.125,AREA 1,SUMBAGSEL,BENGKULU,PT2,Telkom Akses,539,2. PT2/Batch 1,Prio Agustus,NY Go Live,0,Y,y,20 Branch,PT2,00. Propose Drop,,,,,,QE Repair Core,,,,,#N/A,,,,
12504166,SMS PT2 EXPAND ODP-LLG-FAL-184,16,  -   ,3189378,199.336.125,AREA 1,SUMBAGSEL,BENGKULU,PT2,Telkom Akses,538,2. PT2/Batch 1,Prio Agustus,NY Go Live,0,Y,y,20 Branch,PT2,00. Propose Drop,,,,,,QE Repair Core,,,,,#N/A,,,,
12267105,SMS PT2 EXPAND-ODP-LLG-FAR-068,16,  -   ,3189378,199.336.125,AREA 1,SUMBAGSEL,BENGKULU,PT2,Telkom Akses,536,2. PT2/Batch 1,Prio Agustus,NY Go Live,0,Y,y,20 Branch,PT2,00. Propose Drop,,,,,,"Irisan Cleansing Port 2,3 Jt",,,,,#N/A,,,,
12265509,SMS PT2 EXPAND ODP-LLG-FAJ-147,16,  8 ,3189378,199.336.125,AREA 1,SUMBAGSEL,BENGKULU,PT2,Telkom Akses,533,2. PT2/Batch 1,Prio Agustus,NY Go Live,0,Y,y,20 Branch,PT2,00. Propose Drop,,,,,,QE Repair Core,,,,,#N/A,,,,
12265496,SMS PT2 EXPAND ODP-LLG-FAJ-029,16,  8 ,3189378,199.336.125,AREA 1,SUMBAGSEL,BENGKULU,PT2,Telkom Akses,530,2. PT2/Batch 1,Prio Agustus,NY Go Live,0,Y,y,20 Branch,PT2,00. Propose Drop,,,,,,"Irisan Cleansing Port 2,3 Jt",,,,,#N/A,,,,
12143127,SMS PT2 EXPAND ODP-LLG-FAP-037,16,  -   ,3189378,199.336.125,AREA 1,SUMBAGSEL,BENGKULU,PT2,Telkom Akses,527,2. PT2/Batch 1,Prio Agustus,NY Go Live,0,Y,y,20 Branch,PT2,00. Propose Drop,,,,,,QE Repair Core,,,,,#N/A,,,,
12143107,SMS PT2 EXPAND ODP-LLG-FAL-082,16,  -   ,3189378,199.336.125,AREA 1,SUMBAGSEL,BENGKULU,PT2,Telkom Akses,526,2. PT2/Batch 1,Prio Agustus,NY Go Live,0,Y,y,20 Branch,PT2,00. Propose Drop,,,,,,"Irisan Cleansing Port 2,3 Jt",,,,,#N/A,,,,
12142843,SMS PT2 EXPAND ODP-LLG-FAA-152,16,  -   ,3189378,199.336.125,AREA 1,SUMBAGSEL,BENGKULU,PT2,Telkom Akses,523,2. PT2/Batch 1,Prio Agustus,NY Go Live,0,Y,y,20 Branch,PT2,05. Go Live,Ready,,,,,,,,,,#N/A,,,,
12556048,SMS PT2 EXPAND ODP-LHT-FM-026,16,  8 ,3189378,199.336.125,AREA 1,SUMBAGSEL,BENGKULU,PT2,Telkom Akses,514,2. PT2/Batch 1,Prio Agustus,NY Go Live,0,Y,y,20 Branch,PT2,05. Go Live,Ready,,,,,,,,,,#N/A,,,,
12555728,SMS PT2 EXPAND ODP-LHT-FAE-031,16,  -   ,3189378,199.336.125,AREA 1,SUMBAGSEL,BENGKULU,PT2,Telkom Akses,511,2. PT2/Batch 1,Prio Agustus,NY Go Live,0,Y,y,20 Branch,PT2,00. Propose Drop,,,,,,"Irisan Cleansing Port 2,3 Jt",,,,,#N/A,,,,
12555717,SMS PT2 EXPAND ODP-LHT-FAD-004,16,  -   ,3189378,199.336.125,AREA 1,SUMBAGSEL,BENGKULU,PT2,Telkom Akses,510,2. PT2/Batch 1,Prio Agustus,NY Go Live,0,Y,y,20 Branch,PT2,00. Propose Drop,,,,,,"Irisan Cleansing Port 2,3 Jt",,,,,#N/A,,,,
12555710,SMS PT2 EXPAND ODP-LHT-FAD-003,16,  -   ,3189378,199.336.125,AREA 1,SUMBAGSEL,BENGKULU,PT2,Telkom Akses,509,2. PT2/Batch 1,Prio Agustus,NY Go Live,0,Y,y,20 Branch,PT2,00. Propose Drop,,,,,,"Irisan Cleansing Port 2,3 Jt",,,,,#N/A,,,,
12502319,BBL PT2 EXPAND ODP-KBO-FC-25,16,  -   ,3468060,"216753,75",AREA 1,SUMBAGSEL,PANGKAL PINANG,PT2,Telkom Akses,499,2. PT2/Batch 1,Prio Agustus,NY Go Live,0,Y,y,20 Branch,PT2,00. Propose Drop,,,,,,"Irisan Cleansing Port 2,3 Jt",,,,,#N/A,,,,
12530943,BBL PT2 EXPAND ODP-KBO-FA-30,16,  -   ,3468060,"216753,75",AREA 1,SUMBAGSEL,PANGKAL PINANG,PT2,Telkom Akses,498,2. PT2/Batch 1,Prio Agustus,NY Go Live,0,Y,y,20 Branch,PT2,00. Propose Drop,,,,,,"Irisan Cleansing Port 2,3 Jt",,,,,#N/A,,,,
12531685,BBL PT2 EXPAND ODP-KBO-FA-97,16,  -   ,3468060,"216753,75",AREA 1,SUMBAGSEL,PANGKAL PINANG,PT2,Telkom Akses,497,2. PT2/Batch 1,Prio Agustus,NY Go Live,0,Y,y,20 Branch,PT2,00. Propose Drop,,,,,,"Irisan Cleansing Port 2,3 Jt",,,,,#N/A,,,,
12531820,BBL PT2 EXPAND ODP-KBO-FAB-014,16,  -   ,3468060,"216753,75",AREA 1,SUMBAGSEL,PANGKAL PINANG,PT2,Telkom Akses,496,2. PT2/Batch 1,Prio Agustus,NY Go Live,0,Y,y,20 Branch,PT2,00. Propose Drop,,,,,,QE Repair Core,,,,,#N/A,,,,
12532194,BBL PT2 EXPAND ODP-KBO-FB-51,16,  -   ,3468060,"216753,75",AREA 1,SUMBAGSEL,PANGKAL PINANG,PT2,Telkom Akses,495,2. PT2/Batch 1,Prio Agustus,NY Go Live,0,Y,y,20 Branch,PT2,00. Propose Drop,,,,,,"Irisan Cleansing Port 2,3 Jt",,,,,#N/A,,,,
12532219,BBL PT2 EXPAND ODP-KBO-FC-55,16,  -   ,3468060,"216753,75",AREA 1,SUMBAGSEL,PANGKAL PINANG,PT2,Telkom Akses,494,2. PT2/Batch 1,Prio Agustus,NY Go Live,0,Y,y,20 Branch,PT2,00. Propose Drop,,,,,,"Irisan Cleansing Port 2,3 Jt",,,,,#N/A,,,,
12541886,BBL PT2 EXPAND ODP-KBO-FC-13,16,  -   ,3468060,"216753,75",AREA 1,SUMBAGSEL,PANGKAL PINANG,PT2,Telkom Akses,491,2. PT2/Batch 1,Prio Agustus,NY Go Live,0,Y,y,20 Branch,PT2,00. Propose Drop,,,,,,QE Repair Core,,,,,#N/A,,,,
12276316,BBL PT2 ODC-KBO-FQ,16,  -   ,3532380,"220773,75",AREA 1,SUMBAGSEL,PANGKAL PINANG,PT2,Telkom Akses,490,2. PT2/Batch 1,Prio Agustus,NY Go Live,0,Y,y,20 Branch,PT2,00. Propose Drop,,,,,,Pelanggan Batal,,,,,#N/A,,,,
12541874,BBL PT2 EXPAND ODP-KBO-FB-49,16,  -   ,3468060,"216753,75",AREA 1,SUMBAGSEL,PANGKAL PINANG,PT2,Telkom Akses,486,2. PT2/Batch 1,Prio Agustus,NY Go Live,0,Y,y,20 Branch,PT2,00. Propose Drop,,,,,,"Irisan Cleansing Port 2,3 Jt",,,,,#N/A,,,,
12541868,BBL PT2 EXPAND ODP-KBO-FB-37,16,  -   ,3468060,"216753,75",AREA 1,SUMBAGSEL,PANGKAL PINANG,PT2,Telkom Akses,485,2. PT2/Batch 1,Prio Agustus,NY Go Live,0,Y,y,20 Branch,PT2,05. Go Live,Ready,,,,,,,,,,#N/A,,,,
12533337,BBL PT2 EXPAND ODP-KBO-FQ-003,16,  -   ,3468060,"216753,75",AREA 1,SUMBAGSEL,PANGKAL PINANG,PT2,Telkom Akses,481,2. PT2/Batch 1,Prio Agustus,NY Go Live,0,Y,y,20 Branch,PT2,00. Propose Drop,,,,,,"Irisan Cleansing Port 2,3 Jt",,,,,#N/A,,,,
12533139,BBL PT2 EXPAND ODP-KBO-FL-004,16,  -   ,3468060,"216753,75",AREA 1,SUMBAGSEL,PANGKAL PINANG,PT2,Telkom Akses,479,2. PT2/Batch 1,Prio Agustus,NY Go Live,0,Y,y,20 Branch,PT2,00. Propose Drop,,,,,,QE Repair Core,,,,,#N/A,,,,
12533016,BBL PT2 EXPAND ODP-KBO-FG-45,16,  -   ,3468060,"216753,75",AREA 1,SUMBAGSEL,PANGKAL PINANG,PT2,Telkom Akses,478,2. PT2/Batch 1,Prio Agustus,NY Go Live,0,Y,y,20 Branch,PT2,00. Propose Drop,,,,,,"Irisan Cleansing Port 2,3 Jt",,,,,#N/A,,,,
12532753,BBL PT2 EXPAND ODP-KBO-FG-07,16,  -   ,3468060,"216753,75",AREA 1,SUMBAGSEL,PANGKAL PINANG,PT2,Telkom Akses,472,2. PT2/Batch 1,Prio Agustus,NY Go Live,0,Y,y,20 Branch,PT2,00. Propose Drop,,,,,,"Irisan Cleansing Port 2,3 Jt",,,,,#N/A,,,,
12532737,BBL PT2 EXPAND ODP-KBO-FG-01,16,  -   ,3468060,"216753,75",AREA 1,SUMBAGSEL,PANGKAL PINANG,PT2,Telkom Akses,471,2. PT2/Batch 1,Prio Agustus,NY Go Live,0,Y,y,20 Branch,PT2,00. Propose Drop,,,,,,Core Distribusi Habis,,,,,#N/A,,,,
12532633,BBL PT2 EXPAND ODP-KBO-FF-11,16,  -   ,3468060,"216753,75",AREA 1,SUMBAGSEL,PANGKAL PINANG,PT2,Telkom Akses,466,2. PT2/Batch 1,Prio Agustus,NY Go Live,0,Y,y,20 Branch,PT2,00. Propose Drop,,,,,,"Irisan Cleansing Port 2,3 Jt",,,,,#N/A,,,,
12532357,BBL PT2 EXPAND ODP-KBO-FF-01,16,  -   ,3468060,"216753,75",AREA 1,SUMBAGSEL,PANGKAL PINANG,PT2,Telkom Akses,457,2. PT2/Batch 1,Prio Agustus,NY Go Live,0,Y,y,20 Branch,PT2,00. Propose Drop,,,,,,Core Distribusi Habis,,,,,#N/A,,,,
12532306,BBL PT2 EXPAND ODP-KBO-FCF-003,16,  -   ,3468060,"216753,75",AREA 1,SUMBAGSEL,PANGKAL PINANG,PT2,Telkom Akses,454,2. PT2/Batch 1,Prio Agustus,NY Go Live,0,Y,y,20 Branch,PT2,00. Propose Drop,,,,,,"Irisan Cleansing Port 2,3 Jt",,,,,#N/A,,,,
12532289,BBL PT2 EXPAND ODP-KBO-FCF-002,16,  -   ,3468060,"216753,75",AREA 1,SUMBAGSEL,PANGKAL PINANG,PT2,Telkom Akses,453,2. PT2/Batch 1,Prio Agustus,NY Go Live,0,Y,y,20 Branch,PT2,00. Propose Drop,,,,,,Core Distribusi Habis,,,,,#N/A,,,,
12532123,BBL PT2 EXPAND ODP-KBO-FB-122,16,  -   ,3468060,"216753,75",AREA 1,SUMBAGSEL,PANGKAL PINANG,PT2,Telkom Akses,446,2. PT2/Batch 1,Prio Agustus,NY Go Live,0,Y,y,20 Branch,PT2,00. Propose Drop,,,,,,QE Repair Core,,,,,#N/A,,,,
12532104,BBL PT2 EXPAND ODP-KBO-FAC-080,16,  -   ,3468060,"216753,75",AREA 1,SUMBAGSEL,PANGKAL PINANG,PT2,Telkom Akses,444,2. PT2/Batch 1,Prio Agustus,NY Go Live,0,Y,y,20 Branch,PT2,00. Propose Drop,,,,,,QE Repair Core,,,,,#N/A,,,,
12531923,BBL PT2 EXPAND ODP-KBO-FAB-022,16,  -   ,3468060,"216753,75",AREA 1,SUMBAGSEL,PANGKAL PINANG,PT2,Telkom Akses,441,2. PT2/Batch 1,Prio Agustus,NY Go Live,0,Y,y,20 Branch,PT2,00. Propose Drop,,,,,,QE Repair Core,,,,,#N/A,,,,
12531921,BBL PT2 EXPAND ODP-KBO-FAB-023,16,  -   ,3468060,"216753,75",AREA 1,SUMBAGSEL,PANGKAL PINANG,PT2,Telkom Akses,440,2. PT2/Batch 1,Prio Agustus,NY Go Live,0,Y,y,20 Branch,PT2,00. Propose Drop,,,,,,QE Repair Core,,,,,#N/A,,,,
12531743,BBL PT2 EXPAND ODP-KBO-FAB-002,16,  -   ,3468060,"216753,75",AREA 1,SUMBAGSEL,PANGKAL PINANG,PT2,Telkom Akses,437,2. PT2/Batch 1,Prio Agustus,NY Go Live,0,Y,y,20 Branch,PT2,00. Propose Drop,,,,,,Core Distribusi Habis,,,,,#N/A,,,,
12531674,BBL PT2 EXPAND ODP-KBO-FA-74,16,  -   ,3468060,"216753,75",AREA 1,SUMBAGSEL,PANGKAL PINANG,PT2,Telkom Akses,435,2. PT2/Batch 1,Prio Agustus,NY Go Live,0,Y,y,20 Branch,PT2,00. Propose Drop,,,,,,"Irisan Cleansing Port 2,3 Jt",,,,,#N/A,,,,
12531550,BBL PT2 EXPAND ODP-KBO-FA-31,16,  -   ,3468060,"216753,75",AREA 1,SUMBAGSEL,PANGKAL PINANG,PT2,Telkom Akses,433,2. PT2/Batch 1,Prio Agustus,NY Go Live,0,Y,y,20 Branch,PT2,00. Propose Drop,,,,,,"Irisan Cleansing Port 2,3 Jt",,,,,#N/A,,,,
12530710,BBL PT2 EXPAND ODP-KBO-FA-24,16,  8 ,3468060,"216753,75",AREA 1,SUMBAGSEL,PANGKAL PINANG,PT2,Telkom Akses,428,2. PT2/Batch 1,Prio Agustus,NY Go Live,0,Y,y,20 Branch,PT2,05. Go Live,Ready,,,,,,,,,,#N/A,,,,
12541505,BBL PT2 EXPAND ODP-JBS-FN-025,16,  -   ,3468060,"216753,75",AREA 1,SUMBAGSEL,PANGKAL PINANG,PT2,Telkom Akses,414,2. PT2/Batch 1,Prio Agustus,NY Go Live,0,Y,y,20 Branch,PT2,00. Propose Drop,,,,,,"Irisan Cleansing Port 2,3 Jt",,,,,#N/A,,,,
12541366,BBL PT2 EXPAND ODP-JBS-FN-008,16,  -   ,3468060,"216753,75",AREA 1,SUMBAGSEL,PANGKAL PINANG,PT2,Telkom Akses,412,2. PT2/Batch 1,Prio Agustus,NY Go Live,0,Y,y,20 Branch,PT2,00. Propose Drop,,,,,,"Irisan Cleansing Port 2,3 Jt",,,,,#N/A,,,,
12541240,BBL PT2 EXPAND ODP-JBS-FN-007,16,  -   ,3468060,"216753,75",AREA 1,SUMBAGSEL,PANGKAL PINANG,PT2,Telkom Akses,411,2. PT2/Batch 1,Prio Agustus,NY Go Live,0,Y,y,20 Branch,PT2,00. Propose Drop,,,,,,QE Repair Core,,,,,#N/A,,,,
12541231,BBL PT2 EXPAND ODP-JBS-FN-006,16,  -   ,3468060,"216753,75",AREA 1,SUMBAGSEL,PANGKAL PINANG,PT2,Telkom Akses,410,2. PT2/Batch 1,Prio Agustus,NY Go Live,0,Y,y,20 Branch,PT2,00. Propose Drop,,,,,,"Irisan Cleansing Port 2,3 Jt",,,,,#N/A,,,,
12541220,BBL PT2 EXPAND ODP-JBS-FN-001,16,  -   ,3468060,"216753,75",AREA 1,SUMBAGSEL,PANGKAL PINANG,PT2,Telkom Akses,409,2. PT2/Batch 1,Prio Agustus,NY Go Live,0,Y,y,20 Branch,PT2,00. Propose Drop,,,,,,QE Repair Core,,,,,#N/A,,,,
12541193,BBL PT2 EXPAND ODP-JBS-FL-004,16,  -   ,3468060,"216753,75",AREA 1,SUMBAGSEL,PANGKAL PINANG,PT2,Telkom Akses,405,2. PT2/Batch 1,Prio Agustus,NY Go Live,0,Y,y,20 Branch,PT2,00. Propose Drop,,,,,,QE Repair Core,,,,,#N/A,,,,
12541186,BBL PT2 EXPAND ODP-JBS-FL-003,16,  -   ,3468060,"216753,75",AREA 1,SUMBAGSEL,PANGKAL PINANG,PT2,Telkom Akses,404,2. PT2/Batch 1,Prio Agustus,NY Go Live,0,Y,y,20 Branch,PT2,00. Propose Drop,,,,,,QE Repair Core,,,,,#N/A,,,,
12541015,BBL PT2 EXPAND ODP-JBS-FH-006,16,  -   ,3468060,"216753,75",AREA 1,SUMBAGSEL,PANGKAL PINANG,PT2,Telkom Akses,397,2. PT2/Batch 1,Prio Agustus,NY Go Live,0,Y,y,20 Branch,PT2,00. Propose Drop,,,,,,"Irisan Cleansing Port 2,3 Jt",,,,,#N/A,,,,
12538360,BBL PT2 EXPAND ODP-JBS-FF-113,16,  -   ,3468060,"216753,75",AREA 1,SUMBAGSEL,PANGKAL PINANG,PT2,Telkom Akses,387,2. PT2/Batch 1,Prio Agustus,NY Go Live,0,Y,y,20 Branch,PT2,00. Propose Drop,,,,,,"Irisan Cleansing Port 2,3 Jt",,,,,#N/A,,,,
12531620,ODP-JBS-FD-067,16,  -   ,3468060,"216753,75",AREA 1,SUMBAGSEL,PANGKAL PINANG,PT2,Telkom Akses,371,2. PT2/Batch 1,Prio Agustus,NY Go Live,0,Y,y,20 Branch,PT2,04. Finish Instalasi,Ready,,,,,,,,,,#N/A,,,,
12530177,BBL PT2 EXPAND ODP-JBS-FD-043,16,  -   ,3468060,"216753,75",AREA 1,SUMBAGSEL,PANGKAL PINANG,PT2,Telkom Akses,367,2. PT2/Batch 1,Prio Agustus,NY Go Live,0,Y,y,20 Branch,PT2,00. Propose Drop,,,,,,"Irisan Cleansing Port 2,3 Jt",,,,,#N/A,,,,
12531811,BBL PT2 EXPAND ODP-JBS-FD-26,16,  -   ,3468060,"216753,75",AREA 1,SUMBAGSEL,PANGKAL PINANG,PT2,Telkom Akses,351,2. PT2/Batch 1,Prio Agustus,NY Go Live,0,Y,y,20 Branch,PT2,00. Propose Drop,,,,,,Core Distribusi Habis,,,,,#N/A,,,,
12529466,BBL PT2 EXPAND ODP-JBS-FC-73,16,  -   ,3468060,"216753,75",AREA 1,SUMBAGSEL,PANGKAL PINANG,PT2,Telkom Akses,350,2. PT2/Batch 1,Prio Agustus,NY Go Live,0,Y,y,20 Branch,PT2,00. Propose Drop,,,,,,QE Repair Core,,,,,#N/A,,,,
12525294,BBL PT2 EXPAND ODP-JBS-FC-25,16,  -   ,3468060,"216753,75",AREA 1,SUMBAGSEL,PANGKAL PINANG,PT2,Telkom Akses,346,2. PT2/Batch 1,Prio Agustus,NY Go Live,0,Y,y,20 Branch,PT2,00. Propose Drop,,,,,,"Irisan Cleansing Port 2,3 Jt",,,,,#N/A,,,,
12525272,BBL PT2 EXPAND ODP-JBS-FC-04,16,  -   ,3468060,"216753,75",AREA 1,SUMBAGSEL,PANGKAL PINANG,PT2,Telkom Akses,345,2. PT2/Batch 1,Prio Agustus,NY Go Live,0,Y,y,20 Branch,PT2,00. Propose Drop,,,,,,Core Distribusi Habis,,,,,#N/A,,,,
12524996,BBL PT2 EXPAND ODP-JBS-FB-53,16,  -   ,3468060,"216753,75",AREA 1,SUMBAGSEL,PANGKAL PINANG,PT2,Telkom Akses,343,2. PT2/Batch 1,Prio Agustus,NY Go Live,0,Y,y,20 Branch,PT2,00. Propose Drop,,,,,,"Irisan Cleansing Port 2,3 Jt",,,,,#N/A,,,,
12524836,BBL PT2 EXPAND ODP-JBS-FB-34,16,  -   ,3468060,"216753,75",AREA 1,SUMBAGSEL,PANGKAL PINANG,PT2,Telkom Akses,340,2. PT2/Batch 1,Prio Agustus,NY Go Live,0,Y,y,20 Branch,PT2,00. Propose Drop,,,,,,Core Distribusi Habis,,,,,#N/A,,,,
12524783,BBL PT2 EXPAND ODP-JBS-FB-28,16,  -   ,3468060,"216753,75",AREA 1,SUMBAGSEL,PANGKAL PINANG,PT2,Telkom Akses,339,2. PT2/Batch 1,Prio Agustus,NY Go Live,0,Y,y,20 Branch,PT2,00. Propose Drop,,,,,,Core Distribusi Habis,,,,,#N/A,,,,
12524259,BBL PT2 EXPAND ODP-JBS-FB-04,16,  -   ,3468060,"216753,75",AREA 1,SUMBAGSEL,PANGKAL PINANG,PT2,Telkom Akses,334,2. PT2/Batch 1,Prio Agustus,NY Go Live,0,Y,y,20 Branch,PT2,00. Propose Drop,,,,,,Core Distribusi Habis,,,,,#N/A,,,,
12522244,BBL PT2 EXPAND ODP-JBS-FA-03,16,  -   ,3468060,"216753,75",AREA 1,SUMBAGSEL,PANGKAL PINANG,PT2,Telkom Akses,319,2. PT2/Batch 1,Prio Agustus,NY Go Live,0,Y,y,20 Branch,PT2,00. Propose Drop,,,,,,"Irisan Cleansing Port 2,3 Jt",,,,,#N/A,,,,
12529700,BBL PT2 EXPAND ODP-JBS-FC-74,16,  -   ,3468060,"216753,75",AREA 1,SUMBAGSEL,PANGKAL PINANG,PT2,Telkom Akses,317,2. PT2/Batch 1,Prio Agustus,NY Go Live,0,Y,y,20 Branch,PT2,00. Propose Drop,,,,,,"Irisan Cleansing Port 2,3 Jt",,,,,#N/A,,,,
12504838,BBL PT2 EXPAND ODP-JBS-FC-74,16,  -   ,3468060,"216753,75",AREA 1,SUMBAGSEL,PANGKAL PINANG,PT2,Telkom Akses,317,2. PT2/Batch 1,Prio Agustus,NY Go Live,0,Y,y,20 Branch,PT2,00. Propose Drop,,,,,,"Irisan Cleansing Port 2,3 Jt",,,,,#N/A,,,,
12523048,BBL PT2 EXPAND ODP-BYU-FA-45,16,  -   ,3468060,"216753,75",AREA 1,SUMBAGSEL,PANGKAL PINANG,PT2,Telkom Akses,316,2. PT2/Batch 1,Prio Agustus,NY Go Live,0,Y,y,20 Branch,PT2,00. Propose Drop,,,,,,QE Repair Core,,,,,#N/A,,,,
12471910,BBL EXPAND 1:16 ODP-BYU-FH-013,16,  -   ,3468060,"216753,75",AREA 1,SUMBAGSEL,PANGKAL PINANG,PT2,Telkom Akses,315,2. PT2/Batch 1,Prio Agustus,NY Go Live,0,Y,y,20 Branch,PT2,00. Propose Drop,,,,,,Kapasitas sudah 16,,,,,#N/A,,,,
12529955,BBL PT2 EXPAND ODP-BYU-FE-134,16,  -   ,3468060,"216753,75",AREA 1,SUMBAGSEL,PANGKAL PINANG,PT2,Telkom Akses,314,2. PT2/Batch 1,Prio Agustus,NY Go Live,0,Y,y,20 Branch,PT2,00. Propose Drop,,,,,,Drop-Tsel Demand Rendah,,,,,#N/A,,,,
12688234,BBL EXPAND 1:16 ODP-BYU-FE-047,16,  -   ,3468060,"216753,75",AREA 1,SUMBAGSEL,PANGKAL PINANG,PT2,Telkom Akses,313,2. PT2/Batch 1,Prio Agustus,NY Go Live,0,Y,y,20 Branch,PT2,05. Go Live,Ready,,,,,,,,,,#N/A,,,,
12530692,BBL PT2 EXPAND ODP-BYU-FK-006,16,  -   ,3468060,"216753,75",AREA 1,SUMBAGSEL,PANGKAL PINANG,PT2,Telkom Akses,312,2. PT2/Batch 1,Prio Agustus,NY Go Live,0,Y,y,20 Branch,PT2,00. Propose Drop,,,,,,QE Repair Core,,,,,#N/A,,,,
12530153,BBL PT2 EXPAND ODP-BYU-FF-016,16,  -   ,3468060,"216753,75",AREA 1,SUMBAGSEL,PANGKAL PINANG,PT2,Telkom Akses,311,2. PT2/Batch 1,Prio Agustus,NY Go Live,0,Y,y,20 Branch,PT2,00. Propose Drop,,,,,,Drop-Tsel Demand Rendah,,,,,#N/A,,,,
12528939,BBL PT2 EXPAND ODP-BYU-FE-109,16,  -   ,3468060,"216753,75",AREA 1,SUMBAGSEL,PANGKAL PINANG,PT2,Telkom Akses,307,2. PT2/Batch 1,Prio Agustus,NY Go Live,0,Y,y,20 Branch,PT2,00. Propose Drop,,,,,,"Irisan Cleansing Port 2,3 Jt",,,,,#N/A,,,,
12528878,BBL PT2 EXPAND ODP-BYU-FE-073,16,  -   ,3468060,"216753,75",AREA 1,SUMBAGSEL,PANGKAL PINANG,PT2,Telkom Akses,305,2. PT2/Batch 1,Prio Agustus,NY Go Live,0,Y,y,20 Branch,PT2,00. Propose Drop,,,,,,QE Repair Core,,,,,#N/A,,,,
12528853,BBL PT2 EXPAND ODP-BYU-FE-059,16,  -   ,3468060,"216753,75",AREA 1,SUMBAGSEL,PANGKAL PINANG,PT2,Telkom Akses,304,2. PT2/Batch 1,Prio Agustus,NY Go Live,0,Y,y,20 Branch,PT2,00. Propose Drop,,,,,,QE Repair Core,,,,,#N/A,,,,
12525216,BBL PT2 EXPAND ODP-BYU-FD-171,16,  -   ,3468060,"216753,75",AREA 1,SUMBAGSEL,PANGKAL PINANG,PT2,Telkom Akses,302,2. PT2/Batch 1,Prio Agustus,NY Go Live,0,Y,y,20 Branch,PT2,00. Propose Drop,,,,,,QE Repair Core,,,,,#N/A,,,,
12525072,BBL PT2 EXPAND ODP-BYU-FD-109,16,  -   ,3468060,"216753,75",AREA 1,SUMBAGSEL,PANGKAL PINANG,PT2,Telkom Akses,301,2. PT2/Batch 1,Prio Agustus,NY Go Live,0,Y,y,20 Branch,PT2,00. Propose Drop,,,,,,QE Repair Core,,,,,#N/A,,,,
12524271,BBL PT2 EXPAND ODP-BYU-FC-078,16,  -   ,3468060,"216753,75",AREA 1,SUMBAGSEL,PANGKAL PINANG,PT2,Telkom Akses,299,2. PT2/Batch 1,Prio Agustus,NY Go Live,0,Y,y,20 Branch,PT2,00. Propose Drop,,,,,,Core Distribusi Habis,,,,,#N/A,,,,
12524049,BBL PT2 EXPAND ODP-BYU-FB-29,16,  -   ,3468060,"216753,75",AREA 1,SUMBAGSEL,PANGKAL PINANG,PT2,Telkom Akses,298,2. PT2/Batch 1,Prio Agustus,NY Go Live,0,Y,y,20 Branch,PT2,00. Propose Drop,,,,,,Core Distribusi Habis,,,,,#N/A,,,,
12523989,BBL PT2 EXPAND ODP-BYU-FB-28,16,  -   ,3468060,"216753,75",AREA 1,SUMBAGSEL,PANGKAL PINANG,PT2,Telkom Akses,297,2. PT2/Batch 1,Prio Agustus,NY Go Live,0,Y,y,20 Branch,PT2,00. Propose Drop,,,,,,"Irisan Cleansing Port 2,3 Jt",,,,,#N/A,,,,
12522525,BBL PT2 EXPAND ODP-BYU-FE-047,16,  -   ,3468060,"216753,75",AREA 1,SUMBAGSEL,PANGKAL PINANG,PT2,Telkom Akses,295,2. PT2/Batch 1,Prio Agustus,NY Go Live,0,Y,y,20 Branch,PT2,05. Go Live,Ready,,,,,,,,,,#N/A,,,,
12341153,12341153-SMS PT2 LS ODC PDP FD,24,  -   ,7702591,3.209.412.917,AREA 1,SUMBAGSEL,BENGKULU,PT2,Telkom Akses,160,16. PT2/Batch 6,Prio Agustus,NY Go Live,0,Y,y,20 Branch,PT2,00. Propose Drop,,,,,,QE Repair Core,,,,,#N/A,,,,
12340860,12340860-SMS PT2 LS ODC PGA FG,24,  -   ,7702591,3.209.412.917,AREA 1,SUMBAGSEL,BENGKULU,PT2,Telkom Akses,159,16. PT2/Batch 6,Prio Agustus,NY Go Live,0,Y,y,20 Branch,PT2,00. Propose Drop,,,,,,QE Repair Core,,,,,#N/A,,,,
12296981,SMS PT2 LS ODC-LHT-FA,24,  -   ,6796673,2.831.947.083,AREA 1,SUMBAGSEL,BENGKULU,PT2,Telkom Akses,158,16. PT2/Batch 6,Prio Agustus,NY Go Live,0,Y,y,20 Branch,PT2,00. Propose Drop,,,,,,QE Repair Core,,,,,#N/A,,,,
12261051,BBL PT2 ODC-JBS-FC,24,  -   ,5298570,"220773,75",AREA 1,SUMBAGSEL,PANGKAL PINANG,PT2,Telkom Akses,157,16. PT2/Batch 6,Prio Agustus,NY Go Live,0,Y,y,20 Branch,PT2,00. Propose Drop,,,,,,QE Repair Core,,,,,#N/A,,,,
12938215,BBL JPP PT2 ODC FR 2500_-94_496,24,  -   ,6285750,"261906,25",AREA 1,SUMBAGSEL,PANGKAL PINANG,PT2,Telkom Akses,155,13. PT2/Batch 5,Prio Agustus,NY Go Live,0,Y,y,20 Branch,PT2,00. Propose Drop,,,,,,Core Distribusi Habis,,,,,#N/A,,,,
12010801,SMS PT2 ODC PGA FG LAHAT_65004,24,  -   ,5957001,248.208.375,AREA 1,SUMBAGSEL,BENGKULU,PT2,Telkom Akses,153,9. PT2/Batch 2,Prio Agustus,NY Go Live,0,Y,y,20 Branch,PT2,00. Propose Drop,,,,,,QE Repair Core,,,,,#N/A,,,,
11434865,SMS PT2 PDP FE D02 EMPAT LAWANG 7924,24,  -   ,7145518,2.977.299.167,AREA 1,SUMBAGSEL,BENGKULU,PT2,Telkom Akses,152,9. PT2/Batch 2,Prio Agustus,NY Go Live,0,Y,y,20 Branch,PT2,00. Propose Drop,,,,,,QE Repair Core,,,,,#N/A,,,,
12009437,SMS PT2 ODC LLG FAG 250_-1465_3524,24,  -   ,5957001,248.208.375,AREA 1,SUMBAGSEL,BENGKULU,PT2,Telkom Akses,151,9. PT2/Batch 2,Prio Agustus,NY Go Live,0,Y,y,20 Branch,PT2,00. Propose Drop,,,,,,Core Distribusi Habis,,,,,#N/A,,,,
12276438,BBL PT2 ODC-KBO-FV,24,  -   ,5298570,"220773,75",AREA 1,SUMBAGSEL,PANGKAL PINANG,PT2,Telkom Akses,146,2. PT2/Batch 1,Prio Agustus,NY Go Live,0,Y,y,20 Branch,PT2,00. Propose Drop,,,,,,Pelanggan Batal,,,,,#N/A,,,,
12268199,BBL PT2 ODC-BYU-FH,32,  -   ,7064760,"220773,75",AREA 1,SUMBAGSEL,PANGKAL PINANG,PT2,Telkom Akses,141,16. PT2/Batch 6,Prio Agustus,NY Go Live,0,Y,y,20 Branch,PT2,00. Propose Drop,,,,,,Core Distribusi Habis,,,,,#N/A,,,,
12941180,BBL JPP PT2 ODC FAF 2500_-97_494,32,  -   ,7797750,2.436.796.875,AREA 1,SUMBAGSEL,PANGKAL PINANG,PT2,Telkom Akses,138,13. PT2/Batch 5,Prio Agustus,NY Go Live,0,Y,y,20 Branch,PT2,00. Propose Drop,,,,,,Core Distribusi Habis,,,,,#N/A,,,,
12938507,ODP EXPAND ODP-SLT-FCP 09,32,  -   ,4451464,"139108,25",AREA 1,SUMBAGSEL,PANGKAL PINANG,PT2,Telkom Akses,137,13. PT2/Batch 5,Prio Agustus,NY Go Live,0,Y,y,20 Branch,PT2,00. Propose Drop,,,,,,QE Repair Core,,,,,#N/A,,,,
12524544,BBL PT2 EXPAND ODP-BYU-FC113,32,  -   ,3468060,108.376.875,AREA 1,SUMBAGSEL,PANGKAL PINANG,PT2,Telkom Akses,135,13. PT2/Batch 5,Prio Agustus,NY Go Live,0,Y,y,20 Branch,PT2,05. Go Live,Ready,,,,,,,,,,#N/A,,,,
13117046,BNK UNTSEL PT2 AOi4260420064443669a8af60,32,  -   ,1548594,483.935.625,AREA 1,SUMBAGSEL,BENGKULU,PT2,Telkom Akses,132,12. PT2/Batch 4 UNTSEL,Prio Agustus,NY Go Live,0,Y,y,20 Branch,PT2,00. Propose Drop,,,,,,QE Repair Core,,,,,#N/A,,,,
12968166,BBL PT2 EXPAND-ODP-MGR-FA-014,32,  -   ,1886440,"58951,25",AREA 1,SUMBAGSEL,PANGKAL PINANG,PT2,Telkom Akses,127,12. PT2/Batch 4 UNTSEL,Prio Agustus,NY Go Live,0,Y,y,20 Branch,PT2,00. Propose Drop,,,,,,Drop-Tsel Demand Rendah,,,,,#N/A,,,,
13122998,SMS EXPAND ODP LHT FAB 165,32,  -   ,1742633,5.445.728.125,AREA 1,SUMBAGSEL,BENGKULU,PT2,Telkom Akses,126,11. PT2/Batch 3,Prio Agustus,NY Go Live,0,Y,y,20 Branch,PT2,00. Propose Drop,,,,,,QE Repair Core,,,,,#N/A,,,,
12268106,BBL PT2 ODC-KBO-FAC,32,  -   ,9907316,309.603.625,AREA 1,SUMBAGSEL,PANGKAL PINANG,PT2,Telkom Akses,123,2. PT2/Batch 1,Prio Agustus,NY Go Live,0,Y,y,20 Branch,PT2,00. Propose Drop,,,,,,Pelanggan Batal,,,,,#N/A,,,,
12341070,12341070-SMS PT2 LS ODC PDP FE,40,  -   ,12854547,321.363.675,AREA 1,SUMBAGSEL,BENGKULU,PT2,Telkom Akses,121,16. PT2/Batch 6,Prio Agustus,NY Go Live,0,Y,y,20 Branch,PT2,00. Propose Drop,,,,,,QE Repair Core,,,,,#N/A,,,,
12333246,SMS PT2 LS ODC-SPP-FX,40,  -   ,11139531,278.488.275,AREA 1,SUMBAGSEL,BENGKULU,PT2,Telkom Akses,120,16. PT2/Batch 6,Prio Agustus,NY Go Live,0,Y,y,20 Branch,PT2,00. Propose Drop,,,,,,QE Repair Core,,,,,#N/A,,,,
12297562,SMS PT2 LS ODC-LHT-FB,40,  -   ,11139531,278.488.275,AREA 1,SUMBAGSEL,BENGKULU,PT2,Telkom Akses,119,16. PT2/Batch 6,Prio Agustus,NY Go Live,0,Y,y,20 Branch,PT2,00. Propose Drop,,,,,,QE Repair Core,,,,,#N/A,,,,
12940447,239921 2500_-75_469 ODP EXPAND,40,  -   ,3568660,"89216,5",AREA 1,SUMBAGSEL,PANGKAL PINANG,PT2,Telkom Akses,118,13. PT2/Batch 5,Prio Agustus,NY Go Live,0,Y,y,20 Branch,PT2,00. Propose Drop,,,,,,Core Distribusi Habis,,,,,#N/A,,,,
12268606,BBL PT2 ODC-KBO-FC,48,  -   ,10597140,"220773,75",AREA 1,SUMBAGSEL,PANGKAL PINANG,PT2,Telkom Akses,117,2. PT2/Batch 1,Prio Agustus,NY Go Live,0,Y,y,20 Branch,PT2,00. Propose Drop,,,,,,Pelanggan Batal,,,,,#N/A,,,,
12276169,BBL PT2 ODC-KBO-FK,48,  -   ,10597140,"220773,75",AREA 1,SUMBAGSEL,PANGKAL PINANG,PT2,Telkom Akses,116,2. PT2/Batch 1,Prio Agustus,NY Go Live,0,Y,y,20 Branch,PT2,00. Propose Drop,,,,,,Pelanggan Batal,,,,,#N/A,,,,
12333358,SMS PT2 LS ODC-SPP-FZ,56,  -   ,15482389,2.764.712.321,AREA 1,SUMBAGSEL,BENGKULU,PT2,Telkom Akses,115,16. PT2/Batch 6,Prio Agustus,NY Go Live,0,Y,y,20 Branch,PT2,00. Propose Drop,,,,,,Core Distribusi Habis,,,,,#N/A,,,,
12260646,BBL PT2 ODC-JBS-FB,56,  -   ,12363330,"220773,75",AREA 1,SUMBAGSEL,PANGKAL PINANG,PT2,Telkom Akses,114,16. PT2/Batch 6,Prio Agustus,NY Go Live,0,Y,y,20 Branch,PT2,00. Propose Drop,,,,,,Core Distribusi Habis,,,,,#N/A,,,,
12325289,BBL PT2 ODC-TBI-FB,56,  -   ,12857769,2.296.030.179,AREA 1,SUMBAGSEL,PANGKAL PINANG,PT2,Telkom Akses,112,2. PT2/Batch 1,Prio Agustus,NY Go Live,0,Y,y,20 Branch,PT2,00. Propose Drop,,,,,,QE Repair Core,,,,,#N/A,,,,
12266009,BBL PT2 ODC-JBS-FD,64,  -   ,14129520,"220773,75",AREA 1,SUMBAGSEL,PANGKAL PINANG,PT2,Telkom Akses,110,16. PT2/Batch 6,Prio Agustus,NY Go Live,0,Y,y,20 Branch,PT2,00. Propose Drop,,,,,,Core Distribusi Habis,,,,,#N/A,,,,
12274630,BBL PT2 ODC-MTK-FA,80,  -   ,18773100,"234663,75",AREA 1,SUMBAGSEL,PANGKAL PINANG,PT2,Telkom Akses,109,16. PT2/Batch 6,Prio Agustus,NY Go Live,0,Y,y,20 Branch,PT2,00. Propose Drop,,,,,,Core Distribusi Habis,,,,,#N/A,,,,
12267763,BBL PT2 ODC-JBS-FF,112,  -   ,24726660,"220773,75",AREA 1,SUMBAGSEL,PANGKAL PINANG,PT2,Telkom Akses,108,16. PT2/Batch 6,Prio Agustus,NY Go Live,0,Y,y,20 Branch,PT2,00. Propose Drop,,,,,,Core Distribusi Habis,,,,,#N/A,,,,
12260974,BBL PT2 ODC-BYU-FC,112,  -   ,24726660,"220773,75",AREA 1,SUMBAGSEL,PANGKAL PINANG,PT2,Telkom Akses,107,16. PT2/Batch 6,Prio Agustus,NY Go Live,0,Y,y,20 Branch,PT2,00. Propose Drop,,,,,,Core Distribusi Habis,,,,,#N/A,,,,
12266338,BBL PT2 ODC-BYU-FD,120,  -   ,26492850,"220773,75",AREA 1,SUMBAGSEL,PANGKAL PINANG,PT2,Telkom Akses,106,16. PT2/Batch 6,Prio Agustus,NY Go Live,0,Y,y,20 Branch,PT2,00. Propose Drop,,,,,,Core Distribusi Habis,,,,,#N/A,,,,
13138608,r_2500_-454_1271_ALAK TRADISIONAL,40,  -   ,50333342,"1258333,55",AREA 3,BALI NUSRA,KUPANG,PT3,Telkom Akses,93,10. PT3/Batch 5 thp 1,Prio September,NY Go Live,0,Y,y,20 Branch,#N/A,01. Persiapan,NY Ready,-,1.950,27-Sep-26,27/09/2026,,"Aanwizing, Kendala Manpower",,,00. Ny Golive,27/09/2026,,,,
13142552,r_2500_-453_1272_ALAK A,32,  -   ,23485204,733.912.625,AREA 3,BALI NUSRA,KUPANG,PT3,Telkom Akses,94,10. PT3/Batch 5 thp 1,Prio September,NY Go Live,0,Y,y,20 Branch,#N/A,01. Persiapan,NY Ready,1150,-,27-Sep-26,26/09/2026,,"Aanwizing, Kendala Manpower",,,00. Ny Golive,26/09/2026,,,,
12915856,250_-4545_12754_KPN-kantor Lurah Belo,16,  -   ,16705173,1.044.073.313,AREA 3,BALI NUSRA,KUPANG,PT3,Telkom Akses,95,10. PT3/Batch 5 thp 1,Prio September,NY Go Live,0,Y,y,20 Branch,#N/A,01. Persiapan,NY Ready,1190,-,27-Sep-26,26/09/2026,,"Aanwizing, Kendala Manpower",,,00. Ny Golive,26/09/2026,,,,
13134521,r_2500_-455_1275_MAULAFA Less A,16,  -   ,8445086,527.817.875,AREA 3,BALI NUSRA,KUPANG,PT3,Telkom Akses,96,10. PT3/Batch 5 thp 1,Prio September,NY Go Live,0,Y,y,20 Branch,#N/A,01. Persiapan,NY Ready,-,-,27-Sep-26,28/09/2026,,"Aanwizing, Kendala Manpower",,,00. Ny Golive,28/09/2026,,,,
13137753,r_2500_-453_1274_KOTA RAJA TRADISIONAL,16,  -   ,8663396,"541462,25",AREA 3,BALI NUSRA,KUPANG,PT3,Telkom Akses,97,10. PT3/Batch 5 thp 1,Prio September,NY Go Live,0,Y,y,20 Branch,#N/A,01. Persiapan,NY Ready,560,-,27-Sep-26,20/09/2026,,"Aanwizing, Kendala Manpower",,,00. Ny Golive,20/09/2026,,,,
13149664,r_2500_-439_1304_KOTA SOE-PT3-BRENCING-A,16,  -   ,20176273,1.261.017.063,AREA 3,BALI NUSRA,KUPANG,PT3,Telkom Akses,98,10. PT3/Batch 5 thp 1,Prio September,NY Go Live,0,Y,y,20 Branch,#N/A,01. Persiapan,NY Ready,570,-,27-Sep-26,23/09/2026,,"Aanwizing, Kendala Manpower",,,00. Ny Golive,23/09/2026,,,,
13134081,r_2500_-405_1331_ATB BARAT-Tradisional-A,8,  -   ,3242452,"405306,5",AREA 3,BALI NUSRA,KUPANG,PT3,Telkom Akses,99,10. PT3/Batch 5 thp 1,Prio September,NY Go Live,0,Y,y,20 Branch,#N/A,01. Persiapan,NY Ready,170,-,27-Sep-26,01/10/2026,,"Aanwizing, Kendala Manpower",,,00. Ny Golive,01/10/2026,,,,
13134116,r_2500_-405_1331_ATB BARAT-Tradisional-B,8,  -   ,3089508,"386188,5",AREA 3,BALI NUSRA,KUPANG,PT3,Telkom Akses,100,10. PT3/Batch 5 thp 1,Prio September,NY Go Live,0,Y,y,20 Branch,#N/A,01. Persiapan,NY Ready,150,-,27-Sep-26,01/10/2026,,"Aanwizing, Kendala Manpower",,,00. Ny Golive,01/10/2026,,,,
13138341,r_2500_-421_1313_KEF-Tradisional-A,8,  -   ,7680844,"960105,5",AREA 3,BALI NUSRA,KUPANG,PT3,Telkom Akses,101,10. PT3/Batch 5 thp 1,Prio September,NY Go Live,0,Y,y,20 Branch,#N/A,01. Persiapan,NY Ready,450,-,27-Sep-26,24/09/2026,,"Aanwizing, Kendala Manpower",,,00. Ny Golive,24/09/2026,,,,
13138364,r_2500_-421_1313_KEF-Tradisional-B,8,  -   ,6337604,"792200,5",AREA 3,BALI NUSRA,KUPANG,PT3,Telkom Akses,102,10. PT3/Batch 5 thp 1,Prio September,NY Go Live,0,Y,y,20 Branch,#N/A,01. Persiapan,NY Ready,460,-,27-Sep-26,23/09/2026,,"Aanwizing, Kendala Manpower",,,00. Ny Golive,23/09/2026,,,,
13134548,r_2500_-455_1275_MAULAFA Less B,8,  -   ,7626626,"953328,25",AREA 3,BALI NUSRA,KUPANG,PT3,Telkom Akses,103,10. PT3/Batch 5 thp 1,Prio September,NY Go Live,0,Y,y,20 Branch,#N/A,01. Persiapan,NY Ready,-,-,27-Sep-26,28/09/2026,,"Aanwizing, Kendala Manpower",,,00. Ny Golive,28/09/2026,,,,
13134577,r_2500_-455_1275_MAULAFA A,8,  -   ,6970184,871273,AREA 3,BALI NUSRA,KUPANG,PT3,Telkom Akses,104,10. PT3/Batch 5 thp 1,Prio September,NY Go Live,0,Y,y,20 Branch,#N/A,01. Persiapan,NY Ready,150,-,27-Sep-26,28/09/2026,,"Aanwizing, Kendala Manpower",,,00. Ny Golive,28/09/2026,,,,
13134613,r_2500_-455_1275_MAULAFA B,8,  -   ,8466758,"1058344,75",AREA 3,BALI NUSRA,KUPANG,PT3,Telkom Akses,105,10. PT3/Batch 5 thp 1,Prio September,NY Go Live,0,Y,y,20 Branch,#N/A,01. Persiapan,NY Ready,410,-,27-Sep-26,28/09/2026,,"Aanwizing, Kendala Manpower",,,00. Ny Golive,28/09/2026,,,,
13134694,r_2500_-455_1275_MAULAFA C,8,  -   ,2734802,"341850,25",AREA 3,BALI NUSRA,KUPANG,PT3,Telkom Akses,106,10. PT3/Batch 5 thp 1,Prio September,NY Go Live,0,Y,y,20 Branch,#N/A,01. Persiapan,NY Ready,120,-,27-Sep-26,28/09/2026,,"Aanwizing, Kendala Manpower",,,00. Ny Golive,28/09/2026,,,,
13138203,r_2500_-454_1275_MAULAFA TRADISIONAL A,8,  -   ,5499869,687.483.625,AREA 3,BALI NUSRA,KUPANG,PT3,Telkom Akses,107,10. PT3/Batch 5 thp 1,Prio September,NY Go Live,0,Y,y,20 Branch,#N/A,01. Persiapan,NY Ready,370,-,27-Sep-26,27/09/2026,,"Aanwizing, Kendala Manpower",,,00. Ny Golive,27/09/2026,,,,
13138324,r_2500_-454_1275_MAULAFA TRADISIONAL D,8,  -   ,6614757,826.844.625,AREA 3,BALI NUSRA,KUPANG,PT3,Telkom Akses,108,10. PT3/Batch 5 thp 1,Prio September,NY Go Live,0,Y,y,20 Branch,#N/A,01. Persiapan,NY Ready,470,-,27-Sep-26,27/09/2026,,Belum Aanwizing,,,00. Ny Golive,27/09/2026,,,,
13138348,r_2500_-454_1275_MAULAFA TRADISIONAL E,8,  -   ,7275131,909.391.375,AREA 3,BALI NUSRA,KUPANG,PT3,Telkom Akses,109,10. PT3/Batch 5 thp 1,Prio September,NY Go Live,0,Y,y,20 Branch,#N/A,02. Matdel,Ready,530,-,,04/10/2026,,Belum Aanwizing,,,00. Ny Golive,04/10/2026,,,,
13138476,r_2500_-452_1273_Tradisioanal-B,8,  -   ,4790023,598.752.875,AREA 3,BALI NUSRA,KUPANG,PT3,Telkom Akses,111,10. PT3/Batch 5 thp 1,Prio September,NY Go Live,0,Y,y,20 Branch,#N/A,02. Matdel,Ready,310,-,,04/10/2026,,"Aanwizing, Kendala Manpower",,,00. Ny Golive,04/10/2026,,,,
13121894,r_2500_-438_1312_Tradisional,8,  -   ,6439134,"804891,75",AREA 3,BALI NUSRA,KUPANG,PT3,Telkom Akses,113,10. PT3/Batch 5 thp 1,Prio September,NY Go Live,0,Y,y,20 Branch,#N/A,01. Persiapan,NY Ready,470,-,27-Sep-26,23/09/2026,,"Aanwzing, Kendala Manpower",,,00. Ny Golive,23/09/2026,,,,
13135158,r_2500_-453_1276_OEBOBO B,8,  -   ,4282373,535.296.625,AREA 3,BALI NUSRA,KUPANG,PT3,Telkom Akses,114,10. PT3/Batch 5 thp 1,Prio September,NY Go Live,0,Y,y,20 Branch,#N/A,02. Matdel,Ready,260,-,,29/09/2026,,Belum Aanwizing,,,00. Ny Golive,29/09/2026,,,,
13135221,r_2500_-453_1276_OEBOBO C,8,  -   ,5119888,639986,AREA 3,BALI NUSRA,KUPANG,PT3,Telkom Akses,115,10. PT3/Batch 5 thp 1,Prio September,NY Go Live,0,Y,y,20 Branch,#N/A,01. Persiapan,NY Ready,340,-,27-Sep-26,23/09/2026,,"Aanwizing, Kendala Manpower",,,00. Ny Golive,23/09/2026,,,,
13135256,r_2500_-453_1276_OEBOBO D,8,  -   ,3115637,389.454.625,AREA 3,BALI NUSRA,KUPANG,PT3,Telkom Akses,116,10. PT3/Batch 5 thp 1,Prio September,NY Go Live,0,Y,y,20 Branch,#N/A,01. Persiapan,NY Ready,150,-,27-Sep-26,23/09/2026,,"Aanwizing, Kendala Manpower",,,00. Ny Golive,23/09/2026,,,,
13135321,r_2500_-453_1276_OEBOBO E,8,  -   ,5397041,674.630.125,AREA 3,BALI NUSRA,KUPANG,PT3,Telkom Akses,117,10. PT3/Batch 5 thp 1,Prio September,NY Go Live,0,Y,y,20 Branch,#N/A,01. Persiapan,NY Ready,350,-,27-Sep-26,23/09/2026,,"Aanwizing, Kendala Manpower",,,00. Ny Golive,23/09/2026,,,,
13135368,r_2500_-453_1276_OEBOBO F,8,  -   ,7172600,896575,AREA 3,BALI NUSRA,KUPANG,PT3,Telkom Akses,118,10. PT3/Batch 5 thp 1,Prio September,NY Go Live,0,Y,y,20 Branch,#N/A,01. Persiapan,NY Ready,170,-,27-Sep-26,24/09/2026,,"Aanwizing, Kendala Manpower",,,00. Ny Golive,24/09/2026,,,,
13149744,r_2500_-439_1304_KOTA SOE-PT3-BRENCING-D,8,  -   ,8213175,1.026.646.875,AREA 3,BALI NUSRA,KUPANG,PT3,Telkom Akses,119,10. PT3/Batch 5 thp 1,Prio September,NY Go Live,0,Y,y,20 Branch,#N/A,01. Persiapan,NY Ready,270,-,27-Sep-26,23/09/2026,,"Aanwizing, Kendala Manpower",,,00. Ny Golive,23/09/2026,,,,
13139203,r_2500_-454_1273_ALAK D,8,  -   ,7224421,903.052.625,AREA 3,BALI NUSRA,KUPANG,PT3,Telkom Akses,120,10. PT3/Batch 5 thp 1,Prio September,NY Go Live,0,Y,y,20 Branch,#N/A,01. Persiapan,NY Ready,300,-,27-Sep-26,24/09/2026,,"Aanwizing, Kendala Manpower",,,00. Ny Golive,24/09/2026,,,,
13142602,r_2500_-453_1272_ALAK B,8,  -   ,5018148,"627268,5",AREA 3,BALI NUSRA,KUPANG,PT3,Telkom Akses,121,10. PT3/Batch 5 thp 1,Prio September,NY Go Live,0,Y,y,20 Branch,#N/A,01. Persiapan,NY Ready,330,-,27-Sep-26,24/09/2026,,"Aanwizing, Kendala Manpower",,,00. Ny Golive,24/09/2026,,,,
12916255,250_-4497_12818_KPN_GMIT Zaitun,40,  -   ,70455599,1.761.389.975,AREA 3,BALI NUSRA,KUPANG,PT3,Telkom Akses,59,14. PT3/Batch 5 thp 2,Prio September,NY Go Live,0,Y,y,20 Branch,#N/A,01. Persiapan,NY Ready,500,2.790,27-Sep-26,21/09/2026,,"Aanwizing, Kendala Manpower",,,00. Ny Golive,21/09/2026,,,,
13134476,r_2500_-451_1279_KUTENG-Tradisioanal-B,16,  -   ,15716510,982.281.875,AREA 3,BALI NUSRA,KUPANG,PT3,Telkom Akses,60,14. PT3/Batch 5 thp 2,Prio September,NY Go Live,0,Y,y,20 Branch,#N/A,01. Persiapan,NY Ready,1240,-,27-Sep-26,24/09/2026,,"Aanwizing, Kendala Manpower",,,00. Ny Golive,24/09/2026,,,,
13138996,r_2500_-454_1273_ALAK A,8,  -   ,12320217,1.540.027.125,AREA 3,BALI NUSRA,KUPANG,PT3,Telkom Akses,61,14. PT3/Batch 5 thp 2,Prio September,NY Go Live,0,Y,y,20 Branch,#N/A,01. Persiapan,NY Ready,400,-,27-Sep-26,24/09/2026,,"Aanwizing, Kendala Manpower",,,00. Ny Golive,24/09/2026,,,,
13139901,r_2500_-453_1275_OEBOBO A,8,  -   ,10141084,"1267635,5",AREA 3,BALI NUSRA,KUPANG,PT3,Telkom Akses,62,14. PT3/Batch 5 thp 2,Prio September,NY Go Live,0,Y,y,20 Branch,#N/A,01. Persiapan,NY Ready,790,-,27-Sep-26,23/09/2026,,"Aanwizing, Kendala Manpower",,,00. Ny Golive,23/09/2026,,,,
13134159,r_2500_-405_1331_ATB BARAT-Tradisional-C,8,  -   ,9608049,1.201.006.125,AREA 3,BALI NUSRA,KUPANG,PT3,Telkom Akses,63,14. PT3/Batch 5 thp 2,Prio September,NY Go Live,0,Y,y,20 Branch,#N/A,01. Persiapan,NY Ready,280,-,27-Sep-26,02/10/2026,,"Aanwizing, Kendala Manpower",,,00. Ny Golive,02/10/2026,,,,
13002592,NTT_KPN MOZESCA YUNIOR TIMATE,8,  -   ,5347579,668.447.375,AREA 3,BALI NUSRA,KUPANG,PT3,Telkom Akses,64,14. PT3/Batch 5 thp 2,Prio September,NY Go Live,0,Y,y,20 Branch,#N/A,02. Matdel,Ready,360,-,,30/09/2026,,"Aanwizing, Kendala Manpower",,,00. Ny Golive,30/09/2026,,,,
11684120,PERUMAHAN NUSA PERSADA II NITNEO,48,  -   ,134416327,2800341,AREA 3,BALI NUSRA,KUPANG,PT3,Telkom Akses,4,28. PT3/Batch 8 thp 3,Prio September,NY Go Live,0,Y,y,20 Branch,#N/A,01. Persiapan,NY Ready,3150,0,27-Sep-26,24/09/2026,,,,,00. Ny Golive,29/09/2026,,,,
12923123,250_-4124_13306_BUNDARAN HALILULIK,56,  -   ,66963434,1.195.775.607,AREA 3,BALI NUSRA,KUPANG,PT3,Telkom Akses,127,8. PT3/Batch 4b thp 2,Prio September,NY Go Live,0,Y,y,20 Branch,#N/A,01. Persiapan,NY Ready,1070,1.590,27-Sep-26,28/09/2026,,"Aanwizing, Kendala Manpower",,,00. Ny Golive,28/09/2026,,,,
12917118,250_-4287_10878_WKB-Jln Gajah Mada,144,  -   ,146406798,1.016.713.875,AREA 3,BALI NUSRA,KUPANG,PT3,Telkom Akses,125,8. PT3/Batch 4b thp 2,Prio September,NY Go Live,0,Y,y,20 Branch,#N/A,02. Matdel,Ready,1650,4.140,,08/10/2026,,Proses Perijinan,,,00. Ny Golive,08/10/2026,,,,
12918875,250_-4290_13321_MAKTIHAN - REDESAIN,144,  -   ,243288476,1.689.503.306,AREA 3,BALI NUSRA,KUPANG,PT3,Telkom Akses,124,8. PT3/Batch 4b thp 2,Prio September,NY Go Live,0,Y,y,20 Branch,#N/A,01. Persiapan,NY Ready,2000,7.050,27-Sep-26,14/10/2026,,"Aanwizing, Kendala Manpower",,,00. Ny Golive,14/10/2026,,,,
12917050,250_-4273_10964-ANAKALANG REQ IBU SOVI,152,  -   ,221562106,1.457.645.434,AREA 3,BALI NUSRA,KUPANG,PT3,Telkom Akses,123,8. PT3/Batch 4b thp 2,Prio September,NY Go Live,0,Y,y,20 Branch,#N/A,01. Persiapan,NY Ready,1570,9.880,27-Sep-26,19/10/2026,,"Aanwizing, Kendala Manpower",,,00. Ny Golive,19/10/2026,,,,
12921992,250_-4388_13041_PENEBALAN PUSPENMAS SOE,176,  -   ,150555655,855.429.858,AREA 3,BALI NUSRA,KUPANG,PT3,Telkom Akses,122,8. PT3/Batch 4b thp 2,Prio September,NY Go Live,0,Y,y,20 Branch,#N/A,01. Persiapan,NY Ready,1630,5.700,27-Sep-26,30/09/2026,,"Aanwizing, Kendala Manpower",,,00. Ny Golive,30/09/2026,,,,
11684054,PERUMAHAN 1000 CAMPLONG,248,  -   ,589097843,2.375.394.528,AREA 3,BALI NUSRA,KUPANG,PT3,Telkom Akses,3,7. PT3/Batch 4b thp 1,Prio September,NY Go Live,0,Y,y,20 Branch,#N/A,00. Propose Drop,NY Ready,840,10.360,,24/09/2026,Kendala izin,Permit Reject,,,00. Ny Golive,Drop,,,,
11090770,satar mese Iteng,168,  -   ,354728060,2.111.476.548,AREA 3,BALI NUSRA,FLORES,PT3,Telkom Akses,1,7. PT3/Batch 4b,Prio Agustus,NY Go Live,0,Y,y,20 Branch,PT3,02. Matdel,Ready,2170,6.060,,24/10/2026,,"Aanwizing, Kendala Resources",,,00. Ny Golive,24/10/2026,,,,
12918652,250_-3655_13151_KLH_Kantor Berita Alor,160,  -   ,152391097,9.524.443.563,AREA 3,BALI NUSRA,FLORES,PT3,Telkom Akses,2,7. PT3/Batch 4b,Prio Agustus,NY Go Live,0,Y,y,20 Branch,PT3,01. Persiapan,NY Ready,2120,5.430,26-Sep-26,11/10/2026,,Masih OGP Aanwizing,,,00. Ny Golive,11/10/2026,,,,
12917871,250_-3699_12481-LRT-RSUD-Larantuka,160,  -   ,104424351,6.526.521.938,AREA 3,BALI NUSRA,FLORES,PT3,Telkom Akses,3,7. PT3/Batch 4b,Prio Agustus,NY Go Live,0,Y,y,20 Branch,PT3,01. Persiapan,NY Ready,3160,2.840,26-Sep-26,28/09/2026,,"Aanwizing, Kendala Resources",,,00. Ny Golive,28/09/2026,,,,
12918828,250_-3839_12128_UNIVERSITAS NUSA NIPA,152,  -   ,132168905,8.695.322.697,AREA 3,BALI NUSRA,FLORES,PT3,Telkom Akses,5,7. PT3/Batch 4b,Prio Agustus,NY Go Live,0,Y,y,20 Branch,PT3,01. Persiapan,NY Ready,2810,5.880,26-Sep-26,09/10/2026,,"Aanwizing, Kendala Resources",,,00. Ny Golive,09/10/2026,,,,
12918872,250_-3839_12137_SIKKA_Kec_Kangae,144,  -   ,167430618,1.162.712.625,AREA 3,BALI NUSRA,FLORES,PT3,Telkom Akses,6,7. PT3/Batch 4b,Prio Agustus,NY Go Live,0,Y,y,20 Branch,PT3,02. Matdel,Ready,4550,6.350,,13/10/2026,,"Aanwizing, Kendala Resources",,,00. Ny Golive,13/10/2026,,,,
12917792,250_-3905_11569_NGADA_RSUD Bajawa,136,  -   ,128556177,9.452.660.074,AREA 3,BALI NUSRA,FLORES,PT3,Telkom Akses,7,7. PT3/Batch 4b,Prio Agustus,NY Go Live,0,Y,y,20 Branch,PT3,02. Matdel,Ready,2360,4.550,,05/10/2026,,"Aanwizing, Kendala Resources",,,00. Ny Golive,05/10/2026,,,,
12918671,250_-3654_13148_KLH-RSUD Kalabahi,136,  -   ,92556284,6.805.609.118,AREA 3,BALI NUSRA,FLORES,PT3,Telkom Akses,8,7. PT3/Batch 4b,Prio Agustus,NY Go Live,0,Y,y,20 Branch,PT3,01. Persiapan,NY Ready,2530,3.500,26-Sep-26,10/10/2026,,Masih OGP Aanwizing,,,00. Ny Golive,10/10/2026,,,,
11450989,PAGAL_MANGGARAI,128,  -   ,352498043,2.753.890.961,AREA 3,BALI NUSRA,FLORES,PT3,Telkom Akses,9,4. PT3/Batch 3,Prio Agustus,NY Go Live,0,Y,y,20 Branch,PT3,03. OGP Instalasi,Ready,2500,4.050,,09/09/2026,,Terminasi ODP (Kendala Splicer),,,00. Ny Golive,09/09/2026,,,,
11138944,NUSA TENGGARA TIMUR_406,120,  -   ,381120522,"3176004,35",AREA 3,BALI NUSRA,FLORES,PT3,Telkom Akses,10,4. PT3/Batch 3,Prio Agustus,NY Go Live,0,Y,y,20 Branch,PT3,02. Matdel,Ready,6027,7.360,,31/10/2026,,"Aanwizing, Kendala Resources",,,00. Ny Golive,31/10/2026,,,,
12918446,250_-3701_12478_LRT-Sanjuan Lebao,120,  -   ,92674532,7.722.877.667,AREA 3,BALI NUSRA,FLORES,PT3,Telkom Akses,11,7. PT3/Batch 4b,Prio Agustus,NY Go Live,0,Y,y,20 Branch,PT3,01. Persiapan,NY Ready,2030,3.610,26-Sep-26,06/10/2026,,"Aanwizing, Kendala Resources",,,00. Ny Golive,06/10/2026,,,,
12916451,250_-3696_11358_MANGGARAI_Pasar-REO,112,  -   ,48915307,4.367.438.125,AREA 3,BALI NUSRA,FLORES,PT3,Telkom Akses,12,7. PT3/Batch 4b,Prio Agustus,NY Go Live,0,Y,y,20 Branch,PT3,02. Matdel,Ready,590,1.780,,28/09/2026,,"Aanwizing, Kendala Resources",,,00. Ny Golive,28/09/2026,,,,
13073421,3NTT-LRT-PT3-LARANTUKA ODC Less,104,  -   ,91930770,8.839.497.115,AREA 3,BALI NUSRA,FLORES,PT3,Telkom Akses,13,7. PT3/Batch 4b,Prio Agustus,NY Go Live,0,Y,y,20 Branch,PT3,01. Persiapan,NY Ready,5650,-,23-Sep-26,06/10/2026,,"Aanwizing, Kendala Resources",,,00. Ny Golive,06/10/2026,,,,
12918493,250_-3725_12665_LWB-Kota Lewoleba,104,  -   ,84509103,8.125.875.288,AREA 3,BALI NUSRA,FLORES,PT3,Telkom Akses,14,7. PT3/Batch 4b,Prio Agustus,NY Go Live,0,Y,y,20 Branch,PT3,02. Matdel,Ready,1070,3.950,,17/09/2026,,Antrian Pekerjaan,,,00. Ny Golive,17/09/2026,,,,
12918948,250_-3864_12106_SIKKA_Kantor Desa Tebuk,96,  96 ,128165865,1.335.061.094,AREA 3,BALI NUSRA,FLORES,PT3,Telkom Akses,15,7. PT3/Batch 4b,Prio Agustus,NY Go Live,0,Y,y,20 Branch,PT3,05. Go Live,Ready,1090,7.200,,,,Terminasi ODP,,,01. Golive,03/09/2026,,,,
11472243,ILE MANDIRI,88,  -   ,51646796,5.868.954.091,AREA 3,BALI NUSRA,FLORES,PT3,Telkom Akses,16,3. PT3/Batch 2,Prio Agustus,NY Go Live,0,Y,y,20 Branch,PT3,00. Propose Drop,NY Ready,,,,24/09/2026,CPP Tinggi,CPP Tinggi,,,,29/09/2026,,152,196.092.992,1.290.085
11407714,MANGGARAI TIMUR SATAR PUNDA BARAT,80,  -   ,95401375,1.192.517.188,AREA 3,BALI NUSRA,FLORES,PT3,Telkom Akses,17,4. PT3/Batch 3,Prio Agustus,NY Go Live,0,Y,y,20 Branch,PT3,02. Matdel,Ready,1300,1.500,,20/09/2026,,Kendala Resources,,,00. Ny Golive,20/09/2026,,,,
13120216,2500_-371_1247_LARANTUKA Less,80,  -   ,75998001,9.499.750.125,AREA 3,BALI NUSRA,FLORES,PT3,Telkom Akses,18,10. PT3/Batch 5,Prio Agustus,NY Go Live,0,Y,y,20 Branch,PT3,01. Persiapan,NY Ready,-,3.830,26-Sep-26,01/10/2026,,"Aanwizing, Kendala Resources",,,00. Ny Golive,01/10/2026,,,,
13094670,r_2500_-366_1316_TELUK MUTIARA Less,72,  -   ,21838428,"303311,5",AREA 3,BALI NUSRA,FLORES,PT3,Telkom Akses,19,7. PT3/Batch 4b,Prio Agustus,NY Go Live,0,Y,y,20 Branch,PT3,01. Persiapan,NY Ready,-,-,23-Sep-26,22/09/2026,,"Aanwizing, Kendala Resources",,,00. Ny Golive,22/09/2026,,,,
12917859,250_-3908_11578_NGADA_BUlog Bajawa,64,  -   ,53474522,8.355.394.063,AREA 3,BALI NUSRA,FLORES,PT3,Telkom Akses,20,7. PT3/Batch 4b,Prio Agustus,NY Go Live,0,Y,y,20 Branch,PT3,02. Matdel,Ready,2640,-,,29/09/2026,,"Aanwizing, Kendala Resources",,,00. Ny Golive,29/09/2026,,,,
13111140,r_2500_-394_1167_MAUPONGGO B,64,  -   ,62673538,9.792.740.313,AREA 3,BALI NUSRA,FLORES,PT3,Telkom Akses,21,10. PT3/Batch 5,Prio Agustus,NY Go Live,0,Y,y,20 Branch,PT3,01. Persiapan,NY Ready,200,1.350,26-Sep-26,02/10/2026,,"Aanwizing, Kendala Resources",,,00. Ny Golive,02/10/2026,,,,
11232212,NUSA TENGGARA TIMUR ALOR BARAT DAYA,56,  -   ,71861709,1.283.244.804,AREA 3,BALI NUSRA,FLORES,PT3,Telkom Akses,22,3. PT3/Batch 2,Prio Agustus,NY Go Live,0,Y,y,20 Branch,PT3,02. Matdel,Ready,603,3.900,,02/10/2026,,"Aanwizing, Kendala Resources",,,00. Ny Golive,02/10/2026,,,,
12917912,250_-3732_12548_LRT-Kantor Pos Waiwerang,56,  -   ,26105936,4.661.774.286,AREA 3,BALI NUSRA,FLORES,PT3,Telkom Akses,24,7. PT3/Batch 4b,Prio Agustus,NY Go Live,0,Y,y,20 Branch,PT3,01. Persiapan,NY Ready,1720,-,23-Sep-26,29/09/2026,,"Aanwizing, Kendala Resources",,,00. Ny Golive,29/09/2026,,,,
12917975,250_-3710_12468_LRT-SDK Larantuka1,56,  -   ,28700399,512.507.125,AREA 3,BALI NUSRA,FLORES,PT3,Telkom Akses,25,7. PT3/Batch 4b,Prio Agustus,NY Go Live,0,Y,y,20 Branch,PT3,01. Persiapan,NY Ready,1600,-,23-Sep-26,30/09/2026,,"Aanwizing, Kendala Resources",,,00. Ny Golive,30/09/2026,,,,
12920621,250_-3816_12108 MMR-Jl.Maumere-Magepanda,56,  -   ,50494076,9.016.799.286,AREA 3,BALI NUSRA,FLORES,PT3,Telkom Akses,26,7. PT3/Batch 4b,Prio Agustus,NY Go Live,0,Y,y,20 Branch,PT3,01. Persiapan,NY Ready,4000,-,23-Sep-26,01/10/2026,,"Aanwizing, Kendala Resources",,,00. Ny Golive,01/10/2026,,,,
12920644,250_-3863_12126_MMR-Sikka Nelle Lorang,56,  -   ,45899040,8.196.257.143,AREA 3,BALI NUSRA,FLORES,PT3,Telkom Akses,27,7. PT3/Batch 4b,Prio Agustus,NY Go Live,0,Y,y,20 Branch,PT3,02. Matdel,NY Ready,2730,-,23-Sep-26,01/10/2026,,"Aanwizing, Kendala Resources",,,00. Ny Golive,01/10/2026,,,,
11483446,RONAL POLYGON,48,  -   ,39586374,824.716.125,AREA 3,BALI NUSRA,FLORES,PT3,Telkom Akses,28,3. PT3/Batch 2,Prio Agustus,NY Go Live,0,Y,y,20 Branch,PT3,02. Matdel,Ready,3025,-,,29/09/2026,,"Aanwizing, Kendala Resources",,,00. Ny Golive,29/09/2026,,,,
11456502,NUSA TENGGARA TIMUR_69,40,  -   ,37704499,942.612.475,AREA 3,BALI NUSRA,FLORES,PT3,Telkom Akses,30,3. PT3/Batch 2,Prio Agustus,NY Go Live,0,Y,y,20 Branch,PT3,01. Persiapan,NY Ready,894,-,23-Sep-26,01/10/2026,,"Aanwizing, Kendala Resources",,,00. Ny Golive,01/10/2026,,,,
10952188,R5-NTT-LWB-PT3-LEMBATA NUBATUKAN 3,40,  -   ,42949925,1.073.748.125,AREA 3,BALI NUSRA,FLORES,PT3,Telkom Akses,32,4. PT3/Batch 3,Prio Agustus,NY Go Live,0,Y,y,20 Branch,PT3,02. Matdel,Ready,2050,-,,14/09/2026,,"Plan Submit Redesign Tgl. 1-Sep-26
dari WH SO Ende perlu TAG",,,00. Ny Golive,14/09/2026,,,,
11484017,NUSA TENGGARA TIMUR_214 B,40,  -   ,18887757,472.193.925,AREA 3,BALI NUSRA,FLORES,PT3,Telkom Akses,33,3. PT3/Batch 2,Prio Agustus,NY Go Live,0,Y,y,20 Branch,PT3,01. Persiapan,NY Ready,1213,-,23-Sep-26,28/09/2026,,"Aanwizing, Kendala Resources",,,00. Ny Golive,28/09/2026,,,,
11468800,NUSA TENGARA TIMUR_491,40,  -   ,34505447,862.636.175,AREA 3,BALI NUSRA,FLORES,PT3,Telkom Akses,34,3. PT3/Batch 2,Prio Agustus,NY Go Live,0,Y,y,20 Branch,PT3,00. Propose Drop,NY Ready,,,,,CPP Tinggi,CPP Tinggi,,,,29/09/2026,,40,34.505.447,862.636
11956112,NGADA_17545_H2_2025,40,  -   ,69286185,1.732.154.625,AREA 3,BALI NUSRA,FLORES,PT3,Telkom Akses,35,7. PT3/Batch 4b,Prio Agustus,NY Go Live,0,Y,y,20 Branch,PT3,01. Persiapan,NY Ready,-,4.000,26-Sep-26,02/10/2026,,"Aanwizing, Kendala Resources",,,00. Ny Golive,02/10/2026,,,,
13094608,r_2500_-366_1315_TELUK MUTIARA,40,  -   ,40217401,1.005.435.025,AREA 3,BALI NUSRA,FLORES,PT3,Telkom Akses,36,7. PT3/Batch 4b,Prio Agustus,NY Go Live,0,Y,y,20 Branch,PT3,01. Persiapan,NY Ready,1020,-,23-Sep-26,28/09/2026,,"Aanwizing, Kendala Resources",,,00. Ny Golive,28/09/2026,,,,
13073415,r_2500_-394_1167_MAUPONGGO,40,  -   ,62353251,1.558.831.275,AREA 3,BALI NUSRA,FLORES,PT3,Telkom Akses,37,8. PT3/Batch 4b,Prio Agustus,NY Go Live,0,Y,y,20 Branch,PT3,01. Persiapan,NY Ready,-,1.300,26-Sep-26,01/10/2026,,"Aanwizing, Kendala Resources",,,00. Ny Golive,01/10/2026,,,,
11339495,NUSA TENGGARA TIMUR_126,32,  -   ,34729022,1.085.281.938,AREA 3,BALI NUSRA,FLORES,PT3,Telkom Akses,38,3. PT3/Batch 2,Prio Agustus,NY Go Live,0,Y,y,20 Branch,PT3,00. Propose Drop,NY Ready,,,,,CPP Tinggi,CPP Tinggi,,,,29/09/2026,,32,34.729.022,1.085.282
12916434,250_-3805_11106_LBO-Grand Fotocopy Cell,32,  -   ,26309278,8.221.649.375,AREA 3,BALI NUSRA,FLORES,PT3,Telkom Akses,40,7. PT3/Batch 4b,Prio Agustus,NY Go Live,0,Y,y,20 Branch,PT3,01. Persiapan,NY Ready,2060,-,23-Sep-26,25/09/2026,,"Aanwizing, Kendala Resources",,,00. Ny Golive,25/09/2026,,,,
12917948,250_-3732_12546_LRT-Pelabuhan Waiwerang,32,  -   ,10790972,337.217.875,AREA 3,BALI NUSRA,FLORES,PT3,Telkom Akses,41,7. PT3/Batch 4b,Prio Agustus,NY Go Live,0,Y,y,20 Branch,PT3,01. Persiapan,NY Ready,610,-,23-Sep-26,27/09/2026,,"Aanwizing, Kendala Resources",,,00. Ny Golive,27/09/2026,,,,
12920628,250_-3831_12118_MMR Sikka Wolomarang,32,  -   ,36022704,"1125709,5",AREA 3,BALI NUSRA,FLORES,PT3,Telkom Akses,42,7. PT3/Batch 4b,Prio Agustus,NY Go Live,0,Y,y,20 Branch,PT3,02. Matdel,NY Ready,1400,-,23-Sep-26,30/09/2026,,"Aanwizing, Kendala Resources",,,00. Ny Golive,30/09/2026,,,,
13121877,r_2500_-391_1167_BOAWAE,32,  -   ,38759110,1.211.222.188,AREA 3,BALI NUSRA,FLORES,PT3,Telkom Akses,43,10. PT3/Batch 5,Prio Agustus,NY Go Live,0,Y,y,20 Branch,PT3,01. Persiapan,NY Ready,3220,-,23-Sep-26,30/09/2026,,"Aanwizing, Kendala Resources",,,00. Ny Golive,30/09/2026,,,,
11368135,NUSA TENGGARA TIMUR_469,24,  -   ,24519902,1.021.662.583,AREA 3,BALI NUSRA,FLORES,PT3,Telkom Akses,46,4. PT3/Batch 3,Prio Agustus,NY Go Live,0,Y,y,20 Branch,PT3,02. Matdel,Ready,1381,-,,29/09/2026,,"Aanwizing, Kendala Resources",,,00. Ny Golive,29/09/2026,,,,
12920732,250_-3930_11886_ENDE-kuburan Potu,24,  -   ,19968685,8.320.285.417,AREA 3,BALI NUSRA,FLORES,PT3,Telkom Akses,52,7. PT3/Batch 4b,Prio Agustus,NY Go Live,0,Y,y,20 Branch,PT3,01. Persiapan,Ready,580,-,,26/09/2026,,"Aanwizing, Kendala Resources",,,00. Ny Golive,26/09/2026,,,,
12928901,Welai Timur Kec Teluk Mutiara,24,  -   ,44632713,1.859.696.375,AREA 3,BALI NUSRA,FLORES,PT3,Telkom Akses,53,7. PT3/Batch 4b,Prio Agustus,NY Go Live,0,Y,y,20 Branch,PT3,01. Persiapan,NY Ready,3830,-,23-Sep-26,04/10/2026,,"Aanwizing, Kendala Resources",,,00. Ny Golive,04/10/2026,,,,
12928907,Welai Timur Kec Teluk Mutiara 1,24,  -   ,44632713,1.859.696.375,AREA 3,BALI NUSRA,FLORES,PT3,Telkom Akses,54,7. PT3/Batch 4b,Prio Agustus,NY Go Live,0,Y,y,20 Branch,PT3,01. Persiapan,NY Ready,3830,-,23-Sep-26,03/10/2026,,"Aanwizing, Kendala Resources",,,00. Ny Golive,03/10/2026,,,,
12928916,Welai Timur Kec Teluk Mutiara 2,24,  -   ,44632713,1.859.696.375,AREA 3,BALI NUSRA,FLORES,PT3,Telkom Akses,55,7. PT3/Batch 4b,Prio Agustus,NY Go Live,0,Y,y,20 Branch,PT3,01. Persiapan,NY Ready,3830,-,23-Sep-26,02/10/2026,,"Aanwizing, Kendala Resources",,,00. Ny Golive,02/10/2026,,,,
12916457,250_-3686_11340-PELABUHAN-REO,24,  -   ,15585436,6.493.931.667,AREA 3,BALI NUSRA,FLORES,PT3,Telkom Akses,56,7. PT3/Batch 4b,Prio Agustus,NY Go Live,0,Y,y,20 Branch,PT3,02. Matdel,Ready,1120,-,,11/09/2026,,Kendala Resources,,,00. Ny Golive,11/09/2026,,,,
13139862,r_2500_-383_1134_LANGKE REMBONG,24,  24 ,16749869,6.979.112.083,AREA 3,BALI NUSRA,FLORES,PT3,Telkom Akses,63,10. PT3/Batch 5,Prio Agustus,NY Go Live,0,Y,y,20 Branch,PT3,05. Go Live,Ready,1250,-,,,,"Aanwizing, Kendala Resources",,,01. Golive,Done,,,,
11055893,R5-NTT-LWB-10407336-PT3-LWB-FC-BANDARA WONOPITO,16,  -   ,22090875,1.380.679.688,AREA 3,BALI NUSRA,FLORES,PT3,Telkom Akses,70,4. PT3/Batch 3,Prio Agustus,NY Go Live,0,Y,y,20 Branch,PT3,02. Matdel,Ready,1475,-,,24/09/2026,,"Aanwizing, Kendala Resources",,,00. Ny Golive,24/09/2026,,,,
12918543,250_-3671_13121_KLH-Smp satap dulolong,16,  -   ,5275694,329.730.875,AREA 3,BALI NUSRA,FLORES,PT3,Telkom Akses,93,7. PT3/Batch 4b,Prio Agustus,NY Go Live,0,Y,y,20 Branch,PT3,01. Persiapan,NY Ready,280,-,23-Sep-26,27/09/2026,,Masih OGP Aanwizing,,,00. Ny Golive,27/09/2026,,,,
12916320,250_-3802_11105_LBO-Nggorang-Biara SMM,16,  -   ,19345084,"1209067,75",AREA 3,BALI NUSRA,FLORES,PT3,Telkom Akses,94,7. PT3/Batch 4b,Prio Agustus,NY Go Live,0,Y,y,20 Branch,PT3,01. Persiapan,NY Ready,860,-,23-Sep-26,25/09/2026,,"Aanwizing, Kendala Resources",,,00. Ny Golive,25/09/2026,,,,
12918309,250_-3729_12554_LRT-GPDI WAIWERANG,16,  -   ,5224704,326544,AREA 3,BALI NUSRA,FLORES,PT3,Telkom Akses,95,7. PT3/Batch 4b,Prio Agustus,NY Go Live,0,Y,y,20 Branch,PT3,01. Persiapan,NY Ready,260,-,23-Sep-26,27/09/2026,,"Aanwizing, Kendala Resources",,,00. Ny Golive,27/09/2026,,,,
12918320,250_-3710_12451_LRT-PLTD Waibalun,16,  -   ,11303589,7.064.743.125,AREA 3,BALI NUSRA,FLORES,PT3,Telkom Akses,96,7. PT3/Batch 4b,Prio Agustus,NY Go Live,0,Y,y,20 Branch,PT3,01. Persiapan,NY Ready,590,-,23-Sep-26,28/09/2026,,"Aanwizing, Kendala Resources",,,00. Ny Golive,28/09/2026,,,,
12918354,250_-3703_12443_LRT-SMPN 2 LARANTUKA,16,  -   ,9399600,587475,AREA 3,BALI NUSRA,FLORES,PT3,Telkom Akses,97,7. PT3/Batch 4b,Prio Agustus,NY Go Live,0,Y,y,20 Branch,PT3,01. Persiapan,NY Ready,290,-,23-Sep-26,28/09/2026,,"Aanwizing, Kendala Resources",,,00. Ny Golive,28/09/2026,,,,
12920623,250_-3838_12125 MMR Sikka Jl Gajah Mada,16,  -   ,21141316,"1321332,25",AREA 3,BALI NUSRA,FLORES,PT3,Telkom Akses,98,7. PT3/Batch 4b,Prio Agustus,NY Go Live,0,Y,y,20 Branch,PT3,02. Matdel,NY Ready,880,-,23-Sep-26,27/09/2026,,"Aanwizing, Kendala Resources",,,00. Ny Golive,27/09/2026,,,,
13139840,2500_-384_1134_LANGKE REMBONG PT3 BREN B,16,  16 ,13635414,852.213.375,AREA 3,BALI NUSRA,FLORES,PT3,Telkom Akses,106,10. PT3/Batch 5,Prio Agustus,NY Go Live,0,Y,y,20 Branch,PT3,05. Go Live,Ready,800,-,,,,"Aanwizing, Kendala Resources",,,01. Golive,Done,,,,
11965884,3NTT-RTE-FD-PT3-MANGGARAI_17345,8,  -   ,7005629,875.703.625,AREA 3,BALI NUSRA,FLORES,PT3,Telkom Akses,108,3. PT3/Batch 2,Prio Agustus,NY Go Live,0,Y,y,20 Branch,PT3,02. Matdel,Ready,432,-,,16/09/2026,,"Perlu Redesign, Plan Submit Redesign Tgl . 3 Sep 26",,,00. Ny Golive,16/09/2026,,,,
12317029,lop sf theo,8,  -   ,6271589,783.948.625,AREA 3,BALI NUSRA,FLORES,PT3,Telkom Akses,110,3. PT3/Batch 2,Prio Agustus,NY Go Live,0,Y,y,20 Branch,PT3,01. Persiapan,NY Ready,202,-,23-Sep-26,27/09/2026,,"Aanwizing, Kendala Resources",,,00. Ny Golive,27/09/2026,,,,
12920691,250_-3924_11854_ENDE_JL_ENDE BAJAWA,8,  -   ,7326307,915.788.375,AREA 3,BALI NUSRA,FLORES,PT3,Telkom Akses,111,7. PT3/Batch 4b,Prio Agustus,NY Go Live,0,Y,y,20 Branch,PT3,01. Persiapan,Ready,170,-,,24/09/2026,,"Aanwizing, Kendala Resources",,,00. Ny Golive,24/09/2026,,,,
12918611,250_-3661_13097_KLH_Jl.KLB.Kokar,8,  -   ,3304158,"413019,75",AREA 3,BALI NUSRA,FLORES,PT3,Telkom Akses,112,7. PT3/Batch 4b,Prio Agustus,NY Go Live,0,Y,y,20 Branch,PT3,01. Persiapan,NY Ready,180,-,23-Sep-26,26/09/2026,,Masih OGP Aanwizing,,,00. Ny Golive,26/09/2026,,,,
12928934,Pantai Kadelang Kalabahi Timur,8,  -   ,12831807,1.603.975.875,AREA 3,BALI NUSRA,FLORES,PT3,Telkom Akses,113,7. PT3/Batch 4b,Prio Agustus,NY Go Live,0,Y,y,20 Branch,PT3,01. Persiapan,NY Ready,800,-,23-Sep-26,28/09/2026,,"Aanwizing, Kendala Resources",,,00. Ny Golive,28/09/2026,,,,
12916332,250_-3802_11098_LBO-MABAR-Merombok,8,  -   ,8091608,1011451,AREA 3,BALI NUSRA,FLORES,PT3,Telkom Akses,114,7. PT3/Batch 4b,Prio Agustus,NY Go Live,0,Y,y,20 Branch,PT3,01. Persiapan,NY Ready,620,-,23-Sep-26,24/09/2026,,"Aanwizing, Kendala Resources",,,00. Ny Golive,24/09/2026,,,,
12797436,3NTT-LRT-FL-PT3-Asa Hotel - Restaurant,8,  -   ,7808909,976.113.625,AREA 3,BALI NUSRA,FLORES,PT3,Telkom Akses,115,4. PT3/Batch 3,Prio Agustus,NY Go Live,0,Y,y,20 Branch,PT3,01. Persiapan,NY Ready,592,-,23-Sep-26,26/09/2026,,"Aanwizing, Kendala Resources",,,00. Ny Golive,26/09/2026,,,,
12797429,3NTT-LRT-FL-PT3-Asa Hotel - Restaurant,8,  -   ,5425041,678.130.125,AREA 3,BALI NUSRA,FLORES,PT3,Telkom Akses,115,7. PT3/Batch 4b,Prio Agustus,NY Go Live,0,Y,y,20 Branch,PT3,01. Persiapan,NY Ready,592,-,23-Sep-26,26/09/2026,,"Aanwizing, Kendala Resources",,,00. Ny Golive,29/09/2026,,,,
12797412,3NTT-MMR-FQ-PT3-Jln Wairhubing,8,  -   ,12481162,"1560145,25",AREA 3,BALI NUSRA,FLORES,PT3,Telkom Akses,116,7. PT3/Batch 4b,Prio Agustus,NY Go Live,0,Y,y,20 Branch,PT3,02. Matdel,NY Ready,1030,-,23-Sep-26,27/09/2026,,"Aanwizing, Kendala Resources",,,00. Ny Golive,27/09/2026,,,,
12928942,Golo Watu Kec Wae Rii,8,  -   ,6186351,773.293.875,AREA 3,BALI NUSRA,FLORES,PT3,Telkom Akses,117,7. PT3/Batch 4b,Prio Agustus,NY Go Live,0,Y,y,20 Branch,PT3,02. Matdel,Ready,200,-,,28/09/2026,,"Aanwizing, Kendala Resources",,,00. Ny Golive,28/09/2026,,,,
11483847,PT2_REO-FA-42,8,  -   ,4106015,513.251.875,AREA 3,BALI NUSRA,FLORES,PT3,Telkom Akses,118,3. PT3/Batch 2,Prio Agustus,NY Go Live,0,Y,y,20 Branch,PT3,04. Finish Instalasi,Ready,-,-,,03/09/2026,,Terminasi ODP,,,00. Ny Golive,03/09/2026,,,,
11483910,SF SALY,8,  -   ,17465259,2.183.157.375,AREA 3,BALI NUSRA,FLORES,PT3,Telkom Akses,119,4. PT3/Batch 3,Prio Agustus,NY Go Live,0,Y,y,20 Branch,PT3,02. Matdel,Ready,1491,-,,28/09/2026,,"Aanwizing, Kendala Resources",,,00. Ny Golive,28/09/2026,,,,
12609954,SIKKA_81151_H2_2025,8,  -   ,8341831,1.042.728.875,AREA 3,BALI NUSRA,FLORES,PT3,Telkom Akses,122,4. PT3/Batch 3,Prio Agustus,NY Go Live,0,Y,y,20 Branch,PT3,02. Matdel,Ready,272,-,,28/09/2026,,"Aanwizing, Kendala Resources",,,00. Ny Golive,28/09/2026,,,,
10590390,10590390-PT3-LRT-FB-PULAU ADONARA,8,  -   ,10943202,"1367900,25",AREA 3,BALI NUSRA,FLORES,PT3,Telkom Akses,168,4. PT3/Batch 3,Prio Agustus,NY Go Live,0,Y,y,20 Branch,PT3,00. Propose Drop,NY Ready,,,,,CPP Tinggi,CPP Tinggi,,,,29/09/2026,,8,10.943.202,1.367.900
11931492,3NTT-MMR-FM-PT3-ENDE_72359_H2_2025,8,  -   ,11116998,"1389624,75",AREA 3,BALI NUSRA,FLORES,PT3,Telkom Akses,169,3. PT3/Batch 2,Prio Agustus,NY Go Live,0,Y,y,20 Branch,PT3,01. Persiapan,NY Ready,881,-,23-Sep-26,27/09/2026,,"Aanwizing, Kendala Resources",,,00. Ny Golive,27/09/2026,,,,
13139834,r_2500_-366_1314_TELUK MUTIARA,8,  -   ,4738175,592.271.875,AREA 3,BALI NUSRA,FLORES,PT3,Telkom Akses,170,10. PT3/Batch 5,Prio Agustus,NY Go Live,0,Y,y,20 Branch,PT3,01. Persiapan,NY Ready,300,-,23-Sep-26,23/09/2026,,"Aanwizing, Kendala Resources",,,00. Ny Golive,23/09/2026,,,,
13140924,2500_-383_1132_RUTENG PT3 BRENCING A,8,  -   ,6791042,"848880,25",AREA 3,BALI NUSRA,FLORES,PT3,Telkom Akses,172,10. PT3/Batch 5,Prio Agustus,NY Go Live,0,Y,y,20 Branch,PT3,02. Matdel,Ready,510,-,,22/09/2026,,"Aanwizing, Kendala Resources",,,00. Ny Golive,22/09/2026,,,,
13139854,2500_-384_1134_LANGKE REMBONG PT3 BREN C,8,  8 ,12781960,1597745,AREA 3,BALI NUSRA,FLORES,PT3,Telkom Akses,173,14. PT3/Batch 5,Prio Agustus,NY Go Live,0,Y,y,20 Branch,PT3,05. Go Live,Ready,1040,-,,,,Finish Instal,,,01. Golive,Done,,,,
13016871,NTT_KPN PERUMAHAN BLESSING SIKUMANA,16,  -   ,5976021,3.735.013.125,AREA 3,BALI NUSRA,KUPANG,PT3,Telkom Akses,175,7. PT3/Batch 4b,Prio Agustus,NY Go Live,0,Y,y,20 Branch,PT3,02. Matdel,Ready,330,-,,01/10/2026,,Belum Aanwizing,,,00. Ny Golive,01/10/2026,,,,
11232115,NTT_BATUPLAT ALAK,24,  -   ,64914254,2.704.760.583,AREA 3,BALI NUSRA,KUPANG,PT3,Telkom Akses,177,4. PT3/Batch 3,Prio Agustus,NY Go Live,0,Y,y,20 Branch,PT3,03. OGP Instalasi,Ready,,,,26/09/2026,,Tanam Tiang,,,,29/09/2026,,,,
11284184,NTT_OSP SALSABILA LILIYANI MURDOLELONO,16,  -   ,11603221,7.252.013.125,AREA 3,BALI NUSRA,KUPANG,PT3,Telkom Akses,178,4. PT3/Batch 3,Prio Agustus,NY Go Live,0,Y,y,20 Branch,PT3,02. Matdel,Ready,622,-,,29/09/2026,,"Aanwizing, Kendala Manpower",,,00. Ny Golive,29/09/2026,,,,
11286697,NTT_OSP WELHANNY RIALISA NDOLU,24,  -   ,27661825,1.152.576.042,AREA 3,BALI NUSRA,KUPANG,PT3,Telkom Akses,179,4. PT3/Batch 3,Prio Agustus,NY Go Live,0,Y,y,20 Branch,PT3,00. Propose Drop,NY Ready,,,,,CPP Tinggi,CPP Tinggi,,,,29/09/2026,,24,27.661.825,1.152.576
11929356,NTT_ATB BALAI PETERNAKAN - PERKEBUNAN,8,  -   ,13934821,1.741.852.625,AREA 3,BALI NUSRA,KUPANG,PT3,Telkom Akses,180,3. PT3/Batch 2,Prio Agustus,NY Go Live,0,Y,y,20 Branch,PT3,02. Matdel,Ready,558,-,,29/09/2026,,"Aanwizing, Kendala Manpower",,,00. Ny Golive,29/09/2026,,,,
11296338,11296338-PT3-ATB-FK-Petrus Y. lopez,8,  -   ,3151858,"393982,25",AREA 3,BALI NUSRA,KUPANG,PT3,Telkom Akses,181,3. PT3/Batch 2,Prio Agustus,NY Go Live,0,Y,y,20 Branch,PT3,02. Matdel,Ready,161,-,,20/09/2026,,"Aanwizing, Kendala Manpower",,,00. Ny Golive,20/09/2026,,,,
11147569,NTT_PENEBALAN ODP-ATB-FC-46,16,  -   ,26819019,1.676.188.688,AREA 3,BALI NUSRA,KUPANG,PT3,Telkom Akses,182,4. PT3/Batch 3,Prio Agustus,NY Go Live,0,Y,y,20 Branch,PT3,02. Matdel,Ready,1326,-,,02/10/2026,,"Aanwizing, Kendala Manpower",,,00. Ny Golive,02/10/2026,,,,
11148370,NTT_PUSKESMAS KOTA LAMA ATAMBUA,16,  -   ,13874907,8.671.816.875,AREA 3,BALI NUSRA,KUPANG,PT3,Telkom Akses,183,4. PT3/Batch 3,Prio Agustus,NY Go Live,0,Y,y,20 Branch,PT3,02. Matdel,Ready,#N/A,#N/A,,26/09/2026,,Request Material/Delivery Material WH ke Site/MOS,,,,05/10/2026,,,,
11161306,NTT_SDK Manleten Belu,16,  -   ,15379431,9.612.144.375,AREA 3,BALI NUSRA,KUPANG,PT3,Telkom Akses,184,4. PT3/Batch 3,Prio Agustus,NY Go Live,0,Y,y,20 Branch,PT3,02. Matdel,NY Ready,850,-,27-Sep-26,04/10/2026,,"Aanwizing, Kendala Manpower",,,00. Ny Golive,04/10/2026,,,,
11245563,NUSA TENGGARA TIMUR_634_WEMEDA,24,  -   ,19432407,809.683.625,AREA 3,BALI NUSRA,KUPANG,PT3,Telkom Akses,185,4. PT3/Batch 3,Prio Agustus,NY Go Live,0,Y,y,20 Branch,PT3,02. Matdel,NY Ready,1524,-,27-Sep-26,05/10/2026,,"Aanwizing, Kendala Manpower",,,00. Ny Golive,05/10/2026,,,,
11318282,"NTT_SMAN 1 TASIFETO BARAT, KIMBANA",16,  -   ,17629887,1.101.867.938,AREA 3,BALI NUSRA,KUPANG,PT3,Telkom Akses,186,4. PT3/Batch 3,Prio Agustus,NY Go Live,0,Y,y,20 Branch,PT3,02. Matdel,NY Ready,706,-,27-Sep-26,04/10/2026,,"Aanwizing, Kendala Manpower",,,00. Ny Golive,04/10/2026,,,,
12671260,TIMOR TENGAH UTARA_36143_H2_2025,16,  -   ,6798204,"424887,75",AREA 3,BALI NUSRA,KUPANG,PT3,Telkom Akses,187,4. PT3/Batch 3,Prio Agustus,NY Go Live,0,Y,y,20 Branch,PT3,02. Matdel,NY Ready,411,-,27-Sep-26,08/10/2026,,"Aanwizing, Kendala Manpower",,,00. Ny Golive,08/10/2026,,,,
12097573,NTT_SOROSIKUN-HALIULUN-FATUBENAO,144,  -   ,161126437,"1118933,59",AREA 3,BALI NUSRA,KUPANG,PT3,Telkom Akses,188,3. PT3/Batch 2,Prio Agustus,NY Go Live,0,Y,y,20 Branch,PT3,02. Matdel,NY Ready,2503,4.000,27-Sep-26,22/10/2026,,"Aanwizing, Kendala Manpower",,,00. Ny Golive,22/10/2026,,,,
11976760,R3-NTT-PT3-ATB-NTT_KEF LOKO MEA REQ JOVY,32,  -   ,19921949,6.225.609.063,AREA 3,BALI NUSRA,KUPANG,PT3,Telkom Akses,189,3. PT3/Batch 2,Prio Agustus,NY Go Live,0,Y,y,20 Branch,PT3,02. Matdel,NY Ready,1431,-,27-Sep-26,07/10/2026,,"Aanwizing, Kendala Manpower",,,00. Ny Golive,07/10/2026,,,,
11957937,R3-NTT-PT3-ATB-NTT_KEF HAUTEAS,8,  -   ,14311944,1788993,AREA 3,BALI NUSRA,KUPANG,PT3,Telkom Akses,190,3. PT3/Batch 2,Prio Agustus,NY Go Live,0,Y,y,20 Branch,PT3,02. Matdel,NY Ready,1181,-,27-Sep-26,07/10/2026,,"Aanwizing, Kendala Manpower",,,00. Ny Golive,07/10/2026,,,,
11351773,11351773-PT3-KEF-FG-BENPASI-KOTA KEFA,8,  -   ,10168747,1.271.093.375,AREA 3,BALI NUSRA,KUPANG,PT3,Telkom Akses,191,3. PT3/Batch 2,Prio Agustus,NY Go Live,0,Y,y,20 Branch,PT3,02. Matdel,NY Ready,837,-,27-Sep-26,20/09/2026,,"Aanwizing, Kendala Manpower",,,00. Ny Golive,20/09/2026,,,,
11160177,NTT_SMK OEOLO KEFA,16,  -   ,21472524,"1342032,75",AREA 3,BALI NUSRA,KUPANG,PT3,Telkom Akses,192,3. PT3/Batch 2,Prio Agustus,NY Go Live,0,Y,y,20 Branch,PT3,00. Propose Drop,NY Ready,,,,,CPP Tinggi,CPP Tinggi,,,,29/09/2026,,16,21.472.524,1.342.033
11535826,NTT_KEF YOSEF WALI,8,  -   ,9812496,1226562,AREA 3,BALI NUSRA,KUPANG,PT3,Telkom Akses,193,3. PT3/Batch 2,Prio Agustus,NY Go Live,0,Y,y,20 Branch,PT3,02. Matdel,NY Ready,402,-,27-Sep-26,27/09/2026,,"Aanwizing, Kendala Manpower",,,00. Ny Golive,27/09/2026,,,,
11147861,LOP SILAWAN,72,  -   ,141566917,1.966.207.181,AREA 3,BALI NUSRA,KUPANG,PT3,Telkom Akses,194,4. PT3/Batch 3,Prio Agustus,NY Go Live,0,Y,y,20 Branch,PT3,02. Matdel,NY Ready,5721,3.300,27-Sep-26,07/10/2026,,"Aanwizing, Kendala Manpower",,,00. Ny Golive,07/10/2026,,,,
11151674,NTT_SD INPRES KOTAREN BELU,16,  -   ,41540240,2596265,AREA 3,BALI NUSRA,KUPANG,PT3,Telkom Akses,195,4. PT3/Batch 3,Prio Agustus,NY Go Live,0,Y,y,20 Branch,PT3,02. Matdel,NY Ready,3041,-,27-Sep-26,02/10/2026,,"Aanwizing, Kendala Manpower",,,00. Ny Golive,02/10/2026,,,,
11153799,UNSC_ SATURNINO PAULO DEDEUS,24,  -   ,51517839,2.146.576.625,AREA 3,BALI NUSRA,KUPANG,PT3,Telkom Akses,196,4. PT3/Batch 3,Prio Agustus,NY Go Live,0,Y,y,20 Branch,PT3,02. Matdel,NY Ready,3540,-,27-Sep-26,12/10/2026,,"Aanwizing, Kendala Manpower",,,00. Ny Golive,12/10/2026,,,,
11610000,NTT_BEN WEBRIAMATA,136,  -   ,177259447,1.303.378.287,AREA 3,BALI NUSRA,KUPANG,PT3,Telkom Akses,197,4. PT3/Batch 3,Prio Agustus,NY Go Live,0,Y,y,20 Branch,PT3,02. Matdel,NY Ready,4316,4.770,27-Sep-26,11/10/2026,,"Aanwizing, Kendala Manpower",,,00. Ny Golive,11/10/2026,,,,
11536720,NTT_KEF YOHANES USBOKO,8,  -   ,17754782,"2219347,75",AREA 3,BALI NUSRA,KUPANG,PT3,Telkom Akses,198,4. PT3/Batch 3,Prio Agustus,NY Go Live,0,Y,y,20 Branch,PT3,02. Matdel,NY Ready,1520,-,27-Sep-26,26/09/2026,,"Aanwizing, Kendala Manpower",,,00. Ny Golive,26/09/2026,,,,
12650703,TIMOR TENGAH UTARA_54490_H2_2025,16,  -   ,16451046,1.028.190.375,AREA 3,BALI NUSRA,KUPANG,PT3,Telkom Akses,199,4. PT3/Batch 3,Prio Agustus,NY Go Live,0,Y,y,20 Branch,PT3,02. Matdel,NY Ready,452,-,27-Sep-26,29/09/2026,,"Aanwizing, Kendala Manpower",,,00. Ny Golive,29/09/2026,,,,
11977211,R3-NTT-PT3-KPN-NTT_KPN OKEY MART NAIBONA,8,  -   ,6093639,761.704.875,AREA 3,BALI NUSRA,KUPANG,PT3,Telkom Akses,200,3. PT3/Batch 2,Prio Agustus,NY Go Live,0,Y,y,20 Branch,PT3,02. Matdel,NY Ready,431,-,27-Sep-26,12/10/2026,,"Aanwizing, Kendala Manpower",,,00. Ny Golive,12/10/2026,,,,
11217101,11217101-PT3-SOE-FB-MILKHA D E TSE,8,  -   ,3218164,"402270,5",AREA 3,BALI NUSRA,KUPANG,PT3,Telkom Akses,201,3. PT3/Batch 2,Prio Agustus,NY Go Live,0,Y,y,20 Branch,PT3,02. Matdel,NY Ready,152,-,27-Sep-26,20/09/2026,,"Aanwizing, Kendala Manpower",,,00. Ny Golive,20/09/2026,,,,
11095222,NUSA TENGGARA TIMUR_STAKAS SOE,8,  -   ,34893199,4.361.649.875,AREA 3,BALI NUSRA,KUPANG,PT3,Telkom Akses,202,4. PT3/Batch 3,Prio Agustus,NY Go Live,0,Y,y,20 Branch,PT3,02. Matdel,NY Ready,600,-,27-Sep-26,13/10/2026,,"Aanwizing, Kendala Manpower",,,00. Ny Golive,13/10/2026,,,,
11160418,NTT_NUNUMEU SF WILLY,16,  -   ,26397521,1.649.845.063,AREA 3,BALI NUSRA,KUPANG,PT3,Telkom Akses,203,4. PT3/Batch 3,Prio Agustus,NY Go Live,0,Y,y,20 Branch,PT3,02. Matdel,NY Ready,730,-,27-Sep-26,06/10/2026,,"Aanwizing, Kendala Manpower",,,00. Ny Golive,06/10/2026,,,,
11227580,NTT_NOEKELE MIS POIK,8,  -   ,23943004,"2992875,5",AREA 3,BALI NUSRA,KUPANG,PT3,Telkom Akses,204,4. PT3/Batch 3,Prio Agustus,NY Go Live,0,Y,y,20 Branch,PT3,02. Matdel,NY Ready,1143,-,27-Sep-26,07/10/2026,,"Aanwizing, Kendala Manpower",,,00. Ny Golive,07/10/2026,,,,
11316708,NTT_OELAMASI JEFRI ATAUPAH,16,  -   ,35887164,"2242947,75",AREA 3,BALI NUSRA,KUPANG,PT3,Telkom Akses,205,4. PT3/Batch 3,Prio Agustus,NY Go Live,0,Y,y,20 Branch,PT3,02. Matdel,NY Ready,1458,-,27-Sep-26,08/10/2026,,"Aanwizing, Kendala Manpower",,,00. Ny Golive,08/10/2026,,,,
11332992,NTT_Gereja Katolik St. Vicensius Paroki,16,  -   ,13131807,8.207.379.375,AREA 3,BALI NUSRA,KUPANG,PT3,Telkom Akses,206,4. PT3/Batch 3,Prio Agustus,NY Go Live,0,Y,y,20 Branch,PT3,02. Matdel,NY Ready,1012,-,27-Sep-26,02/10/2026,,"Aanwizing, Kendala Manpower",,,00. Ny Golive,02/10/2026,,,,
11332996,NTT_SMPN SATAP OEUSAPI SOE,8,  -   ,7446640,930830,AREA 3,BALI NUSRA,KUPANG,PT3,Telkom Akses,207,4. PT3/Batch 3,Prio Agustus,NY Go Live,0,Y,y,20 Branch,PT3,02. Matdel,NY Ready,478,-,27-Sep-26,06/10/2026,,"Aanwizing, Kendala Manpower",,,00. Ny Golive,06/10/2026,,,,
11346808,NTT_ Benlutu Soe,8,  -   ,4346645,543.330.625,AREA 3,BALI NUSRA,KUPANG,PT3,Telkom Akses,208,4. PT3/Batch 3,Prio Agustus,NY Go Live,0,Y,y,20 Branch,PT3,02. Matdel,Ready,#N/A,#N/A,,26/09/2026,,Request Material/Delivery Material WH ke Site/MOS,,,,01/10/2026,,,,
11314773,NTT_SDI SUKABITETEK BELU,32,  32 ,72951317,2.279.728.656,AREA 3,BALI NUSRA,KUPANG,PT3,Telkom Akses,209,4. PT3/Batch 3,Prio Agustus,NY Go Live,0,Y,y,20 Branch,PT3,05. Go Live,Ready,3330,-,,,,"Terminasi ODP, Kendala Jointer",,,01. Golive,13/09/2026,,,,
11406534,NTT_WKB SMP 4 WEWEWA TIMUR,16,  -   ,21254337,1.328.396.063,AREA 3,BALI NUSRA,KUPANG,PT3,Telkom Akses,210,3. PT3/Batch 2,Prio Agustus,NY Go Live,0,Y,y,20 Branch,PT3,02. Matdel,NY Ready,801,-,27-Sep-26,04/10/2026,,"Aanwizing, Kendala Manpower",,,00. Ny Golive,04/10/2026,,,,
11929511,R3-NTT-PT3-WKB-SUMBA TENGAH,8,  -   ,7538866,"942358,25",AREA 3,BALI NUSRA,KUPANG,PT3,Telkom Akses,211,3. PT3/Batch 2,Prio Agustus,NY Go Live,0,Y,y,20 Branch,PT3,02. Matdel,NY Ready,321,-,27-Sep-26,06/10/2026,,"Aanwizing, Kendala Manpower",,,00. Ny Golive,06/10/2026,,,,
11919283,R3-NTT-PT3-WKB-ODP-WKB-FJ-29,8,  -   ,3557334,"444666,75",AREA 3,BALI NUSRA,KUPANG,PT3,Telkom Akses,212,3. PT3/Batch 2,Prio Agustus,NY Go Live,0,Y,y,20 Branch,PT3,02. Matdel,NY Ready,201,-,27-Sep-26,05/10/2026,,"Aanwizing, Kendala Manpower",,,00. Ny Golive,05/10/2026,,,,
11350258,NTT_DESA WEPANGALI _SUMBA BARAT DAYA,16,  -   ,44539220,"2783701,25",AREA 3,BALI NUSRA,KUPANG,PT3,Telkom Akses,213,4. PT3/Batch 3,Prio Agustus,NY Go Live,0,Y,y,20 Branch,PT3,02. Matdel,NY Ready,1651,-,27-Sep-26,05/10/2026,,"Aanwizing, Kendala Manpower",,,00. Ny Golive,05/10/2026,,,,
11350320,NTT_SUMBA BARAT DAYA WAIKELO,16,  -   ,47036751,2.939.796.938,AREA 3,BALI NUSRA,KUPANG,PT3,Telkom Akses,214,4. PT3/Batch 3,Prio Agustus,NY Go Live,0,Y,y,20 Branch,PT3,00. Propose Drop,NY Ready,,,,,CPP Tinggi,CPP Tinggi,,,,29/09/2026,,16,47.036.751,2.939.797
11350349,NTT_KANELU SUMBA BARAT DAYA,16,  -   ,42977553,2.686.097.063,AREA 3,BALI NUSRA,KUPANG,PT3,Telkom Akses,215,4. PT3/Batch 3,Prio Agustus,NY Go Live,0,Y,y,20 Branch,PT3,02. Matdel,NY Ready,1752,-,27-Sep-26,05/10/2026,,"Aanwizing, Kendala Manpower",,,00. Ny Golive,05/10/2026,,,,
11434789,NTT_WKB DEKAT RS KARITAS ELOPADA,8,  -   ,19152674,"2394084,25",AREA 3,BALI NUSRA,KUPANG,PT3,Telkom Akses,216,4. PT3/Batch 3,Prio Agustus,NY Go Live,0,Y,y,20 Branch,PT3,02. Matdel,NY Ready,698,-,27-Sep-26,04/10/2026,,"Aanwizing, Kendala Manpower",,,00. Ny Golive,04/10/2026,,,,
11609984,NTT_WKB dekat SDI Doka Kaka,8,  -   ,24882162,"3110270,25",AREA 3,BALI NUSRA,KUPANG,PT3,Telkom Akses,217,4. PT3/Batch 3,Prio Agustus,NY Go Live,0,Y,y,20 Branch,PT3,02. Matdel,NY Ready,2185,-,27-Sep-26,04/10/2026,,"Aanwizing, Kendala Manpower",,,00. Ny Golive,04/10/2026,,,,
11025910,JLN SAM RATULANGI NUNUMEU,32,  -   ,70475043,2.202.345.094,AREA 3,BALI NUSRA,KUPANG,PT3,Telkom Akses,218,4. PT3/Batch 3,Prio Agustus,NY Go Live,0,Y,y,20 Branch,PT3,02. Matdel,NY Ready,2608,-,27-Sep-26,04/10/2026,,"Aanwizing, Kendala Manpower",,,00. Ny Golive,04/10/2026,,,,
11095029,NUSA TENGGARA TIMUR_KANTOR CAMAT AMANUBAN BARAT,24,  -   ,25411654,1.058.818.917,AREA 3,BALI NUSRA,KUPANG,PT3,Telkom Akses,219,4. PT3/Batch 3,Prio Agustus,NY Go Live,0,Y,y,20 Branch,PT3,02. Matdel,NY Ready,1700,-,27-Sep-26,11/10/2026,,"Aanwizing, Kendala Manpower",,,00. Ny Golive,11/10/2026,,,,
11095206,NUSA TENGGARA TIMUR_SMPN 1 AMANUBAN BARAT,24,  -   ,40935960,1705665,AREA 3,BALI NUSRA,KUPANG,PT3,Telkom Akses,220,4. PT3/Batch 3,Prio Agustus,NY Go Live,0,Y,y,20 Branch,PT3,02. Matdel,NY Ready,2065,-,27-Sep-26,14/10/2026,,"Aanwizing, Kendala Manpower",,,00. Ny Golive,14/10/2026,,,,
11187101,NTT_LOPO HIJAU MIS POIK,32,  -   ,98630055,3.082.189.219,AREA 3,BALI NUSRA,KUPANG,PT3,Telkom Akses,221,4. PT3/Batch 3,Prio Agustus,NY Go Live,0,Y,y,20 Branch,PT3,02. Matdel,NY Ready,4153,-,27-Sep-26,12/10/2026,,"Aanwizing, Kendala Manpower",,,00. Ny Golive,12/10/2026,,,,
11314816,NTT_SMAN 1 TAKARI,32,  -   ,39778365,1.243.073.906,AREA 3,BALI NUSRA,KUPANG,PT3,Telkom Akses,222,4. PT3/Batch 3,Prio Agustus,NY Go Live,0,Y,y,20 Branch,PT3,02. Matdel,NY Ready,909,1.460,27-Sep-26,09/10/2026,,"Aanwizing, Kendala Manpower",,,00. Ny Golive,09/10/2026,,,,
11314826,NUSA TENGGARA TIMUR_900_NOELMINA,24,  -   ,35501309,1.479.221.208,AREA 3,BALI NUSRA,KUPANG,PT3,Telkom Akses,223,4. PT3/Batch 3,Prio Agustus,NY Go Live,0,Y,y,20 Branch,PT3,02. Matdel,NY Ready,3020,-,27-Sep-26,11/10/2026,,"Aanwizing, Kendala Manpower",,,00. Ny Golive,11/10/2026,,,,
11316592,NTT_PUSKESMAS BATU PUTIH,32,  -   ,79731141,2.491.598.156,AREA 3,BALI NUSRA,KUPANG,PT3,Telkom Akses,224,4. PT3/Batch 3,Prio Agustus,NY Go Live,0,Y,y,20 Branch,PT3,02. Matdel,NY Ready,4998,-,27-Sep-26,12/10/2026,,"Aanwizing, Kendala Manpower",,,00. Ny Golive,12/10/2026,,,,
11316681,NUSA TENGGARA TIMUR_808_OESUSU BENU,24,  -   ,22959512,9.566.463.333,AREA 3,BALI NUSRA,KUPANG,PT3,Telkom Akses,225,4. PT3/Batch 3,Prio Agustus,NY Go Live,0,Y,y,20 Branch,PT3,02. Matdel,NY Ready,1852,-,27-Sep-26,09/10/2026,,"Aanwizing, Kendala Manpower",,,00. Ny Golive,09/10/2026,,,,
11346799,NTT_15184_KEMENAG SOE ELES BETI,40,  -   ,74780442,"1869511,05",AREA 3,BALI NUSRA,KUPANG,PT3,Telkom Akses,226,4. PT3/Batch 3,Prio Agustus,NY Go Live,0,Y,y,20 Branch,PT3,02. Matdel,NY Ready,2125,2.450,27-Sep-26,07/10/2026,,"Aanwizing, Kendala Manpower",,,00. Ny Golive,07/10/2026,,,,
12097735,NTT_OSP JLN SUMUR JEPANG LILIBA REQ BOYS,16,  16 ,11377325,7.110.828.125,AREA 3,BALI NUSRA,KUPANG,PT3,Telkom Akses,237,3. PT3/Batch 2,Prio Agustus,NY Go Live,0,Y,y,20 Branch,PT3,05. Go Live,Ready,-,-,,,,Proses GL SDI,,,01. Golive,Done,,,,
11977127,R3-NTT-PT3-SOE-NTT_SOE KLANI NOINBILA,8,  -   ,2432283,304.035.375,AREA 3,BALI NUSRA,KUPANG,PT3,Telkom Akses,239,3. PT3/Batch 2,Prio Agustus,NY Go Live,0,Y,y,20 Branch,PT3,01. Persiapan,NY Ready,92,-,27-Sep-26,30/09/2026,,"Aanwizing, Kendala Manpower",,,00. Ny Golive,30/09/2026,,,,
11390934,NTT_SOE Desa SNOK 2 Kec Amanatun Utara,24,  -   ,134347809,5.597.825.375,AREA 3,BALI NUSRA,KUPANG,PT3,Telkom Akses,246,4. PT3/Batch 3,Prio Agustus,NY Go Live,0,Y,y,20 Branch,PT3,02. Matdel,NY Ready,5091,-,27-Sep-26,09/10/2026,,"Aanwzing, Kendala Manpower",,,00. Ny Golive,09/10/2026,,,,
11398849,"NTT_SOE Desa SNOK, Kec Amanatun Utara",24,  -   ,126126190,5.255.257.917,AREA 3,BALI NUSRA,KUPANG,PT3,Telkom Akses,247,4. PT3/Batch 3,Prio Agustus,NY Go Live,0,Y,y,20 Branch,PT3,02. Matdel,NY Ready,4191,-,27-Sep-26,08/10/2026,,"Aanwzing, Kendala Manpower",,,00. Ny Golive,08/10/2026,,,,
11278959,NTT_SMKN 2 SABU BARAT Stiven Shorinji,16,  -   ,60481023,3.780.063.938,AREA 3,BALI NUSRA,KUPANG,PT3,Telkom Akses,248,4. PT3/Batch 3,Prio Agustus,NY Go Live,0,Y,y,20 Branch,PT3,02. Matdel,NY Ready,3374,-,27-Sep-26,28/09/2026,,Belum Aanwizing,,,00. Ny Golive,28/09/2026,,,,
11358548,NTT_SEBA Ktr Kec Hawu Mehara MIRNA,24,  -   ,33737291,1.405.720.458,AREA 3,BALI NUSRA,KUPANG,PT3,Telkom Akses,249,4. PT3/Batch 3,Prio Agustus,NY Go Live,0,Y,y,20 Branch,PT3,02. Matdel,NY Ready,1306,-,27-Sep-26,25/09/2026,,Belum Aanwizing,,,00. Ny Golive,25/09/2026,,,,
11161229,NUSA TENGGARA TIMUR_840_WEWIKU ALKANI,32,  -   ,329728468,"10304014,63",AREA 3,BALI NUSRA,KUPANG,PT3,Telkom Akses,250,4. PT3/Batch 3,Prio Agustus,NY Go Live,0,Y,y,20 Branch,PT3,02. Matdel,NY Ready,-,12.032,27-Sep-26,21/10/2026,,"Aanwzing, Kendala Manpower",,,00. Ny Golive,21/10/2026,,,,
11186126,NTT_FATUBENAO ATB APRI NOJA,16,  -   ,16641088,1040068,AREA 3,BALI NUSRA,KUPANG,PT3,Telkom Akses,251,7. PT3/Batch 4b,Prio Agustus,NY Go Live,0,Y,y,20 Branch,PT3,01. Persiapan,NY Ready,900,-,27-Sep-26,04/10/2026,,"Aanwizing, Kendala Manpower",,,00. Ny Golive,04/10/2026,,,,
12797383,3NTT-ATB-FM-PT3-BELU_116443_H2_2025,8,  -   ,12099022,"1512377,75",AREA 3,BALI NUSRA,KUPANG,PT3,Telkom Akses,252,7. PT3/Batch 4b,Prio Agustus,NY Go Live,0,Y,y,20 Branch,PT3,01. Persiapan,NY Ready,990,-,27-Sep-26,24/09/2026,,"Aanwizing, Kendala Manpower",,,00. Ny Golive,24/09/2026,,,,
12797391,3NTT-ATB-FK-PT3-Halilulik Bolang Aptotek,8,  -   ,10456620,"1307077,5",AREA 3,BALI NUSRA,KUPANG,PT3,Telkom Akses,253,7. PT3/Batch 4b,Prio Agustus,NY Go Live,0,Y,y,20 Branch,PT3,01. Persiapan,NY Ready,830,-,27-Sep-26,24/09/2026,,"Aanwizing, Kendala Manpower",,,00. Ny Golive,24/09/2026,,,,
12923744,250_-4045_13318_TENUKIIK BELU,24,  -   ,19842968,8.267.903.333,AREA 3,BALI NUSRA,KUPANG,PT3,Telkom Akses,254,7. PT3/Batch 4b,Prio Agustus,NY Go Live,0,Y,y,20 Branch,PT3,01. Persiapan,NY Ready,580,-,27-Sep-26,23/09/2026,,"Aanwizing, Kendala Manpower",,,00. Ny Golive,23/09/2026,,,,
12923774,250_-4062_13338_YONIF 744 TOBIR,16,  -   ,13760929,8.600.580.625,AREA 3,BALI NUSRA,KUPANG,PT3,Telkom Akses,255,7. PT3/Batch 4b,Prio Agustus,NY Go Live,0,Y,y,20 Branch,PT3,01. Persiapan,NY Ready,1000,-,27-Sep-26,20/09/2026,,"Aanwizing, Kendala Manpower",,,00. Ny Golive,20/09/2026,,,,
12923865,250_-4051_13311_Rumkitban ATAMBUA,8,  -   ,7455858,"931982,25",AREA 3,BALI NUSRA,KUPANG,PT3,Telkom Akses,256,7. PT3/Batch 4b,Prio Agustus,NY Go Live,0,Y,y,20 Branch,PT3,01. Persiapan,NY Ready,560,-,27-Sep-26,21/09/2026,,"Aanwizing, Kendala Manpower",,,00. Ny Golive,21/09/2026,,,,
12923908,250_-4065_13316_MOTABUIK ATAMBUA,8,  -   ,7455858,"931982,25",AREA 3,BALI NUSRA,KUPANG,PT3,Telkom Akses,257,7. PT3/Batch 4b,Prio Agustus,NY Go Live,0,Y,y,20 Branch,PT3,01. Persiapan,NY Ready,560,-,27-Sep-26,24/09/2026,,"Aanwizing, Kendala Manpower",,,00. Ny Golive,24/09/2026,,,,
12928926,TIMOR TENGAH UTARA_72406_H2_2025,16,  -   ,11410047,7.131.279.375,AREA 3,BALI NUSRA,KUPANG,PT3,Telkom Akses,258,7. PT3/Batch 4b,Prio Agustus,NY Go Live,0,Y,y,20 Branch,PT3,01. Persiapan,NY Ready,800,-,27-Sep-26,29/09/2026,,"Aanwizing, Kendala Manpower",,,00. Ny Golive,29/09/2026,,,,
12999463,NTT_ATB MANLETEN REQ JAMES RIFO,24,  -   ,31307134,1.304.463.917,AREA 3,BALI NUSRA,KUPANG,PT3,Telkom Akses,259,7. PT3/Batch 4b,Prio Agustus,NY Go Live,0,Y,y,20 Branch,PT3,01. Persiapan,NY Ready,910,-,27-Sep-26,30/09/2026,,"Aanwizing, Kendala Manpower",,,00. Ny Golive,30/09/2026,,,,
13122775,r_2500_-453_1273_KOTA RAJA Expand G,8,  -   ,859681,107.460.125,AREA 3,BALI NUSRA,KUPANG,PT2,Telkom Akses,351,11. PT2/Batch 3,Prio September,NY Go Live,0,Y,y,20 Branch,#N/A,01. Persiapan,Ready,,,,27/09/2026,,,,,,#N/A,,,,
13139978,r_2500_-453_1275_OEBOBO EXPAND B,8,  -   ,808921,101.115.125,AREA 3,BALI NUSRA,KUPANG,PT2,Telkom Akses,352,11. PT2/Batch 3,Prio September,NY Go Live,0,Y,y,20 Branch,#N/A,00. Propose Drop,NY Ready,,,,,Core Distribusi Habis,,,,,#N/A,,,,
13121924,r_2500_-438_1312_Expand-C,8,  -   ,350025,43.753.125,AREA 3,BALI NUSRA,KUPANG,PT2,Telkom Akses,353,11. PT2/Batch 3,Prio September,NY Go Live,0,Y,y,20 Branch,#N/A,00. Propose Drop,NY Ready,,,,,Duplikasi Order,,,,,#N/A,,,,
13121935,r_2500_-438_1312_Expand-D,8,  -   ,350025,43.753.125,AREA 3,BALI NUSRA,KUPANG,PT2,Telkom Akses,354,11. PT2/Batch 3,Prio September,NY Go Live,0,Y,y,20 Branch,#N/A,01. Persiapan,Ready,,,,27/09/2026,,,,,,#N/A,,,,
13026498,3NTT-KPN-EXPAND-ODP-KPN-FFJ-55,24,  -   ,1334718,"55613,25",AREA 3,BALI NUSRA,KUPANG,PT2,Telkom Akses,265,12. PT2/Batch 4 UNTSEL,Prio September,NY Go Live,0,Y,y,20 Branch,#N/A,05. Go Live,Ready,,,,,,,,,,#N/A,,,,
13026413,3NTT-BEN-EXPAND-ODP-BEN-FB-25,16,  -   ,479358,29.959.875,AREA 3,BALI NUSRA,KUPANG,PT2,Telkom Akses,266,12. PT2/Batch 4 UNTSEL,Prio September,NY Go Live,0,Y,y,20 Branch,#N/A,05. Go Live,Ready,,,,,,,,,,#N/A,,,,
13010266,3NTT-KPN-EXPAND-ODP-BEN-FB-85,16,  -   ,479358,29.959.875,AREA 3,BALI NUSRA,KUPANG,PT2,Telkom Akses,267,12. PT2/Batch 4 UNTSEL,Prio September,NY Go Live,0,Y,y,20 Branch,#N/A,05. Go Live,Ready,,,,,,,,,,#N/A,,,,
13050855,3NTT-OSP-EXPAND-ODP-OSP-FP-18,16,  -   ,479358,29.959.875,AREA 3,BALI NUSRA,KUPANG,PT2,Telkom Akses,268,12. PT2/Batch 4 UNTSEL,Prio September,NY Go Live,0,Y,y,20 Branch,#N/A,05. Go Live,Ready,,,,,,,,,,#N/A,,,,
13020348,3NTT-OSP-EXPAND-ODP-OSP-FNA-37,16,  -   ,479358,29.959.875,AREA 3,BALI NUSRA,KUPANG,PT2,Telkom Akses,269,12. PT2/Batch 4 UNTSEL,Prio September,NY Go Live,0,Y,y,20 Branch,#N/A,05. Go Live,Ready,,,,,,,,,,#N/A,,,,
12995758,3NTT-OSP-EXPAND-ODP-OSP-FCK-45,16,  -   ,479358,29.959.875,AREA 3,BALI NUSRA,KUPANG,PT2,Telkom Akses,271,12. PT2/Batch 4 UNTSEL,Prio September,NY Go Live,0,Y,y,20 Branch,#N/A,05. Go Live,Ready,,,,,,,,,,#N/A,,,,
13020428,3NTT-KPN-EXPAND-ODP-KPN-FYA-42,16,  -   ,479358,29.959.875,AREA 3,BALI NUSRA,KUPANG,PT2,Telkom Akses,272,12. PT2/Batch 4 UNTSEL,Prio September,NY Go Live,0,Y,y,20 Branch,#N/A,05. Go Live,Ready,,,,,,,,,,#N/A,,,,
12926556,3NTT-KPN-EXPAND-ODP-KPN-FR-128,16,  -   ,479358,29.959.875,AREA 3,BALI NUSRA,KUPANG,PT2,Telkom Akses,276,12. PT2/Batch 4 UNTSEL,Prio September,NY Go Live,0,Y,y,20 Branch,#N/A,05. Go Live,Ready,,,,,,,,,,#N/A,,,,
12925418,R3-NTT-NUSA TENGGARA TIMUR-,16,  -   ,479358,29.959.875,AREA 3,BALI NUSRA,KUPANG,PT2,Telkom Akses,277,12. PT2/Batch 4 UNTSEL,Prio September,NY Go Live,0,Y,y,20 Branch,#N/A,05. Go Live,Ready,,,,,,,,,,#N/A,,,,
12899255,3NTT-END-EXPAND-ODP-END-FD-74,16,  -   ,479358,29.959.875,AREA 3,BALI NUSRA,FLORES,PT2,Telkom Akses,287,12. PT2/Batch 4 UNTSEL,Prio September,NY Go Live,0,Y,y,20 Branch,#N/A,05. Go Live,Ready,,,,,,,,,,#N/A,,,,
12974381,3NTT-MMR-EXPAND-ODP-MMR-FB-93,16,  -   ,479358,29.959.875,AREA 3,BALI NUSRA,FLORES,PT2,Telkom Akses,289,12. PT2/Batch 4 UNTSEL,Prio September,NY Go Live,0,Y,y,20 Branch,#N/A,04. Finish Instalasi,Ready,,,,27/09/2026,,,,,,#N/A,,,,
13023450,3NTT-DBS26-PT3-LWB-FC-HEM KPU LEMBATA,8,  -   ,5168756,"646094,5",AREA 3,BALI NUSRA,FLORES,PT2,Telkom Akses,291,12. PT2/Batch 4 UNTSEL,Prio September,NY Go Live,0,Y,y,20 Branch,#N/A,01. Persiapan,Ready,,,,24/09/2026,,,,,,#N/A,,,,
13043135,3NTT-END-EXPAND-ODP-END-FF-72,16,  -   ,479358,29.959.875,AREA 3,BALI NUSRA,FLORES,PT2,Telkom Akses,335,12. PT2/Batch 4 UNTSEL,Prio September,NY Go Live,0,Y,y,20 Branch,#N/A,01. Persiapan,Ready,,,,26/09/2026,,,,,,#N/A,,,,
13012032,3NTT-END-EXPAND-ODP-END-FG-32,16,  -   ,479358,29.959.875,AREA 3,BALI NUSRA,FLORES,PT2,Telkom Akses,336,12. PT2/Batch 4 UNTSEL,Prio September,NY Go Live,0,Y,y,20 Branch,#N/A,01. Persiapan,Ready,,,,26/09/2026,,,,,,#N/A,,,,
13241909,250_-3853_11057-EXP-ODP-LBO-FW-02,8,  -   ,1088851,136.106.375,AREA 3,BALI NUSRA,FLORES,PT2,Telkom Akses,274,26. PT2/Batch 8 thp 2,Prio September,NY Go Live,0,Y,y,20 Branch,#N/A,00. Propose Drop,Ready,,,,26/09/2026,"Irisan Cleansing Port 2,3 Jt",,,,,#N/A,,,,
13234896,3NTT-RTE-EXP-ODP-RTE-FJ-09,8,  -   ,1139041,142.380.125,AREA 3,BALI NUSRA,FLORES,PT2,Telkom Akses,271,26. PT2/Batch 8 thp 2,Prio September,NY Go Live,0,Y,y,20 Branch,#N/A,00. Propose Drop,Ready,,,,26/09/2026,"Irisan Cleansing Port 2,3 Jt",,,,,#N/A,,,,
13225786,250_-3907_11570-EXPAND-ODP-BJW-FC05,8,  -   ,1073794,"134224,25",AREA 3,BALI NUSRA,FLORES,PT2,Telkom Akses,259,26. PT2/Batch 8 thp 2,Prio September,NY Go Live,0,Y,y,20 Branch,#N/A,00. Propose Drop,Ready,,,,26/09/2026,"Irisan Cleansing Port 2,3 Jt",,,,,#N/A,,,,
13224589,250_-3795_11731-EXPAND-ODP-BJW-FJ08,8,  -   ,1073794,"134224,25",AREA 3,BALI NUSRA,FLORES,PT2,Telkom Akses,256,26. PT2/Batch 8 thp 2,Prio September,NY Go Live,0,Y,y,20 Branch,#N/A,00. Propose Drop,Ready,,,,26/09/2026,"Irisan Cleansing Port 2,3 Jt",,,,,#N/A,,,,
13253827,250_-3874_11216-EXP-ODP-RTE-FH-07,16,  -   ,479358,29.959.875,AREA 3,BALI NUSRA,FLORES,PT2,Telkom Akses,230,26. PT2/Batch 8 thp 2,Prio September,NY Go Live,0,Y,y,20 Branch,#N/A,00. Propose Drop,Ready,,,,26/09/2026,"Irisan Cleansing Port 2,3 Jt",,,,,#N/A,,,,
13252750,250_-3833_11343-EXP-ODP-RTE-FP-07,16,  -   ,479358,29.959.875,AREA 3,BALI NUSRA,FLORES,PT2,Telkom Akses,224,26. PT2/Batch 8 thp 2,Prio September,NY Go Live,0,Y,y,20 Branch,#N/A,01. Persiapan,Ready,,,,26/09/2026,,,,,,#N/A,,,,
13248976,250_-3898_11417-EXP-ODP-RTE-FJ-02,16,  -   ,479358,29.959.875,AREA 3,BALI NUSRA,FLORES,PT2,Telkom Akses,222,26. PT2/Batch 8 thp 2,Prio September,NY Go Live,0,Y,y,20 Branch,#N/A,00. Propose Drop,Ready,,,,26/09/2026,"Irisan Cleansing Port 2,3 Jt",,,,,#N/A,,,,
13242167,250_-3783_11099-EXP-ODP-LBO-FF-05,16,  -   ,479358,29.959.875,AREA 3,BALI NUSRA,FLORES,PT2,Telkom Akses,220,26. PT2/Batch 8 thp 2,Prio September,NY Go Live,0,Y,y,20 Branch,#N/A,00. Propose Drop,NY Ready,,,,,Duplikasi Order,,,,,#N/A,,,,
13236824,3NTT-PT2-EXPAN-ODP-RTE-FE30,16,  -   ,1342209,838.880.625,AREA 3,BALI NUSRA,FLORES,PT2,Telkom Akses,217,26. PT2/Batch 8 thp 2,Prio September,NY Go Live,0,Y,y,20 Branch,#N/A,00. Propose Drop,Ready,,,,24/09/2026,"Irisan Cleansing Port 2,3 Jt",,,,,#N/A,,,,
13236129,3NTT-PT2-EXPAN-ODP-RTE-FE-27,16,  -   ,2167558,135.472.375,AREA 3,BALI NUSRA,FLORES,PT2,Telkom Akses,215,26. PT2/Batch 8 thp 2,Prio September,NY Go Live,0,Y,y,20 Branch,#N/A,01. Persiapan,Ready,,,,27/09/2026,,,,,,#N/A,,,,
13228646,3NTT-EXPAND-ODP-BJW-FD-03,16,  -   ,1342209,838.880.625,AREA 3,BALI NUSRA,FLORES,PT2,Telkom Akses,211,26. PT2/Batch 8 thp 2,Prio September,NY Go Live,0,Y,y,20 Branch,#N/A,01. Persiapan,Ready,,,,27/09/2026,,,,,,#N/A,,,,
13228470,3NTT-EXPAND-ODP-BJW-FB-46,16,  -   ,1342209,838.880.625,AREA 3,BALI NUSRA,FLORES,PT2,Telkom Akses,210,26. PT2/Batch 8 thp 2,Prio September,NY Go Live,0,Y,y,20 Branch,#N/A,00. Propose Drop,Ready,,,,27/09/2026,"Irisan Cleansing Port 2,3 Jt",,,,,#N/A,,,,
13227224,250_-3794_11092-EXP-ODP-LBO-FA-50,16,  -   ,2420213,1.512.633.125,AREA 3,BALI NUSRA,FLORES,PT2,Telkom Akses,208,26. PT2/Batch 8 thp 2,Prio September,NY Go Live,0,Y,y,20 Branch,#N/A,00. Propose Drop,NY Ready,,,,,"Irisan Cleansing Port 2,3 Jt",,,,,#N/A,,,,
13227076,3NTT-EXPAND-ODP-BJW-FA-40,16,  -   ,1342209,838.880.625,AREA 3,BALI NUSRA,FLORES,PT2,Telkom Akses,202,26. PT2/Batch 8 thp 2,Prio September,NY Go Live,0,Y,y,20 Branch,#N/A,01. Persiapan,Ready,,,,27/09/2026,,,,,,#N/A,,,,
13227038,3NTT-EXPAND-ODP-BJW-FC07,16,  -   ,1342209,838.880.625,AREA 3,BALI NUSRA,FLORES,PT2,Telkom Akses,201,26. PT2/Batch 8 thp 2,Prio September,NY Go Live,0,Y,y,20 Branch,#N/A,01. Persiapan,Ready,,,,27/09/2026,,,,,,#N/A,,,,
13226980,3NTT-EXPAND-ODP-LBO-FE98,16,  8 ,1342209,838.880.625,AREA 3,BALI NUSRA,FLORES,PT2,Telkom Akses,200,26. PT2/Batch 8 thp 2,Prio September,NY Go Live,0,Y,y,20 Branch,#N/A,05. Go Live,Ready,,,,,,,,,,#N/A,,,,
13226877,3NTT-EXPAND-ODP-LBO-FN05,16,  -   ,1342209,838.880.625,AREA 3,BALI NUSRA,FLORES,PT2,Telkom Akses,199,26. PT2/Batch 8 thp 2,Prio September,NY Go Live,0,Y,y,20 Branch,#N/A,00. Propose Drop,Ready,,,,27/09/2026,"Irisan Cleansing Port 2,3 Jt",,,,,#N/A,,,,
13226808,3NTT-EXPAND-ODP-LBO-FG01,16,  -   ,1342209,838.880.625,AREA 3,BALI NUSRA,FLORES,PT2,Telkom Akses,198,26. PT2/Batch 8 thp 2,Prio September,NY Go Live,0,Y,y,20 Branch,#N/A,00. Propose Drop,Ready,,,,27/09/2026,"Irisan Cleansing Port 2,3 Jt",,,,,#N/A,,,,
13237025,3NTT-PT2-EXPAN-ODP-RTE-FP-69,24,  -   ,1900556,7.918.983.333,AREA 3,BALI NUSRA,FLORES,PT2,Telkom Akses,177,26. PT2/Batch 8 thp 2,Prio September,NY Go Live,0,Y,y,20 Branch,#N/A,01. Persiapan,Ready,,,,27/09/2026,,,,,,#N/A,,,,
13236970,3NTT-PT2-EXPAN-ODP-RTE-FB-13,24,  -   ,2406719,1.002.799.583,AREA 3,BALI NUSRA,FLORES,PT2,Telkom Akses,176,26. PT2/Batch 8 thp 2,Prio September,NY Go Live,0,Y,y,20 Branch,#N/A,01. Persiapan,Ready,,,,27/09/2026,,,,,,#N/A,,,,
13236200,250_-3827_11341,8,  -   ,1139041,142.380.125,AREA 3,BALI NUSRA,FLORES,PT2,Telkom Akses,273,23. PT2/Batch 8 thp 1,Prio September,NY Go Live,0,Y,y,20 Branch,#N/A,01. Persiapan,Ready,,,,27/09/2026,,,,,,#N/A,,,,
13228850,3NTT-BJW-PT2EX-250_-3908_11572-FC-86,8,  -   ,1183339,147.917.375,AREA 3,BALI NUSRA,FLORES,PT2,Telkom Akses,270,23. PT2/Batch 8 thp 1,Prio September,NY Go Live,0,Y,y,20 Branch,#N/A,01. Persiapan,Ready,,,,27/09/2026,,,,,,#N/A,,,,
13228798,3NTT-BJW-PT2EX-250_-3908_11572-FC-17,8,  -   ,1233271,154.158.875,AREA 3,BALI NUSRA,FLORES,PT2,Telkom Akses,269,23. PT2/Batch 8 thp 1,Prio September,NY Go Live,0,Y,y,20 Branch,#N/A,01. Persiapan,Ready,,,,27/09/2026,,,,,,#N/A,,,,
13228092,3NTT-BJW-PT2EX-250_-3906_11572-FC-107,8,  -   ,1183339,147.917.375,AREA 3,BALI NUSRA,FLORES,PT2,Telkom Akses,268,23. PT2/Batch 8 thp 1,Prio September,NY Go Live,0,Y,y,20 Branch,#N/A,01. Persiapan,Ready,,,,27/09/2026,,,,,,#N/A,,,,
13228048,3NTT-BJW-PT2EXPAND-250_-3906_11572-FC-13,8,  -   ,1233271,154.158.875,AREA 3,BALI NUSRA,FLORES,PT2,Telkom Akses,267,23. PT2/Batch 8 thp 1,Prio September,NY Go Live,0,Y,y,20 Branch,#N/A,01. Persiapan,Ready,,,,24/09/2026,,,,,,#N/A,,,,
13227934,3NTT-BJW-PT2-250_-3914_11572-BJW-FB,8,  -   ,2376657,297.082.125,AREA 3,BALI NUSRA,FLORES,PT2,Telkom Akses,266,23. PT2/Batch 8 thp 1,Prio September,NY Go Live,0,Y,y,20 Branch,#N/A,01. Persiapan,Ready,,,,23/09/2026,,,,,,#N/A,,,,
13227932,3NTT-BJW-PT2-250_-3898_11667-BJW-FE,8,  -   ,2376657,297.082.125,AREA 3,BALI NUSRA,FLORES,PT2,Telkom Akses,265,23. PT2/Batch 8 thp 1,Prio September,NY Go Live,0,Y,y,20 Branch,#N/A,01. Persiapan,Ready,,,,23/09/2026,,,,,,#N/A,,,,
13225938,3NTT-BJW-PT2-250_-3934_11521-BJW-FF,8,  -   ,2376657,297.082.125,AREA 3,BALI NUSRA,FLORES,PT2,Telkom Akses,264,23. PT2/Batch 8 thp 1,Prio September,NY Go Live,0,Y,y,20 Branch,#N/A,01. Persiapan,Ready,,,,23/09/2026,,,,,,#N/A,,,,
13225935,3NTT-BJW-PT2-250_-3899_11661-BJW-FE,8,  -   ,2376657,297.082.125,AREA 3,BALI NUSRA,FLORES,PT2,Telkom Akses,263,23. PT2/Batch 8 thp 1,Prio September,NY Go Live,0,Y,y,20 Branch,#N/A,01. Persiapan,Ready,,,,23/09/2026,,,,,,#N/A,,,,
13225933,3NTT-BJW-PT2-250_-3814_11697-BJW-FL,8,  -   ,2376657,297.082.125,AREA 3,BALI NUSRA,FLORES,PT2,Telkom Akses,262,23. PT2/Batch 8 thp 1,Prio September,NY Go Live,0,Y,y,20 Branch,#N/A,01. Persiapan,Ready,,,,23/09/2026,,,,,,#N/A,,,,
13225931,3NTT-BJW-PT2-250_-3898_11658-BJW-FE,8,  -   ,2376657,297.082.125,AREA 3,BALI NUSRA,FLORES,PT2,Telkom Akses,261,23. PT2/Batch 8 thp 1,Prio September,NY Go Live,0,Y,y,20 Branch,#N/A,01. Persiapan,Ready,,,,23/09/2026,,,,,,#N/A,,,,
13225667,3NTT-BJW-PT2-250_-3937_11522-BJW-FF,8,  -   ,2456404,"307050,5",AREA 3,BALI NUSRA,FLORES,PT2,Telkom Akses,258,23. PT2/Batch 8 thp 1,Prio September,NY Go Live,0,Y,y,20 Branch,#N/A,01. Persiapan,Ready,,,,23/09/2026,,,,,,#N/A,,,,
13224689,3NTT-BJW-PT2-250_-3897_11666-BJW-FE,8,  -   ,2456404,"307050,5",AREA 3,BALI NUSRA,FLORES,PT2,Telkom Akses,257,23. PT2/Batch 8 thp 1,Prio September,NY Go Live,0,Y,y,20 Branch,#N/A,01. Persiapan,Ready,,,,23/09/2026,,,,,,#N/A,,,,
13224445,3NTT-LBO-PT2-250_3834_11069,8,  -   ,2590044,"323755,5",AREA 3,BALI NUSRA,FLORES,PT2,Telkom Akses,254,23. PT2/Batch 8 thp 1,Prio September,NY Go Live,0,Y,y,20 Branch,#N/A,01. Persiapan,Ready,,,,23/09/2026,,,,,,#N/A,,,,
13223945,3NTT-BJW-PT2-250_-3790_11728-BJW-FJ,8,  -   ,2376657,297.082.125,AREA 3,BALI NUSRA,FLORES,PT2,Telkom Akses,253,23. PT2/Batch 8 thp 1,Prio September,NY Go Live,0,Y,y,20 Branch,#N/A,01. Persiapan,Ready,,,,23/09/2026,,,,,,#N/A,,,,
12780192,3NTT-REO-EXPAND-ODP-REO-FA-78,16,  -   ,479358,29.959.875,AREA 3,BALI NUSRA,FLORES,PT2,Telkom Akses,304,2. PT2/Batch 1,Prio September,NY Go Live,0,Y,y,20 Branch,#N/A,05. Go Live,Ready,,,,,,,,,,#N/A,,,,
11291919,ENDE_10458,8,  -   ,2233687,279.210.875,AREA 3,BALI NUSRA,FLORES,PT2,Telkom Akses,306,2. PT2/Batch 1,Prio September,NY Go Live,0,Y,y,20 Branch,#N/A,04. Finish Instalasi,Ready,,,,23/09/2026,,,,,,#N/A,,,,
11426871,3NTT-WWR-EXPAND-ODP-WWR-FA-27,8,  -   ,479358,"59919,75",AREA 3,BALI NUSRA,FLORES,PT2,Telkom Akses,498,2. PT2/Batch 1,Prio September,NY Go Live,0,Y,y,20 Branch,#N/A,00. Propose Drop,Ready,,,,23/09/2026,"Irisan Cleansing Port 2,3 Jt",,,,,#N/A,,,,
13223819,3NTT-LBO-PT2-250_3779_11097,8,  -   ,2590044,"323755,5",AREA 3,BALI NUSRA,FLORES,PT2,Telkom Akses,252,23. PT2/Batch 8 thp 1,Prio September,NY Go Live,0,Y,y,20 Branch,#N/A,01. Persiapan,Ready,,,,23/09/2026,,,,,,#N/A,,,,
13223786,3NTT-BJW-PT2-250_-3815_11697-BJW-FL,8,  -   ,2376657,297.082.125,AREA 3,BALI NUSRA,FLORES,PT2,Telkom Akses,251,23. PT2/Batch 8 thp 1,Prio September,NY Go Live,0,Y,y,20 Branch,#N/A,01. Persiapan,Ready,,,,23/09/2026,,,,,,#N/A,,,,
13223784,3NTT-BJW-PT2-250_-3900_11658-BJW-FE,8,  -   ,2376657,297.082.125,AREA 3,BALI NUSRA,FLORES,PT2,Telkom Akses,250,23. PT2/Batch 8 thp 1,Prio September,NY Go Live,0,Y,y,20 Branch,#N/A,01. Persiapan,Ready,,,,23/09/2026,,,,,,#N/A,,,,
13223761,3NTT-BJW-PT2-250_-3912_11572-BJW-FB,8,  -   ,2456404,"307050,5",AREA 3,BALI NUSRA,FLORES,PT2,Telkom Akses,249,23. PT2/Batch 8 thp 1,Prio September,NY Go Live,0,Y,y,20 Branch,#N/A,01. Persiapan,Ready,,,,24/09/2026,,,,,,#N/A,,,,
13223678,3NTT-BJW-PT2-250_-3897_11665-BJW-FE,8,  -   ,2456404,"307050,5",AREA 3,BALI NUSRA,FLORES,PT2,Telkom Akses,248,23. PT2/Batch 8 thp 1,Prio September,NY Go Live,0,Y,y,20 Branch,#N/A,01. Persiapan,Ready,,,,23/09/2026,,,,,,#N/A,,,,
13223659,3NTT-BJW-PT2EXPAND-250_-3816_11733-FH-18,8,  -   ,1062139,132.767.375,AREA 3,BALI NUSRA,FLORES,PT2,Telkom Akses,247,23. PT2/Batch 8 thp 1,Prio September,NY Go Live,0,Y,y,20 Branch,#N/A,01. Persiapan,Ready,,,,23/09/2026,,,,,,#N/A,,,,
13253891,250_-3823_11337-EXO-ODP-RTE-FD-17,8,  -   ,479358,"59919,75",AREA 3,BALI NUSRA,FLORES,PT2,Telkom Akses,232,23. PT2/Batch 8 thp 1,Prio September,NY Go Live,0,Y,y,20 Branch,#N/A,00. Propose Drop,Ready,,,,23/09/2026,"Irisan Cleansing Port 2,3 Jt",,,,,#N/A,,,,
13253861,250_-3823_11348-EXP-ODP-RTE-FC-23,8,  -   ,479358,"59919,75",AREA 3,BALI NUSRA,FLORES,PT2,Telkom Akses,231,23. PT2/Batch 8 thp 1,Prio September,NY Go Live,0,Y,y,20 Branch,#N/A,00. Propose Drop,Ready,,,,23/09/2026,"Irisan Cleansing Port 2,3 Jt",,,,,#N/A,,,,
13253094,250_-3838_11346-EXP-ODP-RTE-FS-66,8,  8 ,479358,"59919,75",AREA 3,BALI NUSRA,FLORES,PT2,Telkom Akses,226,23. PT2/Batch 8 thp 1,Prio September,NY Go Live,0,Y,y,20 Branch,#N/A,05. Go Live,Ready,,,,,,,,,,#N/A,,,,
13252141,250_-3832_11343-EXP-ODP-RTE-FA-74,8,  -   ,479358,"59919,75",AREA 3,BALI NUSRA,FLORES,PT2,Telkom Akses,223,23. PT2/Batch 8 thp 1,Prio September,NY Go Live,0,Y,y,20 Branch,#N/A,01. Persiapan,Ready,,,,23/09/2026,,,,,,#N/A,,,,
13236262,3NTT-PT2-EXPAN-ODP-RTE-FJ-53,8,  -   ,1603155,200.394.375,AREA 3,BALI NUSRA,FLORES,PT2,Telkom Akses,216,23. PT2/Batch 8 thp 1,Prio September,NY Go Live,0,Y,y,20 Branch,#N/A,00. Propose Drop,Ready,,,,23/09/2026,"Irisan Cleansing Port 2,3 Jt",,,,,#N/A,,,,
13234679,3NTT-RTE-PT2-SIMPLE -ODP-RTE-FS-63,16,  -   ,4207816,"262988,5",AREA 3,BALI NUSRA,FLORES,PT2,Telkom Akses,214,23. PT2/Batch 8 thp 1,Prio September,NY Go Live,0,Y,y,20 Branch,#N/A,01. Persiapan,Ready,,,,23/09/2026,,,,,,#N/A,,,,
13228771,3NTT-EXPAND-ODP-BJW-FC33,8,  -   ,1342209,167.776.125,AREA 3,BALI NUSRA,FLORES,PT2,Telkom Akses,213,23. PT2/Batch 8 thp 1,Prio September,NY Go Live,0,Y,y,20 Branch,#N/A,00. Propose Drop,Ready,,,,23/09/2026,"Irisan Cleansing Port 2,3 Jt",,,,,#N/A,,,,
13228705,3NTT-EXPAND-ODP-BJW-FC-16,8,  -   ,1342209,167.776.125,AREA 3,BALI NUSRA,FLORES,PT2,Telkom Akses,212,23. PT2/Batch 8 thp 1,Prio September,NY Go Live,0,Y,y,20 Branch,#N/A,00. Propose Drop,Ready,,,,23/09/2026,"Irisan Cleansing Port 2,3 Jt",,,,,#N/A,,,,
13228352,3NTT-EXPAND-ODP-BJW-FF19,8,  -   ,1342209,167.776.125,AREA 3,BALI NUSRA,FLORES,PT2,Telkom Akses,209,23. PT2/Batch 8 thp 1,Prio September,NY Go Live,0,Y,y,20 Branch,#N/A,00. Propose Drop,Ready,,,,23/09/2026,"Irisan Cleansing Port 2,3 Jt",,,,,#N/A,,,,
13226588,250_-3833_11349-EXP-ODP-RTE-FS-20,8,  -   ,479358,"59919,75",AREA 3,BALI NUSRA,FLORES,PT2,Telkom Akses,196,23. PT2/Batch 8 thp 1,Prio September,NY Go Live,0,Y,y,20 Branch,#N/A,01. Persiapan,Ready,,,,23/09/2026,,,,,,#N/A,,,,
13226497,250_-3833_11348-EXP-ODP-RTE-FS-19,8,  -   ,479358,"59919,75",AREA 3,BALI NUSRA,FLORES,PT2,Telkom Akses,194,23. PT2/Batch 8 thp 1,Prio September,NY Go Live,0,Y,y,20 Branch,#N/A,01. Persiapan,Ready,,,,23/09/2026,,,,,,#N/A,,,,
13226467,250_-3833_11350-EXP-ODP-RTE-FS-22,8,  8 ,479358,"59919,75",AREA 3,BALI NUSRA,FLORES,PT2,Telkom Akses,193,23. PT2/Batch 8 thp 1,Prio September,NY Go Live,0,Y,y,20 Branch,#N/A,05. Go Live,Ready,,,,,,,,,,#N/A,,,,
13226412,250_-3833_11341-EXP-ODP-RTE-FB-31,8,  -   ,479358,"59919,75",AREA 3,BALI NUSRA,FLORES,PT2,Telkom Akses,190,23. PT2/Batch 8 thp 1,Prio September,NY Go Live,0,Y,y,20 Branch,#N/A,00. Propose Drop,Ready,,,,24/09/2026,"Irisan Cleansing Port 2,3 Jt",,,,,#N/A,,,,
13225036,250_-3826_11346-EXP-ODP-RTE-FM-94,8,  -   ,479358,"59919,75",AREA 3,BALI NUSRA,FLORES,PT2,Telkom Akses,189,23. PT2/Batch 8 thp 1,Prio September,NY Go Live,0,Y,y,20 Branch,#N/A,00. Propose Drop,Ready,,,,23/09/2026,"Irisan Cleansing Port 2,3 Jt",,,,,#N/A,,,,
13224407,3NTT-LBO-PT2EXPAND-250_3775_11093,16,  -   ,1039774,64.985.875,AREA 3,BALI NUSRA,FLORES,PT2,Telkom Akses,187,23. PT2/Batch 8 thp 1,Prio September,NY Go Live,0,Y,y,20 Branch,#N/A,01. Persiapan,Ready,,,,23/09/2026,,,,,,#N/A,,,,
13224376,3NTT-LBO-PT2EXPAND-250_3773_11097,16,  -   ,1039774,64.985.875,AREA 3,BALI NUSRA,FLORES,PT2,Telkom Akses,186,23. PT2/Batch 8 thp 1,Prio September,NY Go Live,0,Y,y,20 Branch,#N/A,01. Persiapan,Ready,,,,23/09/2026,,,,,,#N/A,,,,
13223890,3NTT-LBO-PT2EXPAND-250_3791_11083,16,  -   ,1039774,64.985.875,AREA 3,BALI NUSRA,FLORES,PT2,Telkom Akses,185,23. PT2/Batch 8 thp 1,Prio September,NY Go Live,0,Y,y,20 Branch,#N/A,01. Persiapan,Ready,,,,23/09/2026,,,,,,#N/A,,,,
13223841,3NTT-LBO-PT2EXPAND-250_3793_11092,16,  -   ,1039774,64.985.875,AREA 3,BALI NUSRA,FLORES,PT2,Telkom Akses,184,23. PT2/Batch 8 thp 1,Prio September,NY Go Live,0,Y,y,20 Branch,#N/A,01. Persiapan,Ready,,,,23/09/2026,,,,,,#N/A,,,,
13223667,3NTT-LBO-PT2EXPAND-250_-3791_11092,16,  -   ,1039774,64.985.875,AREA 3,BALI NUSRA,FLORES,PT2,Telkom Akses,182,23. PT2/Batch 8 thp 1,Prio September,NY Go Live,0,Y,y,20 Branch,#N/A,01. Persiapan,Ready,,,,23/09/2026,,,,,,#N/A,,,,
13235760,3NTT-RTE-EXPAND-ODP-RTE-FB-23,8,  -   ,2508239,313.529.875,AREA 3,BALI NUSRA,FLORES,PT2,Telkom Akses,175,23. PT2/Batch 8 thp 1,Prio September,NY Go Live,0,Y,y,20 Branch,#N/A,01. Persiapan,Ready,,,,23/09/2026,,,,,,#N/A,,,,
13235697,3NTT-RTE-EXPAND-ODP-RTE-FA-82,8,  8 ,4339764,"542470,5",AREA 3,BALI NUSRA,FLORES,PT2,Telkom Akses,167,23. PT2/Batch 8 thp 1,Prio September,NY Go Live,0,Y,y,20 Branch,#N/A,05. Go Live,Ready,,,,,,,,,,#N/A,,,,
13242806,ODP-ATB-FB/93,8,  -   ,767596,"95949,5",AREA 3,BALI NUSRA,KUPANG,PT2,Telkom Akses,39,20. PT2/Batch 7 thp 2,Prio September,NY Go Live,0,Y,y,20 Branch,#N/A,01. Persiapan,Ready,,,,23/09/2026,,,,,,#N/A,,,,
13236294,ODP-SOE-FE/39,8,  -   ,767596,"95949,5",AREA 3,BALI NUSRA,KUPANG,PT2,Telkom Akses,44,20. PT2/Batch 7 thp 2,Prio September,NY Go Live,0,Y,y,20 Branch,#N/A,01. Persiapan,Ready,,,,23/09/2026,,,,,,#N/A,,,,
13242533,ODP-ATB-FL/14,8,  -   ,1197851,149.731.375,AREA 3,BALI NUSRA,KUPANG,PT2,Telkom Akses,45,20. PT2/Batch 7 thp 2,Prio September,NY Go Live,0,Y,y,20 Branch,#N/A,01. Persiapan,Ready,,,,24/09/2026,,,,,,#N/A,,,,
13244376,ODP-WGP-FG/39,8,  -   ,1622956,"202869,5",AREA 3,BALI NUSRA,KUPANG,PT2,Telkom Akses,46,20. PT2/Batch 7 thp 2,Prio September,NY Go Live,0,Y,y,20 Branch,#N/A,00. Propose Drop,Ready,,,,23/09/2026,"Irisan Cleansing Port 2,3 Jt",,,,,#N/A,,,,
13234387,ODP-KEF-FG/26,8,  -   ,767596,"95949,5",AREA 3,BALI NUSRA,KUPANG,PT2,Telkom Akses,47,20. PT2/Batch 7 thp 2,Prio September,NY Go Live,0,Y,y,20 Branch,#N/A,01. Persiapan,Ready,,,,23/09/2026,,,,,,#N/A,,,,
11531922,ODP-ATB-FB/84,8,  -   ,767596,"95949,5",AREA 3,BALI NUSRA,KUPANG,PT2,Telkom Akses,48,20. PT2/Batch 7 thp 2,Prio September,NY Go Live,0,Y,y,20 Branch,#N/A,01. Persiapan,Ready,,,,23/09/2026,,,,,,#N/A,,,,
13242338,ODP-ATB-FB/83,8,  -   ,767596,"95949,5",AREA 3,BALI NUSRA,KUPANG,PT2,Telkom Akses,49,20. PT2/Batch 7 thp 2,Prio September,NY Go Live,0,Y,y,20 Branch,#N/A,00. Propose Drop,Ready,,,,23/09/2026,"Irisan Cleansing Port 2,3 Jt",,,,,#N/A,,,,
11586907,ODP-ATB-FK/12,8,  -   ,1622956,"202869,5",AREA 3,BALI NUSRA,KUPANG,PT2,Telkom Akses,50,20. PT2/Batch 7 thp 2,Prio September,NY Go Live,0,Y,y,20 Branch,#N/A,01. Persiapan,Ready,,,,23/09/2026,,,,,,#N/A,,,,
13243246,ODP-ATB-FJ/13,8,  -   ,1622956,"202869,5",AREA 3,BALI NUSRA,KUPANG,PT2,Telkom Akses,53,20. PT2/Batch 7 thp 2,Prio September,NY Go Live,0,Y,y,20 Branch,#N/A,01. Persiapan,Ready,,,,23/09/2026,,,,,,#N/A,,,,
13235813,ODP-MMR-FW/07,8,  -   ,767596,"95949,5",AREA 3,BALI NUSRA,FLORES,PT2,Telkom Akses,54,20. PT2/Batch 7 thp 2,Prio September,NY Go Live,0,Y,y,20 Branch,#N/A,01. Persiapan,Ready,,,,23/09/2026,,,,,,#N/A,,,,
13234321,ODP-END-FJ/67,8,  -   ,767596,"95949,5",AREA 3,BALI NUSRA,FLORES,PT2,Telkom Akses,55,20. PT2/Batch 7 thp 2,Prio September,NY Go Live,0,Y,y,20 Branch,#N/A,00. Propose Drop,Ready,,,,23/09/2026,"Irisan Cleansing Port 2,3 Jt",,,,,#N/A,,,,
12652339,ODP-BEN-FA/06,8,  -   ,767596,"95949,5",AREA 3,BALI NUSRA,KUPANG,PT2,Telkom Akses,55,20. PT2/Batch 7 thp 2,Prio September,NY Go Live,0,Y,y,20 Branch,#N/A,00. Propose Drop,Ready,,,,23/09/2026,"Irisan Cleansing Port 2,3 Jt",,,,,#N/A,,,,
13235679,ODP-MMR-FU/58,8,  -   ,767596,"95949,5",AREA 3,BALI NUSRA,FLORES,PT2,Telkom Akses,56,20. PT2/Batch 7 thp 2,Prio September,NY Go Live,0,Y,y,20 Branch,#N/A,00. Propose Drop,Ready,,,,23/09/2026,"Irisan Cleansing Port 2,3 Jt",,,,,#N/A,,,,
10575762,ODP-OSP-FK/03,8,  -   ,1147091,143.386.375,AREA 3,BALI NUSRA,KUPANG,PT2,Telkom Akses,57,20. PT2/Batch 7 thp 2,Prio September,NY Go Live,0,Y,y,20 Branch,#N/A,01. Persiapan,Ready,,,,23/09/2026,,,,,,#N/A,,,,
13235311,ODP-LRT-FD/10,8,  -   ,767596,"95949,5",AREA 3,BALI NUSRA,FLORES,PT2,Telkom Akses,59,20. PT2/Batch 7 thp 2,Prio September,NY Go Live,0,Y,y,20 Branch,#N/A,00. Propose Drop,Ready,,,,23/09/2026,"Irisan Cleansing Port 2,3 Jt",,,,,#N/A,,,,
13235400,ODP-LWB-FC/41,8,  -   ,767596,"95949,5",AREA 3,BALI NUSRA,FLORES,PT2,Telkom Akses,60,20. PT2/Batch 7 thp 2,Prio September,NY Go Live,0,Y,y,20 Branch,#N/A,00. Propose Drop,Ready,,,,23/09/2026,"Irisan Cleansing Port 2,3 Jt",,,,,#N/A,,,,
13244283,ODP-MMR-FH/42,8,  -   ,1622956,"202869,5",AREA 3,BALI NUSRA,FLORES,PT2,Telkom Akses,62,20. PT2/Batch 7 thp 2,Prio September,NY Go Live,0,Y,y,20 Branch,#N/A,00. Propose Drop,Ready,,,,23/09/2026,"Irisan Cleansing Port 2,3 Jt",,,,,#N/A,,,,
11518037,ODP-BJW-FL/51,8,  -   ,767596,"95949,5",AREA 3,BALI NUSRA,FLORES,PT2,Telkom Akses,63,20. PT2/Batch 7 thp 2,Prio September,NY Go Live,0,Y,y,20 Branch,#N/A,01. Persiapan,Ready,,,,23/09/2026,,,,,,#N/A,,,,
13234163,ODP-BJW-FL/49,8,  -   ,767596,"95949,5",AREA 3,BALI NUSRA,FLORES,PT2,Telkom Akses,64,20. PT2/Batch 7 thp 2,Prio September,NY Go Live,0,Y,y,20 Branch,#N/A,01. Persiapan,Ready,,,,24/09/2026,,,,,,#N/A,,,,
13234280,ODP-END-FN/32,8,  -   ,767596,"95949,5",AREA 3,BALI NUSRA,FLORES,PT2,Telkom Akses,66,20. PT2/Batch 7 thp 2,Prio September,NY Go Live,0,Y,y,20 Branch,#N/A,00. Propose Drop,Ready,,,,23/09/2026,"Irisan Cleansing Port 2,3 Jt",,,,,#N/A,,,,
11498134,ODP-BJW-FH/18,8,  -   ,767596,"95949,5",AREA 3,BALI NUSRA,FLORES,PT2,Telkom Akses,68,20. PT2/Batch 7 thp 2,Prio September,NY Go Live,0,Y,y,20 Branch,#N/A,01. Persiapan,Ready,,,,23/09/2026,,,,,,#N/A,,,,
13235970,ODP-RTE-FF/13,8,  -   ,767596,"95949,5",AREA 3,BALI NUSRA,FLORES,PT2,Telkom Akses,69,20. PT2/Batch 7 thp 2,Prio September,NY Go Live,0,Y,y,20 Branch,#N/A,01. Persiapan,Ready,,,,23/09/2026,,,,,,#N/A,,,,
12019187,ODP-BJW-FB/86,8,  -   ,767596,"95949,5",AREA 3,BALI NUSRA,FLORES,PT2,Telkom Akses,74,20. PT2/Batch 7 thp 2,Prio September,NY Go Live,0,Y,y,20 Branch,#N/A,00. Propose Drop,NY Ready,,,,,QE Repair Core,,,,,#N/A,,,,
13234101,ODP-BJW-FC/50,8,  -   ,767596,"95949,5",AREA 3,BALI NUSRA,FLORES,PT2,Telkom Akses,75,20. PT2/Batch 7 thp 2,Prio September,NY Go Live,0,Y,y,20 Branch,#N/A,00. Propose Drop,Ready,,,,23/09/2026,"Irisan Cleansing Port 2,3 Jt",,,,,#N/A,,,,
13235493,ODP-MMR-FG/18,8,  -   ,767596,"95949,5",AREA 3,BALI NUSRA,FLORES,PT2,Telkom Akses,76,20. PT2/Batch 7 thp 2,Prio September,NY Go Live,0,Y,y,20 Branch,#N/A,00. Propose Drop,Ready,,,,23/09/2026,"Irisan Cleansing Port 2,3 Jt",,,,,#N/A,,,,
13234030,ODP-BJW-FC/45,8,  -   ,767596,"95949,5",AREA 3,BALI NUSRA,FLORES,PT2,Telkom Akses,78,20. PT2/Batch 7 thp 2,Prio September,NY Go Live,0,Y,y,20 Branch,#N/A,00. Propose Drop,Ready,,,,23/09/2026,"Irisan Cleansing Port 2,3 Jt",,,,,#N/A,,,,
13235367,ODP-LWB-FB/96,8,  -   ,767596,"95949,5",AREA 3,BALI NUSRA,FLORES,PT2,Telkom Akses,80,20. PT2/Batch 7 thp 2,Prio September,NY Go Live,0,Y,y,20 Branch,#N/A,00. Propose Drop,Ready,,,,23/09/2026,"Irisan Cleansing Port 2,3 Jt",,,,,#N/A,,,,
13235945,ODP-RTE-FB/45,8,  -   ,767596,"95949,5",AREA 3,BALI NUSRA,FLORES,PT2,Telkom Akses,81,20. PT2/Batch 7 thp 2,Prio September,NY Go Live,0,Y,y,20 Branch,#N/A,00. Propose Drop,Ready,,,,23/09/2026,"Irisan Cleansing Port 2,3 Jt",,,,,#N/A,,,,
11525305,ODP-MMR-FB/115,8,  -   ,767596,"95949,5",AREA 3,BALI NUSRA,FLORES,PT2,Telkom Akses,82,20. PT2/Batch 7 thp 2,Prio September,NY Go Live,0,Y,y,20 Branch,#N/A,00. Propose Drop,NY Ready,,,,,QE Repair Core,,,,,#N/A,,,,
11518175,ODP-LRT-FD/09,8,  -   ,1147091,143.386.375,AREA 3,BALI NUSRA,FLORES,PT2,Telkom Akses,87,20. PT2/Batch 7 thp 2,Prio September,NY Go Live,0,Y,y,20 Branch,#N/A,01. Persiapan,Ready,,,,23/09/2026,,,,,,#N/A,,,,
11910902,ODP-LWB-FC/19,8,  -   ,767596,"95949,5",AREA 3,BALI NUSRA,FLORES,PT2,Telkom Akses,90,20. PT2/Batch 7 thp 2,Prio September,NY Go Live,0,Y,y,20 Branch,#N/A,01. Persiapan,Ready,,,,23/09/2026,,,,,,#N/A,,,,
13233762,ODP-KLH-FC/41,8,  -   ,767596,"95949,5",AREA 3,BALI NUSRA,FLORES,PT2,Telkom Akses,93,20. PT2/Batch 7 thp 2,Prio September,NY Go Live,0,Y,y,20 Branch,#N/A,01. Persiapan,Ready,,,,23/09/2026,,,,,,#N/A,,,,
11276322,ODP-KLH-FC/45,8,  -   ,767596,"95949,5",AREA 3,BALI NUSRA,FLORES,PT2,Telkom Akses,94,20. PT2/Batch 7 thp 2,Prio September,NY Go Live,0,Y,y,20 Branch,#N/A,01. Persiapan,Ready,,,,23/09/2026,,,,,,#N/A,,,,
13244361,ODP-BJW-FF/20,8,  -   ,1622956,"202869,5",AREA 3,BALI NUSRA,FLORES,PT2,Telkom Akses,97,20. PT2/Batch 7 thp 2,Prio September,NY Go Live,0,Y,y,20 Branch,#N/A,00. Propose Drop,Ready,,,,23/09/2026,"Irisan Cleansing Port 2,3 Jt",,,,,#N/A,,,,
11498185,ODP-BJW-FF/19,8,  -   ,767596,"95949,5",AREA 3,BALI NUSRA,FLORES,PT2,Telkom Akses,98,20. PT2/Batch 7 thp 2,Prio September,NY Go Live,0,Y,y,20 Branch,#N/A,01. Persiapan,Ready,,,,24/09/2026,,,,,,#N/A,,,,
11498211,ODP-BJW-FF/21,8,  -   ,1246954,"155869,25",AREA 3,BALI NUSRA,FLORES,PT2,Telkom Akses,99,20. PT2/Batch 7 thp 2,Prio September,NY Go Live,0,Y,y,20 Branch,#N/A,01. Persiapan,Ready,,,,23/09/2026,,,,,,#N/A,,,,
11784363,ODP-LWB-FA/01,8,  -   ,1622956,"202869,5",AREA 3,BALI NUSRA,FLORES,PT2,Telkom Akses,101,20. PT2/Batch 7 thp 2,Prio September,NY Go Live,0,Y,y,20 Branch,#N/A,01. Persiapan,Ready,,,,23/09/2026,,,,,,#N/A,,,,
13247417,ODP-KLH-FC/18,8,  -   ,1622956,"202869,5",AREA 3,BALI NUSRA,FLORES,PT2,Telkom Akses,109,20. PT2/Batch 7 thp 2,Prio September,NY Go Live,0,Y,y,20 Branch,#N/A,00. Propose Drop,Ready,,,,23/09/2026,"Irisan Cleansing Port 2,3 Jt",,,,,#N/A,,,,
11958253,ODP-MMR-FH/11,8,  -   ,1622956,"202869,5",AREA 3,BALI NUSRA,FLORES,PT2,Telkom Akses,111,20. PT2/Batch 7 thp 2,Prio September,NY Go Live,0,Y,y,20 Branch,#N/A,00. Propose Drop,Ready,,,,23/09/2026,"Irisan Cleansing Port 2,3 Jt",,,,,#N/A,,,,
13244259,ODP-MMR-FH/01,8,  -   ,1622956,"202869,5",AREA 3,BALI NUSRA,FLORES,PT2,Telkom Akses,112,20. PT2/Batch 7 thp 2,Prio September,NY Go Live,0,Y,y,20 Branch,#N/A,01. Persiapan,Ready,,,,23/09/2026,,,,,,#N/A,,,,
13243938,ODP-LRT-FB/35,8,  -   ,1622956,"202869,5",AREA 3,BALI NUSRA,FLORES,PT2,Telkom Akses,114,20. PT2/Batch 7 thp 2,Prio September,NY Go Live,0,Y,y,20 Branch,#N/A,00. Propose Drop,Ready,,,,23/09/2026,"Irisan Cleansing Port 2,3 Jt",,,,,#N/A,,,,
11442681,ODP-BJW-FB/17,8,  -   ,1622956,"202869,5",AREA 3,BALI NUSRA,FLORES,PT2,Telkom Akses,116,20. PT2/Batch 7 thp 2,Prio September,NY Go Live,0,Y,y,20 Branch,#N/A,01. Persiapan,Ready,,,,23/09/2026,,,,,,#N/A,,,,
10574526,ODP-LRT-FB/01,8,  -   ,1147091,143.386.375,AREA 3,BALI NUSRA,FLORES,PT2,Telkom Akses,117,20. PT2/Batch 7 thp 2,Prio September,NY Go Live,0,Y,y,20 Branch,#N/A,01. Persiapan,Ready,,,,23/09/2026,,,,,,#N/A,,,,
11525318,ODP-MMR-FA/04,8,  -   ,1622956,"202869,5",AREA 3,BALI NUSRA,FLORES,PT2,Telkom Akses,118,20. PT2/Batch 7 thp 2,Prio September,NY Go Live,0,Y,y,20 Branch,#N/A,00. Propose Drop,NY Ready,,,,,QE Repair Core,,,,,#N/A,,,,
13244213,ODP-MMR-FA/05,8,  -   ,1622956,"202869,5",AREA 3,BALI NUSRA,FLORES,PT2,Telkom Akses,119,20. PT2/Batch 7 thp 2,Prio September,NY Go Live,0,Y,y,20 Branch,#N/A,01. Persiapan,Ready,,,,23/09/2026,,,,,,#N/A,,,,
13244189,ODP-MMR-FA/02,8,  -   ,1622956,"202869,5",AREA 3,BALI NUSRA,FLORES,PT2,Telkom Akses,120,20. PT2/Batch 7 thp 2,Prio September,NY Go Live,0,Y,y,20 Branch,#N/A,01. Persiapan,Ready,,,,23/09/2026,,,,,,#N/A,,,,
13061890,ODP-BAA-FE/13,8,  -   ,767596,"95949,5",AREA 3,BALI NUSRA,KUPANG,PT2,Telkom Akses,264,20. PT2/Batch 7 thp 2,Prio September,NY Go Live,0,Y,y,20 Branch,#N/A,01. Persiapan,Ready,,,,23/09/2026,,,,,,#N/A,,,,
11518195,3NTT-LRT-EXPAND-ODP-LRT-FJ-28,8,  -   ,1311319,163.914.875,AREA 3,BALI NUSRA,FLORES,PT2,Telkom Akses,413,9. PT2/Batch 2,Prio September,NY Go Live,0,Y,y,20 Branch,#N/A,01. Persiapan,Ready,,,,23/09/2026,,,,,,#N/A,,,,
11448026,3NTT-RTE-EXPAND-ODP-RTE-FA 78,16,  -   ,926703,579.189.375,AREA 3,BALI NUSRA,FLORES,PT2,Telkom Akses,411,9. PT2/Batch 2,Prio September,NY Go Live,0,Y,y,20 Branch,#N/A,04. Finish Instalasi,Ready,,,,23/09/2026,,,,,,#N/A,,,,
11518367,3NTT-MMR-EXPAND-ODP-MMR-FE-91,16,  -   ,926703,579.189.375,AREA 3,BALI NUSRA,FLORES,PT2,Telkom Akses,410,9. PT2/Batch 2,Prio September,NY Go Live,0,Y,y,20 Branch,#N/A,01. Persiapan,Ready,,,,23/09/2026,,,,,,#N/A,,,,
12784591,3NTT-LBO-EXPAND-ODP-LBO-FA-15,16,  -   ,479358,29.959.875,AREA 3,BALI NUSRA,FLORES,PT2,Telkom Akses,403,9. PT2/Batch 2,Prio September,NY Go Live,0,Y,y,20 Branch,#N/A,01. Persiapan,Ready,,,,23/09/2026,,,,,,#N/A,,,,
11929226,3NTT-BJW-EXPAND-ODP-BJW-FM-24,16,  -   ,479358,29.959.875,AREA 3,BALI NUSRA,FLORES,PT2,Telkom Akses,400,9. PT2/Batch 2,Prio September,NY Go Live,0,Y,y,20 Branch,#N/A,01. Persiapan,Ready,,,,23/09/2026,,,,,,#N/A,,,,
11919454,3NTT-WKB-EXPAND-ODP-WKB-FK-12,24,  -   ,2656325,1.106.802.083,AREA 3,BALI NUSRA,KUPANG,PT2,Telkom Akses,356,9. PT2/Batch 2,Prio September,NY Go Live,0,Y,y,20 Branch,#N/A,00. Propose Drop,NY Ready,,,,,QE Repair Core,,,,,#N/A,,,,
13135028,r_2500_-429_1087_KOTA WKB-Expand-A,8,  -   ,808921,101.115.125,AREA 3,BALI NUSRA,KUPANG,PT2,Telkom Akses,284,9. PT2/Batch 2,Prio September,NY Go Live,0,Y,y,20 Branch,#N/A,01. Persiapan,Ready,,,,23/09/2026,,,,,,#N/A,,,,
13284923,ODP-RTE-FB/31,8,  8 ,818356,"102294,5",AREA 3,BALI NUSRA,FLORES,PT2,Telkom Akses,49,21. PT2/Batch 7 thp 3,Prio September,NY Go Live,0,Y,y,20 Branch,#N/A,05. Go Live,Ready,,,,,,,,,,#N/A,,,,
13284870,ODP-RTE-FB/24,8,  -   ,818356,"102294,5",AREA 3,BALI NUSRA,FLORES,PT2,Telkom Akses,48,21. PT2/Batch 7 thp 3,Prio September,NY Go Live,0,Y,y,20 Branch,#N/A,00. Propose Drop,Ready,,,,24/09/2026,"Irisan Cleansing Port 2,3 Jt",,,,,#N/A,,,,
13284822,ODP-REO-FA/21,8,  -   ,2252926,"281615,75",AREA 3,BALI NUSRA,FLORES,PT2,Telkom Akses,46,21. PT2/Batch 7 thp 3,Prio September,NY Go Live,0,Y,y,20 Branch,#N/A,00. Propose Drop,Ready,,,,24/09/2026,"Irisan Cleansing Port 2,3 Jt",,,,,#N/A,,,,
13284788,ODP-MMR-FK/33,8,  -   ,818356,"102294,5",AREA 3,BALI NUSRA,FLORES,PT2,Telkom Akses,44,21. PT2/Batch 7 thp 3,Prio September,NY Go Live,0,Y,y,20 Branch,#N/A,01. Persiapan,Ready,,,,24/09/2026,,,,,,#N/A,,,,
13284768,ODP-MMR-FK/31,8,  -   ,818356,"102294,5",AREA 3,BALI NUSRA,FLORES,PT2,Telkom Akses,43,21. PT2/Batch 7 thp 3,Prio September,NY Go Live,0,Y,y,20 Branch,#N/A,00. Propose Drop,Ready,,,,24/09/2026,"Irisan Cleansing Port 2,3 Jt",,,,,#N/A,,,,
13284731,ODP-MMR-FK/20,8,  -   ,2252926,"281615,75",AREA 3,BALI NUSRA,FLORES,PT2,Telkom Akses,42,21. PT2/Batch 7 thp 3,Prio September,NY Go Live,0,Y,y,20 Branch,#N/A,00. Propose Drop,Ready,,,,24/09/2026,"Irisan Cleansing Port 2,3 Jt",,,,,#N/A,,,,
13284702,ODP-LRT-FH/01,8,  -   ,818356,"102294,5",AREA 3,BALI NUSRA,FLORES,PT2,Telkom Akses,41,21. PT2/Batch 7 thp 3,Prio September,NY Go Live,0,Y,y,20 Branch,#N/A,01. Persiapan,Ready,,,,24/09/2026,,,,,,#N/A,,,,
13284553,ODP-LRT-FB/66,8,  -   ,818356,"102294,5",AREA 3,BALI NUSRA,FLORES,PT2,Telkom Akses,39,21. PT2/Batch 7 thp 3,Prio September,NY Go Live,0,Y,y,20 Branch,#N/A,01. Persiapan,Ready,,,,24/09/2026,,,,,,#N/A,,,,
13284520,ODP-LRT-FB/39,8,  -   ,2252926,"281615,75",AREA 3,BALI NUSRA,FLORES,PT2,Telkom Akses,38,21. PT2/Batch 7 thp 3,Prio September,NY Go Live,0,Y,y,20 Branch,#N/A,01. Persiapan,Ready,,,,24/09/2026,,,,,,#N/A,,,,
13282459,ODP-KEF-FB/31,8,  -   ,2252926,"281615,75",AREA 3,BALI NUSRA,KUPANG,PT2,Telkom Akses,34,21. PT2/Batch 7 thp 3,Prio September,NY Go Live,0,Y,y,20 Branch,#N/A,01. Persiapan,Ready,,,,24/09/2026,,,,,,#N/A,,,,
13283045,ODP-KLH-FB/34,8,  -   ,2252926,"281615,75",AREA 3,BALI NUSRA,FLORES,PT2,Telkom Akses,32,21. PT2/Batch 7 thp 3,Prio September,NY Go Live,0,Y,y,20 Branch,#N/A,00. Propose Drop,Ready,,,,24/09/2026,"Irisan Cleansing Port 2,3 Jt",,,,,#N/A,,,,
13280235,ODP-SOE-FC/45,8,  -   ,2252926,"281615,75",AREA 3,BALI NUSRA,KUPANG,PT2,Telkom Akses,29,21. PT2/Batch 7 thp 3,Prio September,NY Go Live,0,Y,y,20 Branch,#N/A,00. Propose Drop,Ready,,,,24/09/2026,"Irisan Cleansing Port 2,3 Jt",,,,,#N/A,,,,
13280050,ODP-WKB-FD/01,8,  -   ,2252926,"281615,75",AREA 3,BALI NUSRA,KUPANG,PT2,Telkom Akses,27,21. PT2/Batch 7 thp 3,Prio September,NY Go Live,0,Y,y,20 Branch,#N/A,01. Persiapan,Ready,,,,24/09/2026,,,,,,#N/A,,,,
13279888,ODP-WKB-FD/03,8,  8 ,2252926,"281615,75",AREA 3,BALI NUSRA,KUPANG,PT2,Telkom Akses,26,21. PT2/Batch 7 thp 3,Prio September,NY Go Live,0,Y,y,20 Branch,#N/A,01. Persiapan,Ready,,,,24/09/2026,,,,,,#N/A,,,,
13279793,ODP-WKB-FF/08,8,  -   ,2252926,"281615,75",AREA 3,BALI NUSRA,KUPANG,PT2,Telkom Akses,25,21. PT2/Batch 7 thp 3,Prio September,NY Go Live,0,Y,y,20 Branch,#N/A,00. Propose Drop,Ready,,,,24/09/2026,"Irisan Cleansing Port 2,3 Jt",,,,,#N/A,,,,
13282691,ODP-KLH-FA/36,8,  -   ,2252926,"281615,75",AREA 3,BALI NUSRA,FLORES,PT2,Telkom Akses,24,21. PT2/Batch 7 thp 3,Prio September,NY Go Live,0,Y,y,20 Branch,#N/A,01. Persiapan,Ready,,,,24/09/2026,,,,,,#N/A,,,,
13279732,ODP-WKB-FF/09,8,  -   ,2252926,"281615,75",AREA 3,BALI NUSRA,KUPANG,PT2,Telkom Akses,24,21. PT2/Batch 7 thp 3,Prio September,NY Go Live,0,Y,y,20 Branch,#N/A,01. Persiapan,Ready,,,,24/09/2026,,,,,,#N/A,,,,
13282628,ODP-KLH-FA/33,8,  -   ,2252926,"281615,75",AREA 3,BALI NUSRA,FLORES,PT2,Telkom Akses,23,21. PT2/Batch 7 thp 3,Prio September,NY Go Live,0,Y,y,20 Branch,#N/A,00. Propose Drop,NY Ready,,,,,Duplikasi Order,,,,,#N/A,,,,
13278981,ODP-SOE-FA/35,8,  8 ,2252926,"281615,75",AREA 3,BALI NUSRA,KUPANG,PT2,Telkom Akses,22,21. PT2/Batch 7 thp 3,Prio September,NY Go Live,0,Y,y,20 Branch,#N/A,05. Go Live,Ready,,,,,,,,,,#N/A,,,,
13282245,ODP-BJW-FC/23,8,  -   ,2252926,"281615,75",AREA 3,BALI NUSRA,FLORES,PT2,Telkom Akses,21,21. PT2/Batch 7 thp 3,Prio September,NY Go Live,0,Y,y,20 Branch,#N/A,00. Propose Drop,Ready,,,,24/09/2026,"Irisan Cleansing Port 2,3 Jt",,,,,#N/A,,,,
13277330,ODP-SOE-FB/53,8,  -   ,818356,"102294,5",AREA 3,BALI NUSRA,KUPANG,PT2,Telkom Akses,20,21. PT2/Batch 7 thp 3,Prio September,NY Go Live,0,Y,y,20 Branch,#N/A,00. Propose Drop,Ready,,,,24/09/2026,"Irisan Cleansing Port 2,3 Jt",,,,,#N/A,,,,
13278997,ODP-RTE-FS/19,8,  8 ,818356,"102294,5",AREA 3,BALI NUSRA,FLORES,PT2,Telkom Akses,19,21. PT2/Batch 7 thp 3,Prio September,NY Go Live,0,Y,y,20 Branch,#N/A,05. Go Live,Ready,,,,,,,,,,#N/A,,,,
13277282,ODP-SOE-FD/11,8,  -   ,818356,"102294,5",AREA 3,BALI NUSRA,KUPANG,PT2,Telkom Akses,19,21. PT2/Batch 7 thp 3,Prio September,NY Go Live,0,Y,y,20 Branch,#N/A,00. Propose Drop,Ready,,,,24/09/2026,"Irisan Cleansing Port 2,3 Jt",,,,,#N/A,,,,
13278990,ODP-RTE-FS/22,8,  -   ,818356,"102294,5",AREA 3,BALI NUSRA,FLORES,PT2,Telkom Akses,18,21. PT2/Batch 7 thp 3,Prio September,NY Go Live,0,Y,y,20 Branch,#N/A,00. Propose Drop,Ready,,,,24/09/2026,"Irisan Cleansing Port 2,3 Jt",,,,,#N/A,,,,
13277862,ODP-KLH-FD/74,8,  -   ,818356,"102294,5",AREA 3,BALI NUSRA,FLORES,PT2,Telkom Akses,17,21. PT2/Batch 7 thp 3,Prio September,NY Go Live,0,Y,y,20 Branch,#N/A,00. Propose Drop,Ready,,,,24/09/2026,"Irisan Cleansing Port 2,3 Jt",,,,,#N/A,,,,
13277072,ODP-WKB-FB/62,8,  -   ,818356,"102294,5",AREA 3,BALI NUSRA,KUPANG,PT2,Telkom Akses,16,21. PT2/Batch 7 thp 3,Prio September,NY Go Live,0,Y,y,20 Branch,#N/A,00. Propose Drop,Ready,,,,24/09/2026,"Irisan Cleansing Port 2,3 Jt",,,,,#N/A,,,,
13277121,ODP-BJW-FC/43,8,  -   ,818356,"102294,5",AREA 3,BALI NUSRA,FLORES,PT2,Telkom Akses,8,21. PT2/Batch 7 thp 3,Prio September,NY Go Live,0,Y,y,20 Branch,#N/A,01. Persiapan,Ready,,,,24/09/2026,,,,,,#N/A,,,,
13277097,ODP-BJW-FC/33,8,  -   ,818356,"102294,5",AREA 3,BALI NUSRA,FLORES,PT2,Telkom Akses,7,21. PT2/Batch 7 thp 3,Prio September,NY Go Live,0,Y,y,20 Branch,#N/A,00. Propose Drop,Ready,,,,24/09/2026,"Irisan Cleansing Port 2,3 Jt",,,,,#N/A,,,,
13276997,ODP-BJW-FB/87,8,  -   ,818356,"102294,5",AREA 3,BALI NUSRA,FLORES,PT2,Telkom Akses,4,21. PT2/Batch 7 thp 3,Prio September,NY Go Live,0,Y,y,20 Branch,#N/A,00. Propose Drop,Ready,,,,24/09/2026,"Irisan Cleansing Port 2,3 Jt",,,,,#N/A,,,,
13276840,ODP-BJW-FB/83,8,  -   ,818356,"102294,5",AREA 3,BALI NUSRA,FLORES,PT2,Telkom Akses,3,21. PT2/Batch 7 thp 3,Prio September,NY Go Live,0,Y,y,20 Branch,#N/A,01. Persiapan,Ready,,,,24/09/2026,,,,,,#N/A,,,,
13276801,ODP-BJW-FB/71,8,  -   ,818356,"102294,5",AREA 3,BALI NUSRA,FLORES,PT2,Telkom Akses,2,21. PT2/Batch 7 thp 3,Prio September,NY Go Live,0,Y,y,20 Branch,#N/A,00. Propose Drop,Ready,,,,24/09/2026,"Irisan Cleansing Port 2,3 Jt",,,,,#N/A,,,,
13073423,r_2500_-391_1157_BAJAWA Expand ODP,160,  -   ,10201154,637.572.125,AREA 3,BALI NUSRA,FLORES,PT2,Telkom Akses,4,9. PT2/Batch 2,Prio Agustus,NY Go Live,0,Y,y,20 Branch,PT2,01. Persiapan,Ready,,,,24/09/2026,,,,,,#N/A,,,,
13073427,r_2500_-392_1157_BAJAWA Expand ODP,48,  -   ,1438074,29.959.875,AREA 3,BALI NUSRA,FLORES,PT2,Telkom Akses,29,9. PT2/Batch 2,Prio Agustus,NY Go Live,0,Y,y,20 Branch,PT2,01. Persiapan,Ready,,,,24/09/2026,,,,,,#N/A,,,,
11517476,3NTT-LBO-PT2-ODP-LBO-FC-18,24,  -   ,2765460,"115227,5",AREA 3,BALI NUSRA,FLORES,PT2,Telkom Akses,45,9. PT2/Batch 2,Prio Agustus,NY Go Live,0,Y,y,20 Branch,PT2,01. Persiapan,Ready,,,,24/09/2026,,,,,,#N/A,,,,
11525673,3NTT-MMR-EXPAND-ODP-MMR-FC 31,24,  -   ,2656325,1.106.802.083,AREA 3,BALI NUSRA,FLORES,PT2,Telkom Akses,49,9. PT2/Batch 2,Prio Agustus,NY Go Live,0,Y,y,20 Branch,PT2,01. Persiapan,Ready,,,,24/09/2026,,,,,,#N/A,,,,
11525575,3NTT-MMR-EXPAND-ODP-MMR-FA 11,24,  -   ,2656325,1.106.802.083,AREA 3,BALI NUSRA,FLORES,PT2,Telkom Akses,50,9. PT2/Batch 2,Prio Agustus,NY Go Live,0,Y,y,20 Branch,PT2,01. Persiapan,Ready,,,,24/09/2026,,,,,,#N/A,,,,
11525680,3NTT-MMR-EXPAND-ODP-MMR-FA 05,24,  -   ,2656325,1.106.802.083,AREA 3,BALI NUSRA,FLORES,PT2,Telkom Akses,51,9. PT2/Batch 2,Prio Agustus,NY Go Live,0,Y,y,20 Branch,PT2,01. Persiapan,Ready,,,,24/09/2026,,,,,,#N/A,,,,
11525649,3NTT-MMR-EXPAND-ODP-MMR-FF 36,24,  -   ,2656325,1.106.802.083,AREA 3,BALI NUSRA,FLORES,PT2,Telkom Akses,58,9. PT2/Batch 2,Prio Agustus,NY Go Live,0,Y,y,20 Branch,PT2,01. Persiapan,Ready,,,,24/09/2026,,,,,,#N/A,,,,
11525966,3NTT-REO-EXPAND-ODP-REO-FA-61,24,  -   ,2656325,1.106.802.083,AREA 3,BALI NUSRA,FLORES,PT2,Telkom Akses,61,9. PT2/Batch 2,Prio Agustus,NY Go Live,0,Y,y,20 Branch,PT2,01. Persiapan,Ready,,,,24/09/2026,,,,,,#N/A,,,,
13094115,3NTT-END-EXPAND-ODP-END-FDA-38,16,  -   ,479358,29.959.875,AREA 3,BALI NUSRA,FLORES,PT2,Telkom Akses,64,12. PT2/Batch 4 UNTSEL,Prio Agustus,NY Go Live,0,Y,y,20 Branch,PT2,01. Persiapan,Ready,,,,24/09/2026,,,,,,#N/A,,,,
12780310,3NTT-REO-EXPAND-ODP-REO-FA-13,16,  -   ,479358,29.959.875,AREA 3,BALI NUSRA,FLORES,PT2,Telkom Akses,66,9. PT2/Batch 2,Prio Agustus,NY Go Live,0,Y,y,20 Branch,PT2,01. Persiapan,Ready,,,,24/09/2026,,,,,,#N/A,,,,
12973151,3NTT-BJW-EXPAND-ODP-BJW-FB-73,16,  -   ,479358,29.959.875,AREA 3,BALI NUSRA,FLORES,PT2,Telkom Akses,68,12. PT2/Batch 4 UNTSEL,Prio Agustus,NY Go Live,0,Y,y,20 Branch,PT2,01. Persiapan,Ready,,,,24/09/2026,,,,,,#N/A,,,,
13050864,3NTT-MMR-EXPAND-ODP-MMR-FN-22,16,  -   ,479358,29.959.875,AREA 3,BALI NUSRA,FLORES,PT2,Telkom Akses,71,12. PT2/Batch 4 UNTSEL,Prio Agustus,NY Go Live,0,Y,y,20 Branch,PT2,01. Persiapan,Ready,,,,24/09/2026,,,,,,#N/A,,,,
12650010,3NTT-MMR-EXPAND-ODP-MMR-FU-59,16,  -   ,479358,29.959.875,AREA 3,BALI NUSRA,FLORES,PT2,Telkom Akses,75,9. PT2/Batch 2,Prio Agustus,NY Go Live,0,Y,y,20 Branch,PT2,01. Persiapan,Ready,,,,24/09/2026,,,,,,#N/A,,,,
12791788,3NTT-MMR-EXPAND-ODP-MMR-FL-03,16,  -   ,479358,29.959.875,AREA 3,BALI NUSRA,FLORES,PT2,Telkom Akses,79,2. PT2/Batch 1,Prio Agustus,NY Go Live,0,Y,y,20 Branch,PT2,00. Propose Drop,NY Ready,,,,,QE Repair Core,,,,,#N/A,,,,
12791788,ODP-MMR-FL/03,16,  -   ,479358,29.959.875,AREA 3,BALI NUSRA,FLORES,PT2,Telkom Akses,79,20. PT2/Batch 7,Prio Agustus,NY Go Live,0,Y,y,20 Branch,PT2,00. Propose Drop,NY Ready,,,,,QE Repair Core,,,,,#N/A,,,,
11525346,3NTT-MMR-EXPAND-ODP-MMR-FH-10,16,  -   ,926703,579.189.375,AREA 3,BALI NUSRA,FLORES,PT2,Telkom Akses,81,2. PT2/Batch 1,Prio Agustus,NY Go Live,0,Y,y,20 Branch,PT2,00. Propose Drop,NY Ready,,,,,QE Repair Core,,,,,#N/A,,,,
11525346,ODP-MMR-FH/10,16,  -   ,926703,579.189.375,AREA 3,BALI NUSRA,FLORES,PT2,Telkom Akses,81,20. PT2/Batch 7,Prio Agustus,NY Go Live,0,Y,y,20 Branch,PT2,00. Propose Drop,NY Ready,,,,,QE Repair Core,,,,,#N/A,,,,
11525356,3NTT-MMR-EXPAND-ODP-MMR-FB-73,16,  -   ,926703,579.189.375,AREA 3,BALI NUSRA,FLORES,PT2,Telkom Akses,85,9. PT2/Batch 2,Prio Agustus,NY Go Live,0,Y,y,20 Branch,PT2,01. Persiapan,Ready,,,,24/09/2026,,,,,,#N/A,,,,
11521928,3NTT-LRT-EXPAND-ODP-LRT-FA-10,16,  -   ,926703,579.189.375,AREA 3,BALI NUSRA,FLORES,PT2,Telkom Akses,87,9. PT2/Batch 2,Prio Agustus,NY Go Live,0,Y,y,20 Branch,PT2,01. Persiapan,Ready,,,,24/09/2026,,,,,,#N/A,,,,
12779429,3NTT-LRT-EXPAND-ODP-LRT-FA-35,16,  -   ,479358,29.959.875,AREA 3,BALI NUSRA,FLORES,PT2,Telkom Akses,88,9. PT2/Batch 2,Prio Agustus,NY Go Live,0,Y,y,20 Branch,PT2,01. Persiapan,Ready,,,,24/09/2026,,,,,,#N/A,,,,
12784620,3NTT-LRT-EXPAND-ODP-LRT-FA-37,16,  -   ,479358,29.959.875,AREA 3,BALI NUSRA,FLORES,PT2,Telkom Akses,89,9. PT2/Batch 2,Prio Agustus,NY Go Live,0,Y,y,20 Branch,PT2,01. Persiapan,Ready,,,,24/09/2026,,,,,,#N/A,,,,
12791739,3NTT-MMR-EXPAND-ODP-MMR-FL-46,16,  -   ,479358,29.959.875,AREA 3,BALI NUSRA,FLORES,PT2,Telkom Akses,91,9. PT2/Batch 2,Prio Agustus,NY Go Live,0,Y,y,20 Branch,PT2,01. Persiapan,Ready,,,,24/09/2026,,,,,,#N/A,,,,
12780055,3NTT-REO-EXPAND-ODP-REO-FA-77,16,  -   ,479358,29.959.875,AREA 3,BALI NUSRA,FLORES,PT2,Telkom Akses,100,9. PT2/Batch 2,Prio Agustus,NY Go Live,0,Y,y,20 Branch,PT2,01. Persiapan,Ready,,,,24/09/2026,,,,,,#N/A,,,,
12780241,3NTT-REO-EXPAND-ODP-REO-FA-27,16,  -   ,479358,29.959.875,AREA 3,BALI NUSRA,FLORES,PT2,Telkom Akses,101,9. PT2/Batch 2,Prio Agustus,NY Go Live,0,Y,y,20 Branch,PT2,01. Persiapan,Ready,,,,24/09/2026,,,,,,#N/A,,,,
11517400,3NTT-RTE-EXPAND-ODP-RTE-FE-08,16,  -   ,926703,579.189.375,AREA 3,BALI NUSRA,FLORES,PT2,Telkom Akses,103,9. PT2/Batch 2,Prio Agustus,NY Go Live,0,Y,y,20 Branch,PT2,01. Persiapan,Ready,,,,24/09/2026,,,,,,#N/A,,,,
13134913,2500_-384_1212_ALOK Expand B,8,  8 ,808921,101.115.125,AREA 3,BALI NUSRA,FLORES,PT2,Telkom Akses,125,9. PT2/Batch 2,Prio Agustus,NY Go Live,0,Y,y,20 Branch,PT2,05. Go Live,Ready,,,,,,,,,,#N/A,,,,
13135259,2500_-385_1215_KANGAE Expand C,8,  -   ,859681,107.460.125,AREA 3,BALI NUSRA,FLORES,PT2,Telkom Akses,127,9. PT2/Batch 2,Prio Agustus,NY Go Live,0,Y,y,20 Branch,PT2,01. Persiapan,Ready,,,,24/09/2026,,,,,,#N/A,,,,
13142517,2500_-388_1192_DETUSOKO Expand A,8,  -   ,753841,94.230.125,AREA 3,BALI NUSRA,FLORES,PT2,Telkom Akses,128,11. PT2/Batch 3,Prio Agustus,NY Go Live,0,Y,y,20 Branch,PT2,01. Persiapan,Ready,,,,24/09/2026,,,,,,#N/A,,,,
13138471,2500_-368_1314_ALOR BARAT DAYA Expand A,8,  -   ,753841,94.230.125,AREA 3,BALI NUSRA,FLORES,PT2,Telkom Akses,129,11. PT2/Batch 3,Prio Agustus,NY Go Live,0,Y,y,20 Branch,PT2,01. Persiapan,Ready,,,,24/09/2026,,,,,,#N/A,,,,
13138491,2500_-368_1314_ALOR BARAT DAYA Expand B,8,  -   ,299265,37.408.125,AREA 3,BALI NUSRA,FLORES,PT2,Telkom Akses,130,11. PT2/Batch 3,Prio Agustus,NY Go Live,0,Y,y,20 Branch,PT2,01. Persiapan,Ready,,,,24/09/2026,,,,,,#N/A,,,,
13138768,2500_-379_1109_KOMODO Expand D,8,  -   ,350025,43.753.125,AREA 3,BALI NUSRA,FLORES,PT2,Telkom Akses,134,11. PT2/Batch 3,Prio Agustus,NY Go Live,0,Y,y,20 Branch,PT2,01. Persiapan,Ready,,,,24/09/2026,,,,,,#N/A,,,,
13138899,2500_-379_1109_KOMODO Expand G,8,  -   ,859681,107.460.125,AREA 3,BALI NUSRA,FLORES,PT2,Telkom Akses,137,11. PT2/Batch 3,Prio Agustus,NY Go Live,0,Y,y,20 Branch,PT2,01. Persiapan,Ready,,,,24/09/2026,,,,,,#N/A,,,,
13138938,2500_-378_1109_KOMODO Expand A,8,  -   ,859681,107.460.125,AREA 3,BALI NUSRA,FLORES,PT2,Telkom Akses,138,11. PT2/Batch 3,Prio Agustus,NY Go Live,0,Y,y,20 Branch,PT2,01. Persiapan,Ready,,,,24/09/2026,,,,,,#N/A,,,,
13138978,2500_-378_1109_KOMODO Expand C,8,  -   ,808921,101.115.125,AREA 3,BALI NUSRA,FLORES,PT2,Telkom Akses,140,11. PT2/Batch 3,Prio Agustus,NY Go Live,0,Y,y,20 Branch,PT2,01. Persiapan,Ready,,,,24/09/2026,,,,,,#N/A,,,,
13139000,2500_-378_1109_KOMODO Expand D,8,  -   ,859681,107.460.125,AREA 3,BALI NUSRA,FLORES,PT2,Telkom Akses,141,11. PT2/Batch 3,Prio Agustus,NY Go Live,0,Y,y,20 Branch,PT2,01. Persiapan,Ready,,,,24/09/2026,,,,,,#N/A,,,,
13139018,2500_-378_1109_KOMODO Expand E,8,  -   ,299265,37.408.125,AREA 3,BALI NUSRA,FLORES,PT2,Telkom Akses,142,11. PT2/Batch 3,Prio Agustus,NY Go Live,0,Y,y,20 Branch,PT2,01. Persiapan,Ready,,,,24/09/2026,,,,,,#N/A,,,,
13118842,2500_-372_1245_LARANTUKA Expand E,8,  -   ,808921,101.115.125,AREA 3,BALI NUSRA,FLORES,PT2,Telkom Akses,143,11. PT2/Batch 3,Prio Agustus,NY Go Live,0,Y,y,20 Branch,PT2,01. Persiapan,Ready,,,,24/09/2026,,,,,,#N/A,,,,
13139187,2500_-374_1254_ADONARA TIMUR Expand A,8,  -   ,804601,100.575.125,AREA 3,BALI NUSRA,FLORES,PT2,Telkom Akses,144,11. PT2/Batch 3,Prio Agustus,NY Go Live,0,Y,y,20 Branch,PT2,01. Persiapan,Ready,,,,24/09/2026,,,,,,#N/A,,,,
13139295,2500_-374_1254_ADONARA TIMUR Expand B,8,  -   ,299265,37.408.125,AREA 3,BALI NUSRA,FLORES,PT2,Telkom Akses,145,11. PT2/Batch 3,Prio Agustus,NY Go Live,0,Y,y,20 Branch,PT2,01. Persiapan,Ready,,,,24/09/2026,,,,,,#N/A,,,,
13139330,2500_-374_1254_ADONARA TIMUR Expand C,8,  -   ,299265,37.408.125,AREA 3,BALI NUSRA,FLORES,PT2,Telkom Akses,146,11. PT2/Batch 3,Prio Agustus,NY Go Live,0,Y,y,20 Branch,PT2,01. Persiapan,Ready,,,,24/09/2026,,,,,,#N/A,,,,
13139371,2500_-374_1254_ADONARA TIMUR Expand D,8,  -   ,753841,94.230.125,AREA 3,BALI NUSRA,FLORES,PT2,Telkom Akses,147,11. PT2/Batch 3,Prio Agustus,NY Go Live,0,Y,y,20 Branch,PT2,00. Propose Drop,NY Ready,,,,,QE Repair Core,,,,,#N/A,,,,
13139425,2500_-374_1254_ADONARA TIMUR Expand E,8,  -   ,299265,37.408.125,AREA 3,BALI NUSRA,FLORES,PT2,Telkom Akses,148,11. PT2/Batch 3,Prio Agustus,NY Go Live,0,Y,y,20 Branch,PT2,01. Persiapan,Ready,,,,24/09/2026,,,,,,#N/A,,,,
13134286,2500_-391_1204_PAGA Expand A,8,  -   ,804601,100.575.125,AREA 3,BALI NUSRA,FLORES,PT2,Telkom Akses,149,11. PT2/Batch 3,Prio Agustus,NY Go Live,0,Y,y,20 Branch,PT2,01. Persiapan,Ready,,,,24/09/2026,,,,,,#N/A,,,,
13134303,2500_-391_1204_PAGA Expand B,8,  -   ,299265,37.408.125,AREA 3,BALI NUSRA,FLORES,PT2,Telkom Akses,150,11. PT2/Batch 3,Prio Agustus,NY Go Live,0,Y,y,20 Branch,PT2,01. Persiapan,Ready,,,,24/09/2026,,,,,,#N/A,,,,
13134362,2500_-391_1204_PAGA Expand C,8,  -   ,299265,37.408.125,AREA 3,BALI NUSRA,FLORES,PT2,Telkom Akses,151,11. PT2/Batch 3,Prio Agustus,NY Go Live,0,Y,y,20 Branch,PT2,01. Persiapan,Ready,,,,24/09/2026,,,,,,#N/A,,,,
13135210,2500_-385_1215_KANGAE Expand A,8,  -   ,855361,106.920.125,AREA 3,BALI NUSRA,FLORES,PT2,Telkom Akses,152,11. PT2/Batch 3,Prio Agustus,NY Go Live,0,Y,y,20 Branch,PT2,01. Persiapan,Ready,,,,24/09/2026,,,,,,#N/A,,,,
13135233,2500_-385_1215_KANGAE Expand B,8,  -   ,299265,37.408.125,AREA 3,BALI NUSRA,FLORES,PT2,Telkom Akses,153,11. PT2/Batch 3,Prio Agustus,NY Go Live,0,Y,y,20 Branch,PT2,01. Persiapan,Ready,,,,24/09/2026,,,,,,#N/A,,,,
13141399,2500_-387_1210_NITA Expand A,8,  -   ,855361,106.920.125,AREA 3,BALI NUSRA,FLORES,PT2,Telkom Akses,154,11. PT2/Batch 3,Prio Agustus,NY Go Live,0,Y,y,20 Branch,PT2,01. Persiapan,Ready,,,,26/09/2026,,,,,,#N/A,,,,
13118779,2500_-372_1245_LARANTUKA Less A,8,  -   ,808921,101.115.125,AREA 3,BALI NUSRA,FLORES,PT2,Telkom Akses,164,13. PT2/Batch 5,Prio Agustus,NY Go Live,0,Y,y,20 Branch,PT2,01. Persiapan,Ready,,,,26/09/2026,,,,,,#N/A,,,,
13118802,2500_-372_1245_LARANTUKA Less B,8,  -   ,299265,37.408.125,AREA 3,BALI NUSRA,FLORES,PT2,Telkom Akses,165,13. PT2/Batch 5,Prio Agustus,NY Go Live,0,Y,y,20 Branch,PT2,01. Persiapan,Ready,,,,26/09/2026,,,,,,#N/A,,,,
13118825,2500_-372_1245_LARANTUKA Less C,8,  -   ,350025,43.753.125,AREA 3,BALI NUSRA,FLORES,PT2,Telkom Akses,166,13. PT2/Batch 5,Prio Agustus,NY Go Live,0,Y,y,20 Branch,PT2,01. Persiapan,Ready,,,,26/09/2026,,,,,,#N/A,,,,
13141593,2500_-387_1210_NITA Expand C,8,  -   ,299265,37.408.125,AREA 3,BALI NUSRA,FLORES,PT2,Telkom Akses,167,13. PT2/Batch 5,Prio Agustus,NY Go Live,0,Y,y,20 Branch,PT2,01. Persiapan,Ready,,,,26/09/2026,,,,,,#N/A,,,,
13140010,r_2500_-453_1275_OEBOBO EXPAND E,8,  8 ,859681,107.460.125,AREA 3,BALI NUSRA,KUPANG,PT2,Telkom Akses,176,11. PT2/Batch 3,Prio Agustus,NY Go Live,0,Y,y,20 Branch,PT2,05. Go Live,Ready,,,,,,,,,,#N/A,,,,
13122747,r_2500_-453_1273_KOTA RAJA Expand D,8,  -   ,859681,107.460.125,AREA 3,BALI NUSRA,KUPANG,PT2,Telkom Akses,227,11. PT2/Batch 3,Prio Agustus,NY Go Live,0,Y,y,20 Branch,PT2,01. Persiapan,Ready,,,,26/09/2026,,,,,,#N/A,,,,
13122767,r_2500_-453_1273_KOTA RAJA Expand F,8,  -   ,400785,50.098.125,AREA 3,BALI NUSRA,KUPANG,PT2,Telkom Akses,228,11. PT2/Batch 3,Prio Agustus,NY Go Live,0,Y,y,20 Branch,PT2,01. Persiapan,Ready,,,,26/09/2026,,,,,,#N/A,,,,
11919503,3NTT-WKB-EXPAND-ODP-WKB-FL-11,24,  -   ,2656325,1.106.802.083,AREA 3,BALI NUSRA,KUPANG,PT2,Telkom Akses,229,9. PT2/Batch 2,Prio Agustus,NY Go Live,0,Y,y,20 Branch,PT2,01. Persiapan,Ready,,,,26/09/2026,,,,,,#N/A,,,,
12653935,3NTT-ATB-EXPAND-ODP-ATB-FL-12,16,  -   ,479358,29.959.875,AREA 3,BALI NUSRA,KUPANG,PT2,Telkom Akses,231,9. PT2/Batch 2,Prio Agustus,NY Go Live,0,Y,y,20 Branch,PT2,01. Persiapan,Ready,,,,26/09/2026,,,,,,#N/A,,,,
11908324,OPEN limitasi ONU_ODP-KEF-FE-29,16,  -   ,926703,579.189.375,AREA 3,BALI NUSRA,KUPANG,PT2,Telkom Akses,236,9. PT2/Batch 2,Prio Agustus,NY Go Live,0,Y,y,20 Branch,PT2,01. Persiapan,Ready,,,,26/09/2026,,,,,,#N/A,,,,
13138124,r_2500_-453_1274_KOTA RAJA EXPAND H,8,  -   ,859681,107.460.125,AREA 3,BALI NUSRA,KUPANG,PT2,Telkom Akses,241,9. PT2/Batch 2,Prio Agustus,NY Go Live,0,Y,y,20 Branch,PT2,01. Persiapan,Ready,,,,26/09/2026,,,,,,#N/A,,,,
13135055,r_2500_-429_1087_KOTA WKB-Expand-B,8,  -   ,299265,37.408.125,AREA 3,BALI NUSRA,KUPANG,PT2,Telkom Akses,243,9. PT2/Batch 2,Prio Agustus,NY Go Live,0,Y,y,20 Branch,PT2,01. Persiapan,Ready,,,,26/09/2026,,,,,,#N/A,,,,
13137567,r_2500_-453_1274_KOTA RAJA EXPAND E,8,  -   ,808921,101.115.125,AREA 3,BALI NUSRA,KUPANG,PT2,Telkom Akses,245,9. PT2/Batch 2,Prio Agustus,NY Go Live,0,Y,y,20 Branch,PT2,01. Persiapan,Ready,,,,26/09/2026,,,,,,#N/A,,,,
13138283,r_2500_-421_1313_KEF-Expand-C,8,  -   ,808921,101.115.125,AREA 3,BALI NUSRA,KUPANG,PT2,Telkom Akses,346,9. PT2/Batch 2,Prio Agustus,NY Go Live,0,Y,y,20 Branch,PT2,01. Persiapan,Ready,,,,24/09/2026,,,,,,#N/A,,,,
13134335,r_2500_-405_1331_ATAMBUA BARAT-EXPAND-H,8,  -   ,299265,37.408.125,AREA 3,BALI NUSRA,KUPANG,PT2,Telkom Akses,347,11. PT2/Batch 3,Prio Agustus,NY Go Live,0,Y,y,20 Branch,PT2,01. Persiapan,Ready,,,,19/06/2026,,,,,,#N/A,,,,
13134292,r_2500_-405_1331_ATAMBUA BARAT-EXPAND-G,8,  -   ,859681,107.460.125,AREA 3,BALI NUSRA,KUPANG,PT2,Telkom Akses,348,11. PT2/Batch 3,Prio Agustus,NY Go Live,0,Y,y,20 Branch,PT2,01. Persiapan,Ready,,,,19/06/2026,,,,,,#N/A,,,,
13138243,r_2500_-421_1313_KEF-Expand-A,8,  -   ,299265,37.408.125,AREA 3,BALI NUSRA,KUPANG,PT2,Telkom Akses,350,11. PT2/Batch 3,Prio Agustus,NY Go Live,0,Y,y,20 Branch,PT2,01. Persiapan,Ready,,,,19/06/2026,,,,,,#N/A,,,,
13134213,r_2500_-405_1331_ATAMBUA BARAT-EXPAND-B,8,  -   ,299265,37.408.125,AREA 3,BALI NUSRA,KUPANG,PT2,Telkom Akses,351,11. PT2/Batch 3,Prio Agustus,NY Go Live,0,Y,y,20 Branch,PT2,01. Persiapan,Ready,,,,19/06/2026,,,,,,#N/A,,,,
13134227,r_2500_-405_1331_ATAMBUA BARAT-EXPAND-C,8,  -   ,299265,37.408.125,AREA 3,BALI NUSRA,KUPANG,PT2,Telkom Akses,352,11. PT2/Batch 3,Prio Agustus,NY Go Live,0,Y,y,20 Branch,PT2,01. Persiapan,Ready,,,,19/06/2026,,,,,,#N/A,,,,
13135112,r_2500_-429_1087_KOTA WKB-Expand-C,8,  -   ,299265,37.408.125,AREA 3,BALI NUSRA,KUPANG,PT2,Telkom Akses,355,9. PT2/Batch 2,Prio Agustus,NY Go Live,0,Y,y,20 Branch,PT2,01. Persiapan,Ready,,,,19/06/2026,,,,,,#N/A,,,,
13135236,r_2500_-429_1087_KOTA WKB-Expand-G,8,  -   ,299265,37.408.125,AREA 3,BALI NUSRA,KUPANG,PT2,Telkom Akses,356,9. PT2/Batch 2,Prio Agustus,NY Go Live,0,Y,y,20 Branch,PT2,01. Persiapan,Ready,,,,19/06/2026,,,,,,#N/A,,,,
11908903,3NTT-KPN-EXPAND-ODP-KPN-FJB-54,16,  -   ,926703,579.189.375,AREA 3,BALI NUSRA,KUPANG,PT2,Telkom Akses,362,9. PT2/Batch 2,Prio Agustus,NY Go Live,0,Y,y,20 Branch,PT2,00. Propose Drop,NY Ready,,,,,QE Repair Core,,,,,#N/A,,,,
13229210,R5 SON TIM-JPP-MD- PT3_JALUR-3 KIRI SP2,64,  -   ,57220613,894073,AREA 4,MALUKU DAN PAPUA,TIMIKA,PT3,Telkom Akses,12,28. PT3/Batch 8 thp 3,Prio September,NY Go Live,0,Y,y,20 Branch,#N/A,01. Persiapan,NY Ready,1825,0,14-Okt-26,14-Okt-26,,ANTRIAN PEKERJAAN DARI SERUI MEKAR,,,00. Ny Golive,14/10/2026,,,,
13228885,R5 SON TIM- PT3_JLN KESEHATAN_TIMIKA,72,  -   ,103046597,1431203,AREA 4,MALUKU DAN PAPUA,TIMIKA,PT3,Telkom Akses,10,28. PT3/Batch 8 thp 3,Prio September,NY Go Live,0,Y,y,20 Branch,#N/A,01. Persiapan,NY Ready,4345,0,14-Okt-26,26-Okt-26,,ANTRIAN PEKERJAAN SETELAH JALUR KIRI SP2,,,00. Ny Golive,26/10/2026,,,,
12603653,R5 JYP MRK- MERAUKE_35466_H2_2025,184,  -   ,624554356,3394318,AREA 4,MALUKU DAN PAPUA,TIMIKA,PT3,Telkom Akses,7,28. PT3/Batch 8 thp 3,Prio September,NY Go Live,0,Y,y,20 Branch,#N/A,01. Persiapan,NY Ready,5310,8420,14-Okt-26,26-Okt-26,,TAG tiang 150 batang dari sorong (tunggu jadwal kapal) pekerjaan 17km,,,00. Ny Golive,26/10/2026,,,,
13228389,R5 SON TIM- PT3_BLKG KEUSKUPAN_TIMIKA,88,  -   ,141078562,1603166,AREA 4,MALUKU DAN PAPUA,TIMIKA,PT3,Telkom Akses,6,28. PT3/Batch 8 thp 3,Prio September,NY Go Live,0,Y,y,20 Branch,#N/A,01. Persiapan,NY Ready,4080,0,14-Okt-26,26-Okt-26,,ANTRIAN SETELAH PEKERJAAN HEM WR SUPRATMAN,,,00. Ny Golive,26/10/2026,,,,
12964996,KLABLIM SON TIMUR (ELISAOLIVE),32,  -   ,82088301,2565260,AREA 4,MALUKU DAN PAPUA,SORONG,PT3,Telkom Akses,5,28. PT3/Batch 8 thp 3,Prio September,NY Go Live,0,Y,y,20 Branch,#N/A,01. Persiapan,NY Ready,5231,0,5-Okt-26,11-Okt-26,,"menunggu kabel tiba dari jayapura (tag), antrian pekerjaan setelah cendrawasih",,,00. Ny Golive,11/10/2026,,,,
13241744,R5 SON SON JPP-MD POLYGON JL MALIBELA KLAWALU,200,  -   ,187831422,939158,AREA 4,MALUKU DAN PAPUA,SORONG,PT3,Telkom Akses,3,28. PT3/Batch 8 thp 3,Prio September,NY Go Live,0,Y,y,20 Branch,#N/A,01. Persiapan,NY Ready,623,5369,5-Okt-26,30/09/2026,,menunggu kabel tiba dari jayapura (tag) 20 sept 26,,,00. Ny Golive,30/09/2026,,,,
13286254,R5 SON SON JPP-MD PT3 ODC-SON-FR KPR CENDRAWASIH GREEN PARK,120,  -   ,89388139,744902,AREA 4,MALUKU DAN PAPUA,SORONG,PT3,Telkom Akses,1,28. PT3/Batch 8 thp 3,Prio September,NY Go Live,0,Y,y,20 Branch,#N/A,01. Persiapan,NY Ready,172,2.866,5-Okt-26,30/09/2026,,"menunggu kabel tiba dari jayapura (tag), antrian pekerjaan setelah malibela",,,00. Ny Golive,30/09/2026,,,,
13016800,R5 SON TIM-JPP-MD- PT3_PERUM RAFLES-4,72,  -   ,86324327,1.198.948.986,AREA 4,MALUKU DAN PAPUA,TIMIKA,PT3,Telkom Akses,8,7. PT3/Batch 4b thp 1,Prio September,NY Go Live,0,Y,y,20 Branch,#N/A,05. Go Live,Ready,,,,,,,,,01. Golive,Done,,,,
13016827,R5 SON TIM-JPP-MD- PT3_JLN SERUI MEKAR,88,  -   ,81023974,9.207.269.773,AREA 4,MALUKU DAN PAPUA,TIMIKA,PT3,Telkom Akses,4,7. PT3/Batch 4b thp 1,Prio September,NY Go Live,0,Y,y,20 Branch,#N/A,01. Persiapan,NY Ready,2915,-,14-Okt-26,30/09/2026,,ANTRIAN PEKERJAAN,,,00. Ny Golive,30/09/2026,,,,
12075794,R5 SON TIM PT3 MD MIMIKA 057 G PONGTIKU,48,  -   ,34784697,7.246.811.875,AREA 4,MALUKU DAN PAPUA,TIMIKA,PT3,Telkom Akses,15,4. PT3/Batch 3,Prio September,NY Go Live,0,Y,y,20 Branch,#N/A,05. Go Live,Ready,,,,,,,,,01. Golive,Done,,,,
12075863,R5 SON TIM PT3 MD MIMIKA 058,64,  -   ,61996072,968.688.625,AREA 4,MALUKU DAN PAPUA,TIMIKA,PT3,Telkom Akses,14,4. PT3/Batch 3,Prio September,NY Go Live,0,Y,y,20 Branch,#N/A,05. Go Live,Ready,,,,,,,,,01. Golive,Done,,,,
11420115,R5 SON MWR PT3 MD FANINDI KUA (Jul),16,  -   ,23918760,"1494922,5",AREA 4,MALUKU DAN PAPUA,SORONG,PT3,Telkom Akses,343,4. PT3/Batch 3,Prio Agustus,NY Go Live,0,Y,y,20 Branch,PT3,00. Propose Drop,,,,,,Kendala izin,drop perizinan,,,00. Ny Golive,Drop,,,,
11085980,R5-JYP-TIM-JPP-MD-MIMIKA_028,72,  -   ,76746490,1.065.923.472,AREA 4,MALUKU DAN PAPUA,TIMIKA,PT3,Telkom Akses,253,3. PT3/Batch 2,Prio Agustus,NY Go Live,0,Y,y,20 Branch,PT3,05. Go Live,Ready,,,,,,,,,01. Golive,Done,,,,
10551796,R7 SON FFA PT3-JPP24 KAYU MERAH,8,  -   ,8471271,1.058.908.875,AREA 4,MALUKU DAN PAPUA,SORONG,PT3,Telkom Akses,181,4. PT3/Batch 3,Prio Agustus,NY Go Live,0,Y,y,20 Branch,PT3,00. Propose Drop,,,,,,Kendala izin,drop perizinan,,,00. Ny Golive,Drop,,,,
10551792,R7 SON FFA PT3-JPP24 PURA AGUNG NIRATHA,8,  -   ,14297835,1.787.229.375,AREA 4,MALUKU DAN PAPUA,SORONG,PT3,Telkom Akses,175,4. PT3/Batch 3,Prio Agustus,NY Go Live,0,Y,y,20 Branch,PT3,00. Propose Drop,,,,,,Kendala izin,drop perizinan,,,00. Ny Golive,Drop,,,,
13016819,R5 SON TIM-JPP-MD-PT3_JLN KELIMUTU 1 - 2,72,  -   ,83808661,1.164.009.181,AREA 4,MALUKU DAN PAPUA,TIMIKA,PT3,Telkom Akses,16,7. PT3/Batch 4b,Prio Agustus,NY Go Live,0,Y,y,20 Branch,PT3,03. OGP Instalasi,Ready,3205,-,,19/09/2026,,,,,00. Ny Golive,19/09/2026,,,,
12377772,12377772-PT2 UNTSEL,8,  -   ,3336331,417.041.375,AREA 4,MALUKU DAN PAPUA,SORONG,PT2,Telkom Akses,8,9. PT2/Batch 2,Prio September,NY Go Live,0,Y,y,20 Branch,#N/A,01. Persiapan,NY Ready,,,,,,,,,,#N/A,,,,
13207506,ODP-FFA-FG/12,8,  -   ,935944,116993,AREA 4,MALUKU DAN PAPUA,SORONG,PT2,Telkom Akses,6,20. PT2/Batch 7 thp 2,Prio September,NY Go Live,0,Y,y,20 Branch,#N/A,00. Propose Drop,NY Ready,,,,,"Irisan Cleansing Port 2,3 Jt",,,,,#N/A,,,,
13208786,ODP-MWR-FE/91,8,  -   ,935944,116993,AREA 4,MALUKU DAN PAPUA,SORONG,PT2,Telkom Akses,22,20. PT2/Batch 7 thp 2,Prio September,NY Go Live,0,Y,y,20 Branch,#N/A,00. Propose Drop,NY Ready,,,,,"Irisan Cleansing Port 2,3 Jt",,,,,#N/A,,,,
13069687,R5 JYP MRK-ODP EXPAND ODP-MRK-FQ046,8,  -   ,1272195,159.024.375,AREA 4,MALUKU DAN PAPUA,TIMIKA,PT2,Telkom Akses,387,19. PT2/Batch 7 UNTSEL,Prio Agustus,NY Go Live,0,Y,y,20 Branch,PT2,05. Go Live,Ready,,,,,,,,,,#N/A,,,,
13244240,ODP-MRK-FM/001,8,  -   ,1745220,"218152,5",AREA 4,MALUKU DAN PAPUA,TIMIKA,PT2,Telkom Akses,386,20. PT2/Batch 7,Prio Agustus,NY Go Live,0,Y,y,20 Branch,PT2,00. Propose Drop,NY Ready,,,,,"Irisan Cleansing Port 2,3 Jt",,,,,#N/A,,,,
12297612,R5-JYP ODP-BAD-FKB-043,8,  -   ,599693,74.961.625,AREA 4,MALUKU DAN PAPUA,TIMIKA,PT2,Telkom Akses,381,2. PT2/Batch 1,Prio Agustus,NY Go Live,0,Y,y,20 Branch,PT2,00. Propose Drop,NY Ready,,,,,"Irisan Cleansing Port 2,3 Jt",,,,,#N/A,,,,
12297621,R5-JYP ODP-BAD-FKB-044,8,  -   ,599693,74.961.625,AREA 4,MALUKU DAN PAPUA,TIMIKA,PT2,Telkom Akses,380,2. PT2/Batch 1,Prio Agustus,NY Go Live,0,Y,y,20 Branch,PT2,01. Persiapan,NY Ready,,,,,,,,,,#N/A,,,,
13246101,ODP-MRK-FAC/088,8,  -   ,1745220,"218152,5",AREA 4,MALUKU DAN PAPUA,TIMIKA,PT2,Telkom Akses,379,20. PT2/Batch 7,Prio Agustus,NY Go Live,0,Y,y,20 Branch,PT2,00. Propose Drop,NY Ready,,,,,"Irisan Cleansing Port 2,3 Jt",,,,,#N/A,,,,
12636088,R5-JYP-ODP-TMR-FB080,8,  -   ,599693,74.961.625,AREA 4,MALUKU DAN PAPUA,TIMIKA,PT2,Telkom Akses,374,2. PT2/Batch 1,Prio Agustus,NY Go Live,0,Y,y,20 Branch,PT2,04. Finish Instalasi,Ready,,,,,,,,,,#N/A,,,,
12636050,R5-JYP-ODP-TMR-FA066,8,  -   ,599693,74.961.625,AREA 4,MALUKU DAN PAPUA,TIMIKA,PT2,Telkom Akses,372,2. PT2/Batch 1,Prio Agustus,NY Go Live,0,Y,y,20 Branch,PT2,04. Finish Instalasi,Ready,,,,,,,,,,#N/A,,,,
13244279,ODP-TMR-FA/035,8,  -   ,1745220,"218152,5",AREA 4,MALUKU DAN PAPUA,TIMIKA,PT2,Telkom Akses,370,20. PT2/Batch 7,Prio Agustus,NY Go Live,0,Y,y,20 Branch,PT2,01. Persiapan,NY Ready,,,,,,,,,,#N/A,,,,
12636086,R5-JYP-ODP-TMR-FA072,8,  -   ,599693,74.961.625,AREA 4,MALUKU DAN PAPUA,TIMIKA,PT2,Telkom Akses,364,2. PT2/Batch 1,Prio Agustus,NY Go Live,0,Y,y,20 Branch,PT2,00. Propose Drop,NY Ready,,,,,"Irisan Cleansing Port 2,3 Jt",,,,,#N/A,,,,
12635927,R5-JYP-ODP-TMR-FA017,8,  -   ,599693,74.961.625,AREA 4,MALUKU DAN PAPUA,TIMIKA,PT2,Telkom Akses,362,2. PT2/Batch 1,Prio Agustus,NY Go Live,0,Y,y,20 Branch,PT2,00. Propose Drop,NY Ready,,,,,"Irisan Cleansing Port 2,3 Jt",,,,,#N/A,,,,
12628584,R5-JYP-ODP-TMR-FA013,8,  -   ,599693,74.961.625,AREA 4,MALUKU DAN PAPUA,TIMIKA,PT2,Telkom Akses,360,2. PT2/Batch 1,Prio Agustus,NY Go Live,0,Y,y,20 Branch,PT2,00. Propose Drop,NY Ready,,,,,"Irisan Cleansing Port 2,3 Jt",,,,,#N/A,,,,
12628562,R5-JYP-ODP-TMR-FB025,8,  -   ,599693,74.961.625,AREA 4,MALUKU DAN PAPUA,TIMIKA,PT2,Telkom Akses,358,2. PT2/Batch 1,Prio Agustus,NY Go Live,0,Y,y,20 Branch,PT2,00. Propose Drop,NY Ready,,,,,"Irisan Cleansing Port 2,3 Jt",,,,,#N/A,,,,
12203314,R5-JYP-ODP-MRK-FJ-24,8,  -   ,599693,74.961.625,AREA 4,MALUKU DAN PAPUA,TIMIKA,PT2,Telkom Akses,350,2. PT2/Batch 1,Prio Agustus,NY Go Live,0,Y,y,20 Branch,PT2,01. Persiapan,NY Ready,,,,,,,,,,#N/A,,,,
12658778,R5-JYP ODP-MRK-FD-095,8,  -   ,599693,74.961.625,AREA 4,MALUKU DAN PAPUA,TIMIKA,PT2,Telkom Akses,346,2. PT2/Batch 1,Prio Agustus,NY Go Live,0,Y,y,20 Branch,PT2,00. Propose Drop,NY Ready,,,,,"Irisan Cleansing Port 2,3 Jt",,,,,#N/A,,,,
12658776,R5-JYP ODP-MRK-FJ-06,8,  -   ,599693,74.961.625,AREA 4,MALUKU DAN PAPUA,TIMIKA,PT2,Telkom Akses,344,2. PT2/Batch 1,Prio Agustus,NY Go Live,0,Y,y,20 Branch,PT2,01. Persiapan,NY Ready,,,,,,,,,,#N/A,,,,
12658145,R5-JYP-ODP-MRK-FN-031,8,  -   ,599693,74.961.625,AREA 4,MALUKU DAN PAPUA,TIMIKA,PT2,Telkom Akses,341,2. PT2/Batch 1,Prio Agustus,NY Go Live,0,Y,y,20 Branch,PT2,05. Go Live,Ready,,,,,,,,,,#N/A,,,,
13207743,ODP-KIN-FCA/91,8,  -   ,935944,116993,AREA 4,MALUKU DAN PAPUA,SORONG,PT2,Telkom Akses,340,20. PT2/Batch 7,Prio Agustus,NY Go Live,0,Y,y,20 Branch,PT2,01. Persiapan,NY Ready,,,,,,,,,,#N/A,,,,
12645069,R5-JYP-ODP-MRK-FT030,8,  -   ,599693,74.961.625,AREA 4,MALUKU DAN PAPUA,TIMIKA,PT2,Telkom Akses,338,2. PT2/Batch 1,Prio Agustus,NY Go Live,0,Y,y,20 Branch,PT2,00. Propose Drop,NY Ready,,,,,"Irisan Cleansing Port 2,3 Jt",,,,,#N/A,,,,
12297583,R5-JYP ODP-BAD-FKB-020,8,  -   ,599693,74.961.625,AREA 4,MALUKU DAN PAPUA,TIMIKA,PT2,Telkom Akses,334,2. PT2/Batch 1,Prio Agustus,NY Go Live,0,Y,y,20 Branch,PT2,00. Propose Drop,NY Ready,,,,,"Irisan Cleansing Port 2,3 Jt",,,,,#N/A,,,,
13208064,ODP-KIN-FC/51,8,  -   ,935944,116993,AREA 4,MALUKU DAN PAPUA,SORONG,PT2,Telkom Akses,333,20. PT2/Batch 7,Prio Agustus,NY Go Live,0,Y,y,20 Branch,PT2,01. Persiapan,NY Ready,,,,,,,,,,#N/A,,,,
12297572,R5-JYP ODP-BAD-FKA-081,8,  -   ,599693,74.961.625,AREA 4,MALUKU DAN PAPUA,TIMIKA,PT2,Telkom Akses,331,2. PT2/Batch 1,Prio Agustus,NY Go Live,0,Y,y,20 Branch,PT2,00. Propose Drop,NY Ready,,,,,"Irisan Cleansing Port 2,3 Jt",,,,,#N/A,,,,
13208568,ODP-KIN-FC/95,8,  -   ,935944,116993,AREA 4,MALUKU DAN PAPUA,SORONG,PT2,Telkom Akses,330,20. PT2/Batch 7,Prio Agustus,NY Go Live,0,Y,y,20 Branch,PT2,00. Propose Drop,NY Ready,,,,,"Irisan Cleansing Port 2,3 Jt",,,,,#N/A,,,,
12297536,R5-JYP ODP-BAD-FKA-042,8,  -   ,599693,74.961.625,AREA 4,MALUKU DAN PAPUA,TIMIKA,PT2,Telkom Akses,328,2. PT2/Batch 1,Prio Agustus,NY Go Live,0,Y,y,20 Branch,PT2,01. Persiapan,NY Ready,,,,,,,,,,#N/A,,,,
13208758,ODP-KIN-FC/62,8,  -   ,935944,116993,AREA 4,MALUKU DAN PAPUA,SORONG,PT2,Telkom Akses,327,20. PT2/Batch 7,Prio Agustus,NY Go Live,0,Y,y,20 Branch,PT2,00. Propose Drop,NY Ready,,,,,"Irisan Cleansing Port 2,3 Jt",,,,,#N/A,,,,
12297532,R5-JYP ODP-BAD-FKA-020,8,  -   ,599693,74.961.625,AREA 4,MALUKU DAN PAPUA,TIMIKA,PT2,Telkom Akses,325,2. PT2/Batch 1,Prio Agustus,NY Go Live,0,Y,y,20 Branch,PT2,00. Propose Drop,NY Ready,,,,,"Irisan Cleansing Port 2,3 Jt",,,,,#N/A,,,,
12196365,R5-JYP-ODP-BAD-FKB-108,8,  -   ,599693,74.961.625,AREA 4,MALUKU DAN PAPUA,TIMIKA,PT2,Telkom Akses,322,2. PT2/Batch 1,Prio Agustus,NY Go Live,0,Y,y,20 Branch,PT2,00. Propose Drop,NY Ready,,,,,"Irisan Cleansing Port 2,3 Jt",,,,,#N/A,,,,
13208729,ODP-MWR-FF/49,8,  -   ,935944,116993,AREA 4,MALUKU DAN PAPUA,SORONG,PT2,Telkom Akses,13,20. PT2/Batch 7,Prio Agustus,NY Go Live,0,Y,y,20 Branch,PT2,00. Propose Drop,NY Ready,,,,,"Irisan Cleansing Port 2,3 Jt",,,,,#N/A,,,,
13237948,ODP-TMB-FA/001,8,  -   ,935944,116993,AREA 4,MALUKU DAN PAPUA,SORONG,PT2,Telkom Akses,14,20. PT2/Batch 7,Prio Agustus,NY Go Live,0,Y,y,20 Branch,PT2,01. Persiapan,NY Ready,,,,,,,,,,#N/A,,,,
12196378,R5-JYP-ODP-BAD-FKA-011,8,  -   ,599693,74.961.625,AREA 4,MALUKU DAN PAPUA,TIMIKA,PT2,Telkom Akses,319,2. PT2/Batch 1,Prio Agustus,NY Go Live,0,Y,y,20 Branch,PT2,00. Propose Drop,NY Ready,,,,,"Irisan Cleansing Port 2,3 Jt",,,,,#N/A,,,,
13208779,ODP-TMB-FB/44,8,  -   ,935944,116993,AREA 4,MALUKU DAN PAPUA,SORONG,PT2,Telkom Akses,22,20. PT2/Batch 7,Prio Agustus,NY Go Live,0,Y,y,20 Branch,PT2,01. Persiapan,NY Ready,,,,,,,,,,#N/A,,,,
12297805,R5- JYP ODP-AGT-FAA-006,8,  -   ,599693,74.961.625,AREA 4,MALUKU DAN PAPUA,TIMIKA,PT2,Telkom Akses,23,2. PT2/Batch 1,Prio Agustus,NY Go Live,0,Y,y,20 Branch,PT2,00. Propose Drop,NY Ready,,,,,"Irisan Cleansing Port 2,3 Jt",,,,,#N/A,,,,
12196376,R5-JYP-ODP-BAD-FKB-012,8,  -   ,599693,74.961.625,AREA 4,MALUKU DAN PAPUA,TIMIKA,PT2,Telkom Akses,316,2. PT2/Batch 1,Prio Agustus,NY Go Live,0,Y,y,20 Branch,PT2,00. Propose Drop,NY Ready,,,,,"Irisan Cleansing Port 2,3 Jt",,,,,#N/A,,,,
13208782,ODP-MWR-FJ/19,8,  -   ,935944,116993,AREA 4,MALUKU DAN PAPUA,SORONG,PT2,Telkom Akses,29,20. PT2/Batch 7,Prio Agustus,NY Go Live,0,Y,y,20 Branch,PT2,00. Propose Drop,NY Ready,,,,,"Irisan Cleansing Port 2,3 Jt",,,,,#N/A,,,,
13237949,ODP-TMB-FA/027,8,  -   ,935944,116993,AREA 4,MALUKU DAN PAPUA,SORONG,PT2,Telkom Akses,30,20. PT2/Batch 7,Prio Agustus,NY Go Live,0,Y,y,20 Branch,PT2,00. Propose Drop,NY Ready,,,,,"Irisan Cleansing Port 2,3 Jt",,,,,#N/A,,,,
12636256,R5 JYP AGT- ODP EXPAND ODP-AGT-FAA-009,8,  -   ,599693,74.961.625,AREA 4,MALUKU DAN PAPUA,TIMIKA,PT2,Telkom Akses,31,2. PT2/Batch 1,Prio Agustus,NY Go Live,0,Y,y,20 Branch,PT2,00. Propose Drop,NY Ready,,,,,"Irisan Cleansing Port 2,3 Jt",,,,,#N/A,,,,
13217537,ODP-TIM-FAH/087,8,  -   ,1745220,"218152,5",AREA 4,MALUKU DAN PAPUA,TIMIKA,PT2,Telkom Akses,32,20. PT2/Batch 7,Prio Agustus,NY Go Live,0,Y,y,20 Branch,PT2,01. Persiapan,NY Ready,,,,,,,,,,#N/A,,,,
13205268,ODP-TIM-FAB/163,8,  -   ,1745220,"218152,5",AREA 4,MALUKU DAN PAPUA,TIMIKA,PT2,Telkom Akses,313,20. PT2/Batch 7,Prio Agustus,NY Go Live,0,Y,y,20 Branch,PT2,00. Propose Drop,NY Ready,,,,,"Irisan Cleansing Port 2,3 Jt",,,,,#N/A,,,,
11420044,"11420044-PT3-SON-FD-RUFEI, SORONG BARAT,",16,  -   ,8484866,530.304.125,AREA 4,MALUKU DAN PAPUA,SORONG,PT2,Telkom Akses,38,9. PT2/Batch 2,Prio Agustus,NY Go Live,0,Y,y,20 Branch,PT2,01. Persiapan,NY Ready,,,,,,,,,,#N/A,,,,
12636965,R5 JYP AGT- ODP EXPAND ODP-AGT-FAA-049,8,  -   ,599693,74.961.625,AREA 4,MALUKU DAN PAPUA,TIMIKA,PT2,Telkom Akses,39,2. PT2/Batch 1,Prio Agustus,NY Go Live,0,Y,y,20 Branch,PT2,00. Propose Drop,NY Ready,,,,,"Irisan Cleansing Port 2,3 Jt",,,,,#N/A,,,,
12196370,R5-JYP-ODP-BAD-FKB-034,8,  -   ,599693,74.961.625,AREA 4,MALUKU DAN PAPUA,TIMIKA,PT2,Telkom Akses,312,2. PT2/Batch 1,Prio Agustus,NY Go Live,0,Y,y,20 Branch,PT2,00. Propose Drop,NY Ready,,,,,"Irisan Cleansing Port 2,3 Jt",,,,,#N/A,,,,
13208792,ODP-MWR-FH/79,8,  -   ,935944,116993,AREA 4,MALUKU DAN PAPUA,SORONG,PT2,Telkom Akses,45,20. PT2/Batch 7,Prio Agustus,NY Go Live,0,Y,y,20 Branch,PT2,01. Persiapan,NY Ready,,,,,,,,,,#N/A,,,,
11461078,"11461078-PT2-SON-FGA-MALABUTOR, SORONG M",8,  -   ,2928125,366.015.625,AREA 4,MALUKU DAN PAPUA,SORONG,PT2,Telkom Akses,46,9. PT2/Batch 2,Prio Agustus,NY Go Live,0,Y,y,20 Branch,PT2,01. Persiapan,NY Ready,,,,,,,,,,#N/A,,,,
12637677,R5 JYP AGT- ODP EXPAND ODP-AGT-FAA-054,8,  -   ,599693,74.961.625,AREA 4,MALUKU DAN PAPUA,TIMIKA,PT2,Telkom Akses,47,2. PT2/Batch 1,Prio Agustus,NY Go Live,0,Y,y,20 Branch,PT2,00. Propose Drop,NY Ready,,,,,"Irisan Cleansing Port 2,3 Jt",,,,,#N/A,,,,
12196369,R5-JYP-ODP-BAD-FKB-064,8,  -   ,599693,74.961.625,AREA 4,MALUKU DAN PAPUA,TIMIKA,PT2,Telkom Akses,309,2. PT2/Batch 1,Prio Agustus,NY Go Live,0,Y,y,20 Branch,PT2,00. Propose Drop,NY Ready,,,,,"Irisan Cleansing Port 2,3 Jt",,,,,#N/A,,,,
12196368,R5-JYP-ODP-BAD-FKB-076,8,  -   ,599693,74.961.625,AREA 4,MALUKU DAN PAPUA,TIMIKA,PT2,Telkom Akses,306,2. PT2/Batch 1,Prio Agustus,NY Go Live,0,Y,y,20 Branch,PT2,00. Propose Drop,NY Ready,,,,,"Irisan Cleansing Port 2,3 Jt",,,,,#N/A,,,,
12196367,R5-JYP-ODP-BAD-FKB-101,8,  -   ,599693,74.961.625,AREA 4,MALUKU DAN PAPUA,TIMIKA,PT2,Telkom Akses,303,2. PT2/Batch 1,Prio Agustus,NY Go Live,0,Y,y,20 Branch,PT2,01. Persiapan,NY Ready,,,,,,,,,,#N/A,,,,
13208761,ODP-SON-FH/16,8,  -   ,935944,116993,AREA 4,MALUKU DAN PAPUA,SORONG,PT2,Telkom Akses,54,20. PT2/Batch 7,Prio Agustus,NY Go Live,0,Y,y,20 Branch,PT2,01. Persiapan,NY Ready,,,,,,,,,,#N/A,,,,
12637706,R5 JYP AGT- ODP EXPAND ODP-AGT-FAA-056,8,  -   ,599693,74.961.625,AREA 4,MALUKU DAN PAPUA,TIMIKA,PT2,Telkom Akses,55,2. PT2/Batch 1,Prio Agustus,NY Go Live,0,Y,y,20 Branch,PT2,00. Propose Drop,NY Ready,,,,,"Irisan Cleansing Port 2,3 Jt",,,,,#N/A,,,,
13207273,ODP-WMR-FB/008,8,  8 ,935944,116993,AREA 4,MALUKU DAN PAPUA,SORONG,PT2,Telkom Akses,302,20. PT2/Batch 7,Prio Agustus,NY Go Live,0,Y,y,20 Branch,PT2,05. Go Live,Ready,,,,,,,,,,#N/A,,,,
12196363,R5-JYP-ODP-BAD-FKB-123,8,  -   ,599693,74.961.625,AREA 4,MALUKU DAN PAPUA,TIMIKA,PT2,Telkom Akses,300,2. PT2/Batch 1,Prio Agustus,NY Go Live,0,Y,y,20 Branch,PT2,00. Propose Drop,NY Ready,,,,,"Irisan Cleansing Port 2,3 Jt",,,,,#N/A,,,,
13207441,ODP-MWR-FG/067,8,  -   ,935944,116993,AREA 4,MALUKU DAN PAPUA,SORONG,PT2,Telkom Akses,61,20. PT2/Batch 7,Prio Agustus,NY Go Live,0,Y,y,20 Branch,PT2,00. Propose Drop,NY Ready,,,,,"Irisan Cleansing Port 2,3 Jt",,,,,#N/A,,,,
13207436,ODP-MWR-FF/62,8,  -   ,935944,116993,AREA 4,MALUKU DAN PAPUA,SORONG,PT2,Telkom Akses,62,20. PT2/Batch 7,Prio Agustus,NY Go Live,0,Y,y,20 Branch,PT2,00. Propose Drop,NY Ready,,,,,"Irisan Cleansing Port 2,3 Jt",,,,,#N/A,,,,
13237964,ODP-RSK-FA/035,8,  -   ,935944,116993,AREA 4,MALUKU DAN PAPUA,SORONG,PT2,Telkom Akses,299,20. PT2/Batch 7,Prio Agustus,NY Go Live,0,Y,y,20 Branch,PT2,00. Propose Drop,NY Ready,,,,,"Irisan Cleansing Port 2,3 Jt",,,,,#N/A,,,,
12637870,R5 JYP AGT- ODP EXPAND ODP-AGT-FAA-035,8,  -   ,599693,74.961.625,AREA 4,MALUKU DAN PAPUA,TIMIKA,PT2,Telkom Akses,64,2. PT2/Batch 1,Prio Agustus,NY Go Live,0,Y,y,20 Branch,PT2,00. Propose Drop,NY Ready,,,,,"Irisan Cleansing Port 2,3 Jt",,,,,#N/A,,,,
12636374,R5-JYP-ODP-BAD-FKB037,8,  -   ,599693,74.961.625,AREA 4,MALUKU DAN PAPUA,TIMIKA,PT2,Telkom Akses,297,2. PT2/Batch 1,Prio Agustus,NY Go Live,0,Y,y,20 Branch,PT2,01. Persiapan,NY Ready,,,,,,,,,,#N/A,,,,
13106671,ODP-RSK-FA/003,8,  -   ,935944,116993,AREA 4,MALUKU DAN PAPUA,SORONG,PT2,Telkom Akses,296,20. PT2/Batch 7,Prio Agustus,NY Go Live,0,Y,y,20 Branch,PT2,01. Persiapan,NY Ready,,,,,,,,,,#N/A,,,,
12297533,R5-JYP ODP-BAD-FKA-033,8,  -   ,599693,74.961.625,AREA 4,MALUKU DAN PAPUA,TIMIKA,PT2,Telkom Akses,294,2. PT2/Batch 1,Prio Agustus,NY Go Live,0,Y,y,20 Branch,PT2,00. Propose Drop,NY Ready,,,,,"Irisan Cleansing Port 2,3 Jt",,,,,#N/A,,,,
13153156,R5 SON NAB ODP EXP ODP-NAB-FL026,8,  -   ,1272195,159.024.375,AREA 4,MALUKU DAN PAPUA,SORONG,PT2,Telkom Akses,293,19. PT2/Batch 7 UNTSEL,Prio Agustus,NY Go Live,0,Y,y,20 Branch,PT2,05. Go Live,Ready,,,,,,,,,,#N/A,,,,
13106791,R5 SON NAB ODP EXP ODP-NAB-FB114,8,  -   ,1272195,159.024.375,AREA 4,MALUKU DAN PAPUA,SORONG,PT2,Telkom Akses,289,19. PT2/Batch 7 UNTSEL,Prio Agustus,NY Go Live,0,Y,y,20 Branch,PT2,05. Go Live,Ready,,,,,,,,,,#N/A,,,,
12297608,R5-JYP ODP-BAD-FKB-021,8,  -   ,599693,74.961.625,AREA 4,MALUKU DAN PAPUA,TIMIKA,PT2,Telkom Akses,286,2. PT2/Batch 1,Prio Agustus,NY Go Live,0,Y,y,20 Branch,PT2,00. Propose Drop,NY Ready,,,,,"Irisan Cleansing Port 2,3 Jt",,,,,#N/A,,,,
13207328,ODP-MWR-FM/081,8,  -   ,935944,116993,AREA 4,MALUKU DAN PAPUA,SORONG,PT2,Telkom Akses,79,20. PT2/Batch 7,Prio Agustus,NY Go Live,0,Y,y,20 Branch,PT2,00. Propose Drop,NY Ready,,,,,"Irisan Cleansing Port 2,3 Jt",,,,,#N/A,,,,
13237957,ODP-NAB-FH/011,8,  -   ,935944,116993,AREA 4,MALUKU DAN PAPUA,SORONG,PT2,Telkom Akses,285,20. PT2/Batch 7,Prio Agustus,NY Go Live,0,Y,y,20 Branch,PT2,00. Propose Drop,NY Ready,,,,,"Irisan Cleansing Port 2,3 Jt",,,,,#N/A,,,,
12638315,R5 JYP AGT- ODP EXPAND ODP-AGT-FAA-002,8,  -   ,599693,74.961.625,AREA 4,MALUKU DAN PAPUA,TIMIKA,PT2,Telkom Akses,81,2. PT2/Batch 1,Prio Agustus,NY Go Live,0,Y,y,20 Branch,PT2,00. Propose Drop,NY Ready,,,,,"Irisan Cleansing Port 2,3 Jt",,,,,#N/A,,,,
13244287,ODP-TIM-FAK/007,8,  -   ,1745220,"218152,5",AREA 4,MALUKU DAN PAPUA,TIMIKA,PT2,Telkom Akses,82,20. PT2/Batch 7,Prio Agustus,NY Go Live,0,Y,y,20 Branch,PT2,01. Persiapan,NY Ready,,,,,,,,,,#N/A,,,,
13207282,ODP-MWR-FL/028,8,  -   ,935944,116993,AREA 4,MALUKU DAN PAPUA,SORONG,PT2,Telkom Akses,88,20. PT2/Batch 7,Prio Agustus,NY Go Live,0,Y,y,20 Branch,PT2,01. Persiapan,NY Ready,,,,,,,,,,#N/A,,,,
12660030,R5-JYP ODP-AGT-FAA-118,8,  -   ,599693,74.961.625,AREA 4,MALUKU DAN PAPUA,TIMIKA,PT2,Telkom Akses,282,2. PT2/Batch 1,Prio Agustus,NY Go Live,0,Y,y,20 Branch,PT2,00. Propose Drop,NY Ready,,,,,"Irisan Cleansing Port 2,3 Jt",,,,,#N/A,,,,
12638354,R5 JYP AGT- ODP EXPAND ODP-AGT-FAA-005,8,  -   ,599693,74.961.625,AREA 4,MALUKU DAN PAPUA,TIMIKA,PT2,Telkom Akses,90,2. PT2/Batch 1,Prio Agustus,NY Go Live,0,Y,y,20 Branch,PT2,00. Propose Drop,NY Ready,,,,,"Irisan Cleansing Port 2,3 Jt",,,,,#N/A,,,,
13205269,ODP-TIM-FAB/161,8,  -   ,1745220,"218152,5",AREA 4,MALUKU DAN PAPUA,TIMIKA,PT2,Telkom Akses,91,20. PT2/Batch 7,Prio Agustus,NY Go Live,0,Y,y,20 Branch,PT2,00. Propose Drop,NY Ready,,,,,"Irisan Cleansing Port 2,3 Jt",,,,,#N/A,,,,
13237963,ODP-NAB-FM/030,8,  -   ,935944,116993,AREA 4,MALUKU DAN PAPUA,SORONG,PT2,Telkom Akses,281,20. PT2/Batch 7,Prio Agustus,NY Go Live,0,Y,y,20 Branch,PT2,00. Propose Drop,NY Ready,,,,,"Irisan Cleansing Port 2,3 Jt",,,,,#N/A,,,,
12660024,R5-JYP ODP-AGT-FAA-114,8,  -   ,599693,74.961.625,AREA 4,MALUKU DAN PAPUA,TIMIKA,PT2,Telkom Akses,279,2. PT2/Batch 1,Prio Agustus,NY Go Live,0,Y,y,20 Branch,PT2,00. Propose Drop,NY Ready,,,,,"Irisan Cleansing Port 2,3 Jt",,,,,#N/A,,,,
13207277,ODP-NAB-FC/110,8,  -   ,935944,116993,AREA 4,MALUKU DAN PAPUA,SORONG,PT2,Telkom Akses,274,20. PT2/Batch 7,Prio Agustus,NY Go Live,0,Y,y,20 Branch,PT2,00. Propose Drop,NY Ready,,,,,"Irisan Cleansing Port 2,3 Jt",,,,,#N/A,,,,
12638373,R5 JYP AGT- ODP EXPAND ODP-AGT-FAA-058,8,  -   ,599693,74.961.625,AREA 4,MALUKU DAN PAPUA,TIMIKA,PT2,Telkom Akses,99,2. PT2/Batch 1,Prio Agustus,NY Go Live,0,Y,y,20 Branch,PT2,00. Propose Drop,NY Ready,,,,,"Irisan Cleansing Port 2,3 Jt",,,,,#N/A,,,,
12660027,R5-JYP ODP-AGT-FAA-116,8,  -   ,599693,74.961.625,AREA 4,MALUKU DAN PAPUA,TIMIKA,PT2,Telkom Akses,271,2. PT2/Batch 1,Prio Agustus,NY Go Live,0,Y,y,20 Branch,PT2,00. Propose Drop,NY Ready,,,,,"Irisan Cleansing Port 2,3 Jt",,,,,#N/A,,,,
13207326,ODP-NAB-FJ/017,8,  -   ,935944,116993,AREA 4,MALUKU DAN PAPUA,SORONG,PT2,Telkom Akses,270,20. PT2/Batch 7,Prio Agustus,NY Go Live,0,Y,y,20 Branch,PT2,01. Persiapan,NY Ready,,,,,,,,,,#N/A,,,,
13207321,ODP-SON-FV/001,8,  -   ,935944,116993,AREA 4,MALUKU DAN PAPUA,SORONG,PT2,Telkom Akses,107,20. PT2/Batch 7,Prio Agustus,NY Go Live,0,Y,y,20 Branch,PT2,00. Propose Drop,NY Ready,,,,,"Irisan Cleansing Port 2,3 Jt",,,,,#N/A,,,,
12638438,R5 JYP AGT- ODP EXPAND ODP-AGT-FAA-027,8,  -   ,599693,74.961.625,AREA 4,MALUKU DAN PAPUA,TIMIKA,PT2,Telkom Akses,108,2. PT2/Batch 1,Prio Agustus,NY Go Live,0,Y,y,20 Branch,PT2,01. Persiapan,NY Ready,,,,,,,,,,#N/A,,,,
12659961,R5-JYP ODP-AGT-FAA-110,8,  -   ,599693,74.961.625,AREA 4,MALUKU DAN PAPUA,TIMIKA,PT2,Telkom Akses,268,2. PT2/Batch 1,Prio Agustus,NY Go Live,0,Y,y,20 Branch,PT2,00. Propose Drop,NY Ready,,,,,"Irisan Cleansing Port 2,3 Jt",,,,,#N/A,,,,
12659954,R5-JYP ODP-AGT-FAA-101,8,  -   ,599693,74.961.625,AREA 4,MALUKU DAN PAPUA,TIMIKA,PT2,Telkom Akses,265,2. PT2/Batch 1,Prio Agustus,NY Go Live,0,Y,y,20 Branch,PT2,01. Persiapan,NY Ready,,,,,,,,,,#N/A,,,,
12638639,R5 JYP AGT- ODP EXPAND ODP-AGT-FAA-025,8,  -   ,599693,74.961.625,AREA 4,MALUKU DAN PAPUA,TIMIKA,PT2,Telkom Akses,115,2. PT2/Batch 1,Prio Agustus,NY Go Live,0,Y,y,20 Branch,PT2,00. Propose Drop,NY Ready,,,,,"Irisan Cleansing Port 2,3 Jt",,,,,#N/A,,,,
13068669,R5 SON TIM-ODP EXP ODP-TIM-FV170,8,  -   ,1272195,159.024.375,AREA 4,MALUKU DAN PAPUA,TIMIKA,PT2,Telkom Akses,116,19. PT2/Batch 7 UNTSEL,Prio Agustus,NY Go Live,0,Y,y,20 Branch,PT2,05. Go Live,Ready,,,,,,,,,,#N/A,,,,
13169240,R5 SON MWR ODP EXP ODP-MWR-CLD12,8,  -   ,1272195,159.024.375,AREA 4,MALUKU DAN PAPUA,SORONG,PT2,Telkom Akses,122,19. PT2/Batch 7 UNTSEL,Prio Agustus,NY Go Live,0,Y,y,20 Branch,PT2,05. Go Live,Ready,,,,,,,,,,#N/A,,,,
12638679,R5 JYP AGT- ODP EXPAND ODP-AGT-FAA-028,8,  -   ,599693,74.961.625,AREA 4,MALUKU DAN PAPUA,TIMIKA,PT2,Telkom Akses,123,2. PT2/Batch 1,Prio Agustus,NY Go Live,0,Y,y,20 Branch,PT2,01. Persiapan,NY Ready,,,,,,,,,,#N/A,,,,
12650118,R5 SON TIM ODP EXP ODP-TIM-FV196,8,  -   ,1272195,159.024.375,AREA 4,MALUKU DAN PAPUA,TIMIKA,PT2,Telkom Akses,124,19. PT2/Batch 7 UNTSEL,Prio Agustus,NY Go Live,0,Y,y,20 Branch,PT2,05. Go Live,Ready,,,,,,,,,,#N/A,,,,
13057186,R5 SON MWR ODP EXP ODP-MWR-CLA02,8,  -   ,1272195,159.024.375,AREA 4,MALUKU DAN PAPUA,SORONG,PT2,Telkom Akses,129,19. PT2/Batch 7 UNTSEL,Prio Agustus,NY Go Live,0,Y,y,20 Branch,PT2,05. Go Live,Ready,,,,,,,,,,#N/A,,,,
12638766,R5 JYP AGT- ODP EXPAND ODP-AGT-FAA-099,8,  -   ,599693,74.961.625,AREA 4,MALUKU DAN PAPUA,TIMIKA,PT2,Telkom Akses,130,2. PT2/Batch 1,Prio Agustus,NY Go Live,0,Y,y,20 Branch,PT2,01. Persiapan,NY Ready,,,,,,,,,,#N/A,,,,
13069044,R5 SON TIM-ODP EXP ODP-TIM-FT010,8,  -   ,1272195,159.024.375,AREA 4,MALUKU DAN PAPUA,TIMIKA,PT2,Telkom Akses,131,19. PT2/Batch 7 UNTSEL,Prio Agustus,NY Go Live,0,Y,y,20 Branch,PT2,05. Go Live,Ready,,,,,,,,,,#N/A,,,,
12659943,R5-JYP ODP-AGT-FAA-138,8,  -   ,599693,74.961.625,AREA 4,MALUKU DAN PAPUA,TIMIKA,PT2,Telkom Akses,261,2. PT2/Batch 1,Prio Agustus,NY Go Live,0,Y,y,20 Branch,PT2,00. Propose Drop,NY Ready,,,,,"Irisan Cleansing Port 2,3 Jt",,,,,#N/A,,,,
12643043,R5 JYP AGT- ODP EXPAND ODP-AGT-FAA-135,8,  -   ,599693,74.961.625,AREA 4,MALUKU DAN PAPUA,TIMIKA,PT2,Telkom Akses,135,2. PT2/Batch 1,Prio Agustus,NY Go Live,0,Y,y,20 Branch,PT2,00. Propose Drop,NY Ready,,,,,"Irisan Cleansing Port 2,3 Jt",,,,,#N/A,,,,
12643018,R5 JYP AGT- ODP EXPAND ODP-AGT-FAA-134,8,  -   ,599693,74.961.625,AREA 4,MALUKU DAN PAPUA,TIMIKA,PT2,Telkom Akses,258,2. PT2/Batch 1,Prio Agustus,NY Go Live,0,Y,y,20 Branch,PT2,01. Persiapan,NY Ready,,,,,,,,,,#N/A,,,,
12638750,R5 JYP AGT- ODP EXPAND ODP-AGT-FAA-086,8,  -   ,599693,74.961.625,AREA 4,MALUKU DAN PAPUA,TIMIKA,PT2,Telkom Akses,255,2. PT2/Batch 1,Prio Agustus,NY Go Live,0,Y,y,20 Branch,PT2,00. Propose Drop,NY Ready,,,,,"Irisan Cleansing Port 2,3 Jt",,,,,#N/A,,,,
13208116,ODP-NAB-FF/74,8,  -   ,935944,116993,AREA 4,MALUKU DAN PAPUA,SORONG,PT2,Telkom Akses,254,20. PT2/Batch 7,Prio Agustus,NY Go Live,0,Y,y,20 Branch,PT2,00. Propose Drop,NY Ready,,,,,"Irisan Cleansing Port 2,3 Jt",,,,,#N/A,,,,
12659960,R5-JYP ODP-AGT-FAA-105,8,  -   ,599693,74.961.625,AREA 4,MALUKU DAN PAPUA,TIMIKA,PT2,Telkom Akses,141,2. PT2/Batch 1,Prio Agustus,NY Go Live,0,Y,y,20 Branch,PT2,00. Propose Drop,NY Ready,,,,,"Irisan Cleansing Port 2,3 Jt",,,,,#N/A,,,,
13217546,ODP-TIM-FU/098,8,  -   ,1745220,"218152,5",AREA 4,MALUKU DAN PAPUA,TIMIKA,PT2,Telkom Akses,142,20. PT2/Batch 7,Prio Agustus,NY Go Live,0,Y,y,20 Branch,PT2,00. Propose Drop,NY Ready,,,,,"Irisan Cleansing Port 2,3 Jt",,,,,#N/A,,,,
13208118,ODP-MWR-FE/83,8,  -   ,935944,116993,AREA 4,MALUKU DAN PAPUA,SORONG,PT2,Telkom Akses,146,20. PT2/Batch 7,Prio Agustus,NY Go Live,0,Y,y,20 Branch,PT2,00. Propose Drop,NY Ready,,,,,"Irisan Cleansing Port 2,3 Jt",,,,,#N/A,,,,
12659966,R5-JYP ODP-AGT-FAA-111,8,  -   ,599693,74.961.625,AREA 4,MALUKU DAN PAPUA,TIMIKA,PT2,Telkom Akses,147,2. PT2/Batch 1,Prio Agustus,NY Go Live,0,Y,y,20 Branch,PT2,00. Propose Drop,NY Ready,,,,,"Irisan Cleansing Port 2,3 Jt",,,,,#N/A,,,,
12638592,R5 JYP AGT- ODP EXPAND ODP-AGT-FAA-012,8,  -   ,599693,74.961.625,AREA 4,MALUKU DAN PAPUA,TIMIKA,PT2,Telkom Akses,250,2. PT2/Batch 1,Prio Agustus,NY Go Live,0,Y,y,20 Branch,PT2,00. Propose Drop,NY Ready,,,,,"Irisan Cleansing Port 2,3 Jt",,,,,#N/A,,,,
12638563,R5 JYP AGT- ODP EXPAND ODP-AGT-FAA-011,8,  -   ,599693,74.961.625,AREA 4,MALUKU DAN PAPUA,TIMIKA,PT2,Telkom Akses,245,2. PT2/Batch 1,Prio Agustus,NY Go Live,0,Y,y,20 Branch,PT2,00. Propose Drop,NY Ready,,,,,"Irisan Cleansing Port 2,3 Jt",,,,,#N/A,,,,
12638525,R5 JYP AGT- ODP EXPAND ODP-AGT-FAA-040,8,  -   ,599693,74.961.625,AREA 4,MALUKU DAN PAPUA,TIMIKA,PT2,Telkom Akses,240,2. PT2/Batch 1,Prio Agustus,NY Go Live,0,Y,y,20 Branch,PT2,01. Persiapan,NY Ready,,,,,,,,,,#N/A,,,,
12638475,R5 JYP AGT- ODP EXPAND ODP-AGT-FAA-039,8,  -   ,599693,74.961.625,AREA 4,MALUKU DAN PAPUA,TIMIKA,PT2,Telkom Akses,235,2. PT2/Batch 1,Prio Agustus,NY Go Live,0,Y,y,20 Branch,PT2,00. Propose Drop,NY Ready,,,,,"Irisan Cleansing Port 2,3 Jt",,,,,#N/A,,,,
12637957,R5 JYP AGT- ODP EXPAND ODP-AGT-FAA-016,8,  -   ,599693,74.961.625,AREA 4,MALUKU DAN PAPUA,TIMIKA,PT2,Telkom Akses,230,2. PT2/Batch 1,Prio Agustus,NY Go Live,0,Y,y,20 Branch,PT2,00. Propose Drop,NY Ready,,,,,"Irisan Cleansing Port 2,3 Jt",,,,,#N/A,,,,
12660035,R5-JYP ODP-AGT-FAA-125,8,  -   ,599693,74.961.625,AREA 4,MALUKU DAN PAPUA,TIMIKA,PT2,Telkom Akses,164,2. PT2/Batch 1,Prio Agustus,NY Go Live,0,Y,y,20 Branch,PT2,00. Propose Drop,NY Ready,,,,,"Irisan Cleansing Port 2,3 Jt",,,,,#N/A,,,,
13205292,ODP-TIM-FAE/25,8,  -   ,2440999,305.124.875,AREA 4,MALUKU DAN PAPUA,TIMIKA,PT2,Telkom Akses,165,20. PT2/Batch 7,Prio Agustus,NY Go Live,0,Y,y,20 Branch,PT2,00. Propose Drop,NY Ready,,,,,"Irisan Cleansing Port 2,3 Jt",,,,,#N/A,,,,
12196380,R5-JYP-ODP-AGT-FAA-014,8,  -   ,599693,74.961.625,AREA 4,MALUKU DAN PAPUA,TIMIKA,PT2,Telkom Akses,170,2. PT2/Batch 1,Prio Agustus,NY Go Live,0,Y,y,20 Branch,PT2,00. Propose Drop,NY Ready,,,,,"Irisan Cleansing Port 2,3 Jt",,,,,#N/A,,,,
13208539,ODP-TBG-FC/1,8,  -   ,2346244,"293280,5",AREA 4,MALUKU DAN PAPUA,TIMIKA,PT2,Telkom Akses,220,20. PT2/Batch 7,Prio Agustus,NY Go Live,0,Y,y,20 Branch,PT2,00. Propose Drop,NY Ready,,,,,"Irisan Cleansing Port 2,3 Jt",,,,,#N/A,,,,
12196383,R5-JYP-ODP-AGT-FAA-010,8,  -   ,599693,74.961.625,AREA 4,MALUKU DAN PAPUA,TIMIKA,PT2,Telkom Akses,176,2. PT2/Batch 1,Prio Agustus,NY Go Live,0,Y,y,20 Branch,PT2,00. Propose Drop,NY Ready,,,,,"Irisan Cleansing Port 2,3 Jt",,,,,#N/A,,,,
13116132,R5 SON KUK ODP EXP ODP-KUK-F07021.,8,  -   ,1272195,159.024.375,AREA 4,MALUKU DAN PAPUA,TIMIKA,PT2,Telkom Akses,177,19. PT2/Batch 7 UNTSEL,Prio Agustus,NY Go Live,0,Y,y,20 Branch,PT2,05. Go Live,Ready,,,,,,,,,,#N/A,,,,
12297803,R5- JYP ODP-AGT-FAA-003,8,  -   ,599693,74.961.625,AREA 4,MALUKU DAN PAPUA,TIMIKA,PT2,Telkom Akses,182,2. PT2/Batch 1,Prio Agustus,NY Go Live,0,Y,y,20 Branch,PT2,00. Propose Drop,NY Ready,,,,,"Irisan Cleansing Port 2,3 Jt",,,,,#N/A,,,,
12637782,R5 JYP AGT- ODP EXPAND ODP-AGT-FAA-088,8,  -   ,599693,74.961.625,AREA 4,MALUKU DAN PAPUA,TIMIKA,PT2,Telkom Akses,219,2. PT2/Batch 1,Prio Agustus,NY Go Live,0,Y,y,20 Branch,PT2,01. Persiapan,NY Ready,,,,,,,,,,#N/A,,,,
13208731,ODP-KIN-FC/59,8,  -   ,935944,116993,AREA 4,MALUKU DAN PAPUA,SORONG,PT2,Telkom Akses,187,20. PT2/Batch 7,Prio Agustus,NY Go Live,0,Y,y,20 Branch,PT2,00. Propose Drop,NY Ready,,,,,"Irisan Cleansing Port 2,3 Jt",,,,,#N/A,,,,
13208745,ODP-MWR-FB/118,8,  -   ,935944,116993,AREA 4,MALUKU DAN PAPUA,SORONG,PT2,Telkom Akses,188,20. PT2/Batch 7,Prio Agustus,NY Go Live,0,Y,y,20 Branch,PT2,00. Propose Drop,NY Ready,,,,,"Irisan Cleansing Port 2,3 Jt",,,,,#N/A,,,,
12297807,R5- JYP ODP-AGT-FAA-117,8,  -   ,599693,74.961.625,AREA 4,MALUKU DAN PAPUA,TIMIKA,PT2,Telkom Akses,189,2. PT2/Batch 1,Prio Agustus,NY Go Live,0,Y,y,20 Branch,PT2,00. Propose Drop,NY Ready,,,,,"Irisan Cleansing Port 2,3 Jt",,,,,#N/A,,,,
13208540,ODP-TBG-FC/62,8,  -   ,2440999,305.124.875,AREA 4,MALUKU DAN PAPUA,TIMIKA,PT2,Telkom Akses,214,20. PT2/Batch 7,Prio Agustus,NY Go Live,0,Y,y,20 Branch,PT2,00. Propose Drop,NY Ready,,,,,"Irisan Cleansing Port 2,3 Jt",,,,,#N/A,,,,
12609949,R5 JYP ODP-AGT-FAA-160,8,  -   ,599693,74.961.625,AREA 4,MALUKU DAN PAPUA,TIMIKA,PT2,Telkom Akses,195,2. PT2/Batch 1,Prio Agustus,NY Go Live,0,Y,y,20 Branch,PT2,00. Propose Drop,NY Ready,,,,,"Irisan Cleansing Port 2,3 Jt",,,,,#N/A,,,,
13207709,ODP-KIN-FC/55,8,  -   ,935944,116993,AREA 4,MALUKU DAN PAPUA,SORONG,PT2,Telkom Akses,212,20. PT2/Batch 7,Prio Agustus,NY Go Live,0,Y,y,20 Branch,PT2,00. Propose Drop,NY Ready,,,,,"Irisan Cleansing Port 2,3 Jt",,,,,#N/A,,,,
12636219,R5 JYP AGT- ODP EXPAND ODP-AGT-FAA-008,8,  -   ,599693,74.961.625,AREA 4,MALUKU DAN PAPUA,TIMIKA,PT2,Telkom Akses,201,2. PT2/Batch 1,Prio Agustus,NY Go Live,0,Y,y,20 Branch,PT2,01. Persiapan,NY Ready,,,,,,,,,,#N/A,,,,
13208538,ODP-TBG-FC/66,8,  -   ,2440999,305.124.875,AREA 4,MALUKU DAN PAPUA,TIMIKA,PT2,Telkom Akses,208,20. PT2/Batch 7,Prio Agustus,NY Go Live,0,Y,y,20 Branch,PT2,01. Persiapan,NY Ready,,,,,,,,,,#N/A,,,,